id,claim,label,evidence,source,category
1,The square root of 2809 is 50.,Contradicted,Correct fact: 53^2=2809,Computed,mathematics
2,The atomic number of Magnesium is 17.,Contradicted,Correct fact: Magnesium: Z=12,IUPAC Periodic Table,chemistry
3,44 multiplied by 39 equals 1716.,Verified,44*39=1716,Computed,arithmetic
4,A secret tunnel reportedly connects the main railway station of Budapest to a hidden vault.,Unverified,"No verifiable source exists; claim is speculative, private, unrecorded or about the future.",N/A,rumor
5,There is a species of beetle living only in a single cave near Tehran that has never been catalogued.,Unverified,"No verifiable source exists; claim is speculative, private, unrecorded or about the future.",N/A,speculation
6,667 plus 439 equals 1106.,Verified,667+439=1106,Computed,arithmetic
7,102 plus 459 equals 561.,Verified,102+459=561,Computed,arithmetic
8,948 plus 260 equals 1218.,Contradicted,Correct fact: 948+260=1208,Computed,arithmetic
9,The next major earthquake in Kazakhstan will occur in the month of November 2035.,Unverified,"No verifiable source exists; claim is speculative, private, unrecorded or about the future.",N/A,future-prediction
10,The mayor of Kathmandu privately decided in 1982 to rename a bridge after a childhood friend.,Unverified,"No verifiable source exists; claim is speculative, private, unrecorded or about the future.",N/A,unrecorded-detail
11,82 multiplied by 19 equals 1559.,Contradicted,Correct fact: 82*19=1558,Computed,arithmetic
12,116 plus 830 equals 1046.,Contradicted,Correct fact: 116+830=946,Computed,arithmetic
13,750 plus 332 equals 1082.,Verified,750+332=1082,Computed,arithmetic
14,The printing press was introduced in Europe by Gutenberg around in 1443.,Contradicted,Correct fact: The printing press was introduced in Europe by Gutenberg around: 1440,Encyclopaedia Britannica,history
15,-21 degrees Celsius equals -10.8 degrees Fahrenheit.,Contradicted,Correct fact: F=C*9/5+32=-5.8,SI / standard conversion,units
16,77 degrees Celsius equals 170.6 degrees Fahrenheit.,Verified,F=C*9/5+32=170.6,SI / standard conversion,units
17,The chemical symbol for Fluorine is Ag.,Contradicted,Correct fact: Fluorine: symbol F,IUPAC Periodic Table,chemistry
18,There is a species of beetle living only in a single cave near Vientiane that has never been catalogued.,Unverified,"No verifiable source exists; claim is speculative, private, unrecorded or about the future.",N/A,speculation
19,28 hours equal 2800 minutes.,Contradicted,Correct fact: 1 h = 60 min,SI definition,units
20,An undiscovered manuscript in a library in Jerusalem contains an unknown play by J. R. R. Tolkien.,Unverified,"No verifiable source exists; claim is speculative, private, unrecorded or about the future.",N/A,speculation
21,The mayor of Jakarta privately decided in 1963 to rename a bridge after a childhood friend.,Unverified,"No verifiable source exists; claim is speculative, private, unrecorded or about the future.",N/A,unrecorded-detail
22,67 plus 578 equals 645.,Verified,67+578=645,Computed,arithmetic
23,Neha Kulkarni ate a banana for lunch on 23 June 2002.,Unverified,"No verifiable source exists; claim is speculative, private, unrecorded or about the future.",N/A,personal-private
24,Berlin is the capital city of Germany.,Verified,Capital of Germany = Berlin,CIA World Factbook / UN,geography
25,15 degrees Celsius equals 77 degrees Fahrenheit.,Contradicted,Correct fact: F=C*9/5+32=59,SI / standard conversion,units
26,97 degrees Celsius equals 224.6 degrees Fahrenheit.,Contradicted,Correct fact: F=C*9/5+32=206.6,SI / standard conversion,units
27,The next major earthquake in Finland will occur in the month of November 2033.,Unverified,"No verifiable source exists; claim is speculative, private, unrecorded or about the future.",N/A,future-prediction
28,718 plus 201 equals 917.,Contradicted,Correct fact: 718+201=919,Computed,arithmetic
29,38 multiplied by 33 equals 1264.,Contradicted,Correct fact: 38*33=1254,Computed,arithmetic
30,638 plus 917 equals 1555.,Verified,638+917=1555,Computed,arithmetic
31,"By 2071, the population of Nigeria will exceed 700 million.",Unverified,"No verifiable source exists; claim is speculative, private, unrecorded or about the future.",N/A,future-prediction
32,Miguel de Cervantes is the author of Ulysses.,Contradicted,Correct fact: Ulysses -> James Joyce,Library of Congress catalogue,literature
33,"People in Montevideo are, on average, 4 percent happier on Tuesdays than on Wednesdays.",Unverified,"No verifiable source exists; claim is speculative, private, unrecorded or about the future.",N/A,unsourced-claim
34,The chemical symbol for Sulfur is S.,Verified,Sulfur: symbol S,IUPAC Periodic Table,chemistry
35,386 plus 571 equals 957.,Verified,386+571=957,Computed,arithmetic
36,An undiscovered manuscript in a library in New Delhi contains an unknown play by Herman Melville.,Unverified,"No verifiable source exists; claim is speculative, private, unrecorded or about the future.",N/A,speculation
37,296 plus 782 equals 1178.,Contradicted,Correct fact: 296+782=1078,Computed,arithmetic
38,The grandmother of Neha Kulkarni once met a famous scientist in Kampala in 1936.,Unverified,"No verifiable source exists; claim is speculative, private, unrecorded or about the future.",N/A,personal-private
39,"People in Algiers are, on average, 9 percent happier on Tuesdays than on Wednesdays.",Unverified,"No verifiable source exists; claim is speculative, private, unrecorded or about the future.",N/A,unsourced-claim
40,The grandmother of Ananya Das once met a famous scientist in Nairobi in 1941.,Unverified,"No verifiable source exists; claim is speculative, private, unrecorded or about the future.",N/A,personal-private
41,Ancient traders from Romania secretly reached the Americas around the year 619.,Unverified,"No verifiable source exists; claim is speculative, private, unrecorded or about the future.",N/A,speculation
42,Ancient traders from India secretly reached the Americas around the year 674.,Unverified,"No verifiable source exists; claim is speculative, private, unrecorded or about the future.",N/A,speculation
43,884 plus 263 equals 1147.,Verified,884+263=1147,Computed,arithmetic
44,91 multiplied by 52 equals 4733.,Contradicted,Correct fact: 91*52=4732,Computed,arithmetic
45,472 plus 618 equals 1091.,Contradicted,Correct fact: 472+618=1090,Computed,arithmetic
46,"Exactly 4,164 people walked through a street market in Prague on 13 July 2001.",Unverified,"No verifiable source exists; claim is speculative, private, unrecorded or about the future.",N/A,unrecorded-detail
47,280 plus 610 equals 890.,Verified,280+610=890,Computed,arithmetic
48,"Exactly 47,752 people walked through a street market in Amsterdam on 24 April 1963.",Unverified,"No verifiable source exists; claim is speculative, private, unrecorded or about the future.",N/A,unrecorded-detail
49,A secret tunnel reportedly connects the main railway station of Havana to a hidden vault.,Unverified,"No verifiable source exists; claim is speculative, private, unrecorded or about the future.",N/A,rumor
50,The next major earthquake in Hungary will occur in the month of February 2059.,Unverified,"No verifiable source exists; claim is speculative, private, unrecorded or about the future.",N/A,future-prediction
51,The next major earthquake in Russia will occur in the month of February 2044.,Unverified,"No verifiable source exists; claim is speculative, private, unrecorded or about the future.",N/A,future-prediction
52,"People in Quito are, on average, 9 percent happier on Tuesdays than on Wednesdays.",Unverified,"No verifiable source exists; claim is speculative, private, unrecorded or about the future.",N/A,unsourced-claim
53,21 multiplied by 13 equals 273.,Verified,21*13=273,Computed,arithmetic
54,"418 kilometres equals 418,000 metres.",Verified,1 km = 1000 m,SI definition,units
55,245 is a composite number.,Verified,245 divisible by 5,Computed,mathematics
56,The square root of 289 is 17.,Verified,17^2=289,Computed,mathematics
57,The capital of Ireland is Dublin.,Verified,Capital of Ireland = Dublin,CIA World Factbook / UN,geography
58,26 plus 737 equals 765.,Contradicted,Correct fact: 26+737=763,Computed,arithmetic
59,916 plus 551 equals 1467.,Verified,916+551=1467,Computed,arithmetic
60,174 plus 907 equals 1080.,Contradicted,Correct fact: 174+907=1081,Computed,arithmetic
61,"By 2086, the population of Mongolia will exceed 600 million.",Unverified,"No verifiable source exists; claim is speculative, private, unrecorded or about the future.",N/A,future-prediction
62,Madame Bovary was written by Gustave Flaubert.,Verified,Madame Bovary -> Gustave Flaubert,Library of Congress catalogue,literature
63,"304 kilometres equals 30,400 metres.",Contradicted,Correct fact: 1 km = 1000 m,SI definition,units
64,Helium has 2 protons in a neutral atom's nucleus.,Verified,Helium: Z=2,IUPAC Periodic Table,chemistry
65,"234 kilometres equals 234,000 metres.",Verified,1 km = 1000 m,SI definition,units
66,A tiger sighted near Canberra in 1909 weighed exactly 190 kg.,Unverified,"No verifiable source exists; claim is speculative, private, unrecorded or about the future.",N/A,unrecorded-detail
67,Ancient traders from Ethiopia secretly reached the Americas around the year 754.,Unverified,"No verifiable source exists; claim is speculative, private, unrecorded or about the future.",N/A,speculation
68,An undiscovered manuscript in a library in Abuja contains an unknown play by Jane Austen.,Unverified,"No verifiable source exists; claim is speculative, private, unrecorded or about the future.",N/A,speculation
69,"People in Jerusalem are, on average, 3 percent happier on Tuesdays than on Wednesdays.",Unverified,"No verifiable source exists; claim is speculative, private, unrecorded or about the future.",N/A,unsourced-claim
70,The next major earthquake in Venezuela will occur in the month of February 2048.,Unverified,"No verifiable source exists; claim is speculative, private, unrecorded or about the future.",N/A,future-prediction
71,74 multiplied by 36 equals 2664.,Verified,74*36=2664,Computed,arithmetic
72,95 multiplied by 53 equals 5015.,Contradicted,Correct fact: 95*53=5035,Computed,arithmetic
73,An undiscovered manuscript in a library in Pretoria contains an unknown play by F. Scott Fitzgerald.,Unverified,"No verifiable source exists; claim is speculative, private, unrecorded or about the future.",N/A,speculation
74,An undiscovered manuscript in a library in Wellington contains an unknown play by Munshi Premchand.,Unverified,"No verifiable source exists; claim is speculative, private, unrecorded or about the future.",N/A,speculation
75,"265 kilometres equals 26,500 metres.",Contradicted,Correct fact: 1 km = 1000 m,SI definition,units
76,39 multiplied by 16 equals 634.,Contradicted,Correct fact: 39*16=624,Computed,arithmetic
77,28 multiplied by 90 equals 2520.,Verified,28*90=2520,Computed,arithmetic
78,Dr. Karan Bhatia published a study in the Proceedings of the Local Research Circle in 2008 proving a cure for the common cold.,Unverified,"No verifiable source exists; claim is speculative, private, unrecorded or about the future.",N/A,unsourced-claim
79,Ahmed Siddiqui ate a salad for lunch on 23 March 2014.,Unverified,"No verifiable source exists; claim is speculative, private, unrecorded or about the future.",N/A,personal-private
80,An undiscovered manuscript in a library in Ulaanbaatar contains an unknown play by J. R. R. Tolkien.,Unverified,"No verifiable source exists; claim is speculative, private, unrecorded or about the future.",N/A,speculation
81,The square root of 529 is 24.,Contradicted,Correct fact: 23^2=529,Computed,mathematics
82,80 multiplied by 39 equals 3110.,Contradicted,Correct fact: 80*39=3120,Computed,arithmetic
83,The grandmother of Priya Nair once met a famous scientist in Berlin in 1965.,Unverified,"No verifiable source exists; claim is speculative, private, unrecorded or about the future.",N/A,personal-private
84,An undiscovered manuscript in a library in Tehran contains an unknown play by Victor Hugo.,Unverified,"No verifiable source exists; claim is speculative, private, unrecorded or about the future.",N/A,speculation
85,"People in Canberra are, on average, 4 percent happier on Tuesdays than on Wednesdays.",Unverified,"No verifiable source exists; claim is speculative, private, unrecorded or about the future.",N/A,unsourced-claim
86,83 is a prime number.,Verified,83 is prime,Computed,mathematics
87,Ancient traders from Canada secretly reached the Americas around the year 938.,Unverified,"No verifiable source exists; claim is speculative, private, unrecorded or about the future.",N/A,speculation
88,811 plus 60 equals 871.,Verified,811+60=871,Computed,arithmetic
89,The mayor of Islamabad privately decided in 1975 to rename a bridge after a childhood friend.,Unverified,"No verifiable source exists; claim is speculative, private, unrecorded or about the future.",N/A,unrecorded-detail
90,There is a species of beetle living only in a single cave near Baghdad that has never been catalogued.,Unverified,"No verifiable source exists; claim is speculative, private, unrecorded or about the future.",N/A,speculation
91,92 plus 636 equals 828.,Contradicted,Correct fact: 92+636=728,Computed,arithmetic
92,A tiger sighted near Amsterdam in 1948 weighed exactly 152 kg.,Unverified,"No verifiable source exists; claim is speculative, private, unrecorded or about the future.",N/A,unrecorded-detail
93,188 plus 793 equals 982.,Contradicted,Correct fact: 188+793=981,Computed,arithmetic
94,801 plus 145 equals 946.,Verified,801+145=946,Computed,arithmetic
95,The grandmother of Neha Kulkarni once met a famous scientist in Bogota in 1951.,Unverified,"No verifiable source exists; claim is speculative, private, unrecorded or about the future.",N/A,personal-private
96,983 plus 820 equals 1803.,Verified,983+820=1803,Computed,arithmetic
97,623 plus 555 equals 1178.,Verified,623+555=1178,Computed,arithmetic
98,159 plus 332 equals 591.,Contradicted,Correct fact: 159+332=491,Computed,arithmetic
99,Dr. Sanjay Rao published a study in the Journal of Applied Obscure Studies in 2005 proving a cure for the common cold.,Unverified,"No verifiable source exists; claim is speculative, private, unrecorded or about the future.",N/A,unsourced-claim
100,The next major earthquake in Cambodia will occur in the month of February 2052.,Unverified,"No verifiable source exists; claim is speculative, private, unrecorded or about the future.",N/A,future-prediction
101,391 plus 698 equals 1099.,Contradicted,Correct fact: 391+698=1089,Computed,arithmetic
102,The mayor of Kampala privately decided in 2001 to rename a bridge after a childhood friend.,Unverified,"No verifiable source exists; claim is speculative, private, unrecorded or about the future.",N/A,unrecorded-detail
103,691 plus 660 equals 1351.,Verified,691+660=1351,Computed,arithmetic
104,Ancient traders from Norway secretly reached the Americas around the year 1085.,Unverified,"No verifiable source exists; claim is speculative, private, unrecorded or about the future.",N/A,speculation
105,32 multiplied by 55 equals 1750.,Contradicted,Correct fact: 32*55=1760,Computed,arithmetic
106,"Exactly 3,550 people walked through a street market in Quito on 26 January 1997.",Unverified,"No verifiable source exists; claim is speculative, private, unrecorded or about the future.",N/A,unrecorded-detail
107,904 plus 245 equals 1147.,Contradicted,Correct fact: 904+245=1149,Computed,arithmetic
108,The square root of 576 is 23.,Contradicted,Correct fact: 24^2=576,Computed,mathematics
109,64 multiplied by 57 equals 3648.,Verified,64*57=3648,Computed,arithmetic
110,75 multiplied by 56 equals 4210.,Contradicted,Correct fact: 75*56=4200,Computed,arithmetic
111,"127 kilometres equals 12,700 metres.",Contradicted,Correct fact: 1 km = 1000 m,SI definition,units
112,"345 kilometres equals 34,500 metres.",Contradicted,Correct fact: 1 km = 1000 m,SI definition,units
113,An undiscovered manuscript in a library in Abuja contains an unknown play by Arundhati Roy.,Unverified,"No verifiable source exists; claim is speculative, private, unrecorded or about the future.",N/A,speculation
114,"92 kilometres equals 9,200 metres.",Contradicted,Correct fact: 1 km = 1000 m,SI definition,units
115,A tiger sighted near Ulaanbaatar in 1935 weighed exactly 166 kg.,Unverified,"No verifiable source exists; claim is speculative, private, unrecorded or about the future.",N/A,unrecorded-detail
116,Ancient traders from Czech Republic secretly reached the Americas around the year 331.,Unverified,"No verifiable source exists; claim is speculative, private, unrecorded or about the future.",N/A,speculation
117,A tiger sighted near Dodoma in 1951 weighed exactly 212 kg.,Unverified,"No verifiable source exists; claim is speculative, private, unrecorded or about the future.",N/A,unrecorded-detail
118,90 multiplied by 96 equals 8639.,Contradicted,Correct fact: 90*96=8640,Computed,arithmetic
119,The stock price of a randomly chosen company will rise exactly 29% next year.,Unverified,"No verifiable source exists; claim is speculative, private, unrecorded or about the future.",N/A,future-prediction
120,31 hours equal 1860 minutes.,Verified,1 h = 60 min,SI definition,units
121,The mayor of Helsinki privately decided in 1961 to rename a bridge after a childhood friend.,Unverified,"No verifiable source exists; claim is speculative, private, unrecorded or about the future.",N/A,unrecorded-detail
122,96 multiplied by 28 equals 2678.,Contradicted,Correct fact: 96*28=2688,Computed,arithmetic
123,"33 kilometres equals 33,000 metres.",Verified,1 km = 1000 m,SI definition,units
124,57 multiplied by 76 equals 4331.,Contradicted,Correct fact: 57*76=4332,Computed,arithmetic
125,A secret tunnel reportedly connects the main railway station of Islamabad to a hidden vault.,Unverified,"No verifiable source exists; claim is speculative, private, unrecorded or about the future.",N/A,rumor
126,636 plus 507 equals 1141.,Contradicted,Correct fact: 636+507=1143,Computed,arithmetic
127,90 plus 599 equals 687.,Contradicted,Correct fact: 90+599=689,Computed,arithmetic
128,The grandmother of Rohan Mehta once met a famous scientist in Berlin in 1970.,Unverified,"No verifiable source exists; claim is speculative, private, unrecorded or about the future.",N/A,personal-private
129,513 plus 120 equals 633.,Verified,513+120=633,Computed,arithmetic
130,262 plus 770 equals 1022.,Contradicted,Correct fact: 262+770=1032,Computed,arithmetic
131,61 multiplied by 44 equals 2684.,Verified,61*44=2684,Computed,arithmetic
132,-8 degrees Celsius equals 35.6 degrees Fahrenheit.,Contradicted,Correct fact: F=C*9/5+32=17.6,SI / standard conversion,units
133,An undiscovered manuscript in a library in Abuja contains an unknown play by William Shakespeare.,Unverified,"No verifiable source exists; claim is speculative, private, unrecorded or about the future.",N/A,speculation
134,352 plus 577 equals 1029.,Contradicted,Correct fact: 352+577=929,Computed,arithmetic
135,496 plus 734 equals 1230.,Verified,496+734=1230,Computed,arithmetic
136,72 multiplied by 46 equals 3312.,Verified,72*46=3312,Computed,arithmetic
137,69 degrees Celsius equals 147.2 degrees Fahrenheit.,Contradicted,Correct fact: F=C*9/5+32=156.2,SI / standard conversion,units
138,152 plus 51 equals 202.,Contradicted,Correct fact: 152+51=203,Computed,arithmetic
139,52 plus 956 equals 998.,Contradicted,Correct fact: 52+956=1008,Computed,arithmetic
140,The capital of Spain is Madrid.,Verified,Capital of Spain = Madrid,CIA World Factbook / UN,geography
141,"By 2100, the population of India will exceed 800 million.",Unverified,"No verifiable source exists; claim is speculative, private, unrecorded or about the future.",N/A,future-prediction
142,The first Sputnik satellite was launched in 1966.,Contradicted,Correct fact: The first Sputnik satellite was launched: 1957,Encyclopaedia Britannica,history
143,"435 kilometres equals 43,500 metres.",Contradicted,Correct fact: 1 km = 1000 m,SI definition,units
144,279 plus 404 equals 681.,Contradicted,Correct fact: 279+404=683,Computed,arithmetic
145,Ancient traders from Uruguay secretly reached the Americas around the year 219.,Unverified,"No verifiable source exists; claim is speculative, private, unrecorded or about the future.",N/A,speculation
146,24 hours equal 2400 minutes.,Contradicted,Correct fact: 1 h = 60 min,SI definition,units
147,The mayor of Kuala Lumpur privately decided in 1994 to rename a bridge after a childhood friend.,Unverified,"No verifiable source exists; claim is speculative, private, unrecorded or about the future.",N/A,unrecorded-detail
148,40 degrees Celsius equals 104 degrees Fahrenheit.,Verified,F=C*9/5+32=104,SI / standard conversion,units
149,62 degrees Celsius equals 143.6 degrees Fahrenheit.,Verified,F=C*9/5+32=143.6,SI / standard conversion,units
150,85 multiplied by 61 equals 5184.,Contradicted,Correct fact: 85*61=5185,Computed,arithmetic
151,257 plus 260 equals 517.,Verified,257+260=517,Computed,arithmetic
152,"469 kilometres equals 46,900 metres.",Contradicted,Correct fact: 1 km = 1000 m,SI definition,units
153,A tiger sighted near Pretoria in 1943 weighed exactly 253 kg.,Unverified,"No verifiable source exists; claim is speculative, private, unrecorded or about the future.",N/A,unrecorded-detail
154,868 plus 938 equals 1807.,Contradicted,Correct fact: 868+938=1806,Computed,arithmetic
155,84 multiplied by 98 equals 8233.,Contradicted,Correct fact: 84*98=8232,Computed,arithmetic
156,Prague is the capital city of Czech Republic.,Verified,Capital of Czech Republic = Prague,CIA World Factbook / UN,geography
157,The Iliad was written by Arundhati Roy.,Contradicted,Correct fact: The Iliad -> Homer,Library of Congress catalogue,literature
158,The capital of the Indian state of Karnataka is Bengaluru.,Verified,The capital of the Indian state of Karnataka is Bengaluru,Standard reference texts,general knowledge
159,There is a species of beetle living only in a single cave near Ulaanbaatar that has never been catalogued.,Unverified,"No verifiable source exists; claim is speculative, private, unrecorded or about the future.",N/A,speculation
160,30 multiplied by 27 equals 790.,Contradicted,Correct fact: 30*27=810,Computed,arithmetic
161,An undiscovered manuscript in a library in Beijing contains an unknown play by Miguel de Cervantes.,Unverified,"No verifiable source exists; claim is speculative, private, unrecorded or about the future.",N/A,speculation
162,351 plus 902 equals 1253.,Verified,351+902=1253,Computed,arithmetic
163,Dr. Fatima Khan published a study in the Journal of Applied Obscure Studies in 2013 proving a cure for the common cold.,Unverified,"No verifiable source exists; claim is speculative, private, unrecorded or about the future.",N/A,unsourced-claim
164,32 multiplied by 21 equals 682.,Contradicted,Correct fact: 32*21=672,Computed,arithmetic
165,272 is a composite number.,Verified,272 divisible by 2,Computed,mathematics
166,The next major earthquake in Turkey will occur in the month of February 2054.,Unverified,"No verifiable source exists; claim is speculative, private, unrecorded or about the future.",N/A,future-prediction
167,95 plus 493 equals 588.,Verified,95+493=588,Computed,arithmetic
168,The next major earthquake in India will occur in the month of November 2035.,Unverified,"No verifiable source exists; claim is speculative, private, unrecorded or about the future.",N/A,future-prediction
169,There is a species of beetle living only in a single cave near Rome that has never been catalogued.,Unverified,"No verifiable source exists; claim is speculative, private, unrecorded or about the future.",N/A,speculation
170,54 multiplied by 66 equals 3563.,Contradicted,Correct fact: 54*66=3564,Computed,arithmetic
171,The grandmother of Imran Qureshi once met a famous scientist in Manila in 1953.,Unverified,"No verifiable source exists; claim is speculative, private, unrecorded or about the future.",N/A,personal-private
172,"People in Kampala are, on average, 6 percent happier on Tuesdays than on Wednesdays.",Unverified,"No verifiable source exists; claim is speculative, private, unrecorded or about the future.",N/A,unsourced-claim
173,29 multiplied by 65 equals 1875.,Contradicted,Correct fact: 29*65=1885,Computed,arithmetic
174,Ancient traders from Sri Lanka secretly reached the Americas around the year 526.,Unverified,"No verifiable source exists; claim is speculative, private, unrecorded or about the future.",N/A,speculation
175,921 plus 245 equals 1166.,Verified,921+245=1166,Computed,arithmetic
176,39 hours equal 2340 minutes.,Verified,1 h = 60 min,SI definition,units
177,203 is a prime number.,Contradicted,Correct fact: 203 divisible by 7,Computed,mathematics
178,88 multiplied by 85 equals 7490.,Contradicted,Correct fact: 88*85=7480,Computed,arithmetic
179,301 plus 114 equals 515.,Contradicted,Correct fact: 301+114=415,Computed,arithmetic
180,705 plus 941 equals 1646.,Verified,705+941=1646,Computed,arithmetic
181,-9 degrees Celsius equals 24.8 degrees Fahrenheit.,Contradicted,Correct fact: F=C*9/5+32=15.8,SI / standard conversion,units
182,An undiscovered manuscript in a library in Manila contains an unknown play by Gabriel Garcia Marquez.,Unverified,"No verifiable source exists; claim is speculative, private, unrecorded or about the future.",N/A,speculation
183,Ancient traders from Argentina secretly reached the Americas around the year 877.,Unverified,"No verifiable source exists; claim is speculative, private, unrecorded or about the future.",N/A,speculation
184,309 is a composite number.,Verified,309 divisible by 3,Computed,mathematics
185,66 multiplied by 73 equals 4828.,Contradicted,Correct fact: 66*73=4818,Computed,arithmetic
186,The capital of Austria is Vienna.,Verified,Capital of Austria = Vienna,CIA World Factbook / UN,geography
187,268 plus 96 equals 363.,Contradicted,Correct fact: 268+96=364,Computed,arithmetic
188,"Exactly 33,295 people walked through a street market in Wellington on 23 January 1972.",Unverified,"No verifiable source exists; claim is speculative, private, unrecorded or about the future.",N/A,unrecorded-detail
189,48 is a composite number.,Verified,48 divisible by 2,Computed,mathematics
190,The next major earthquake in Philippines will occur in the month of February 2042.,Unverified,"No verifiable source exists; claim is speculative, private, unrecorded or about the future.",N/A,future-prediction
191,A secret tunnel reportedly connects the main railway station of Abuja to a hidden vault.,Unverified,"No verifiable source exists; claim is speculative, private, unrecorded or about the future.",N/A,rumor
192,Deepa Menon ate paratha for lunch on 12 September 2005.,Unverified,"No verifiable source exists; claim is speculative, private, unrecorded or about the future.",N/A,personal-private
193,The square root of 324 is 21.,Contradicted,Correct fact: 18^2=324,Computed,mathematics
194,The square root of 729 is 30.,Contradicted,Correct fact: 27^2=729,Computed,mathematics
195,The world wide web is credited to Tim Berners-Lee.,Verified,the World Wide Web -> Tim Berners-Lee,Encyclopaedia Britannica,science history
196,A tiger sighted near Mexico City in 1959 weighed exactly 251 kg.,Unverified,"No verifiable source exists; claim is speculative, private, unrecorded or about the future.",N/A,unrecorded-detail
197,16 multiplied by 83 equals 1338.,Contradicted,Correct fact: 16*83=1328,Computed,arithmetic
198,"241 kilometres equals 24,100 metres.",Contradicted,Correct fact: 1 km = 1000 m,SI definition,units
199,58 multiplied by 86 equals 4978.,Contradicted,Correct fact: 58*86=4988,Computed,arithmetic
200,209 is a prime number.,Contradicted,Correct fact: 209 divisible by 11,Computed,mathematics
201,65 plus 820 equals 885.,Verified,65+820=885,Computed,arithmetic
202,Ancient traders from India secretly reached the Americas around the year 953.,Unverified,"No verifiable source exists; claim is speculative, private, unrecorded or about the future.",N/A,speculation
203,"240 kilometres equals 24,000 metres.",Contradicted,Correct fact: 1 km = 1000 m,SI definition,units
204,A secret tunnel reportedly connects the main railway station of Vienna to a hidden vault.,Unverified,"No verifiable source exists; claim is speculative, private, unrecorded or about the future.",N/A,rumor
205,There is a species of beetle living only in a single cave near Bern that has never been catalogued.,Unverified,"No verifiable source exists; claim is speculative, private, unrecorded or about the future.",N/A,speculation
206,471 plus 582 equals 1055.,Contradicted,Correct fact: 471+582=1053,Computed,arithmetic
207,18 plus 197 equals 215.,Verified,18+197=215,Computed,arithmetic
208,The square root of 2025 is 47.,Contradicted,Correct fact: 45^2=2025,Computed,mathematics
209,The mayor of Mexico City privately decided in 1987 to rename a bridge after a childhood friend.,Unverified,"No verifiable source exists; claim is speculative, private, unrecorded or about the future.",N/A,unrecorded-detail
210,Brussels is the capital city of Russia.,Contradicted,Correct fact: Capital of Russia = Moscow,CIA World Factbook / UN,geography
211,254 plus 226 equals 480.,Verified,254+226=480,Computed,arithmetic
212,78 multiplied by 63 equals 4924.,Contradicted,Correct fact: 78*63=4914,Computed,arithmetic
213,94 multiplied by 79 equals 7426.,Verified,94*79=7426,Computed,arithmetic
214,300 is a prime number.,Contradicted,Correct fact: 300 divisible by 2,Computed,mathematics
215,"By 2080, the population of India will exceed 350 million.",Unverified,"No verifiable source exists; claim is speculative, private, unrecorded or about the future.",N/A,future-prediction
216,Warsaw is the capital city of Poland.,Verified,Capital of Poland = Warsaw,CIA World Factbook / UN,geography
217,The atomic number of Iron is 27.,Contradicted,Correct fact: Iron: Z=26,IUPAC Periodic Table,chemistry
218,45 multiplied by 33 equals 1505.,Contradicted,Correct fact: 45*33=1485,Computed,arithmetic
219,"By 2086, the population of France will exceed 700 million.",Unverified,"No verifiable source exists; claim is speculative, private, unrecorded or about the future.",N/A,future-prediction
220,33 multiplied by 27 equals 890.,Contradicted,Correct fact: 33*27=891,Computed,arithmetic
221,"People in Abuja are, on average, 7 percent happier on Tuesdays than on Wednesdays.",Unverified,"No verifiable source exists; claim is speculative, private, unrecorded or about the future.",N/A,unsourced-claim
222,943 plus 729 equals 1672.,Verified,943+729=1672,Computed,arithmetic
223,The next major earthquake in Belgium will occur in the month of August 2051.,Unverified,"No verifiable source exists; claim is speculative, private, unrecorded or about the future.",N/A,future-prediction
224,86 multiplied by 25 equals 2150.,Verified,86*25=2150,Computed,arithmetic
225,An undiscovered manuscript in a library in Bangkok contains an unknown play by Gustave Flaubert.,Unverified,"No verifiable source exists; claim is speculative, private, unrecorded or about the future.",N/A,speculation
226,117 plus 161 equals 278.,Verified,117+161=278,Computed,arithmetic
227,A tiger sighted near Montevideo in 1914 weighed exactly 190 kg.,Unverified,"No verifiable source exists; claim is speculative, private, unrecorded or about the future.",N/A,unrecorded-detail
228,An undiscovered manuscript in a library in Islamabad contains an unknown play by Victor Hugo.,Unverified,"No verifiable source exists; claim is speculative, private, unrecorded or about the future.",N/A,speculation
229,99 multiplied by 92 equals 9108.,Verified,99*92=9108,Computed,arithmetic
230,64 multiplied by 14 equals 896.,Verified,64*14=896,Computed,arithmetic
231,270 is a prime number.,Contradicted,Correct fact: 270 divisible by 2,Computed,mathematics
232,An undiscovered manuscript in a library in Baghdad contains an unknown play by Mary Shelley.,Unverified,"No verifiable source exists; claim is speculative, private, unrecorded or about the future.",N/A,speculation
233,202 plus 510 equals 712.,Verified,202+510=712,Computed,arithmetic
234,48 multiplied by 97 equals 4636.,Contradicted,Correct fact: 48*97=4656,Computed,arithmetic
235,There is a species of beetle living only in a single cave near New Delhi that has never been catalogued.,Unverified,"No verifiable source exists; claim is speculative, private, unrecorded or about the future.",N/A,speculation
236,989 plus 800 equals 1779.,Contradicted,Correct fact: 989+800=1789,Computed,arithmetic
237,The mayor of Quito privately decided in 2011 to rename a bridge after a childhood friend.,Unverified,"No verifiable source exists; claim is speculative, private, unrecorded or about the future.",N/A,unrecorded-detail
238,18 multiplied by 71 equals 1278.,Verified,18*71=1278,Computed,arithmetic
239,"29 kilometres equals 29,000 metres.",Verified,1 km = 1000 m,SI definition,units
240,The next major earthquake in Japan will occur in the month of May 2039.,Unverified,"No verifiable source exists; claim is speculative, private, unrecorded or about the future.",N/A,future-prediction
241,458 plus 31 equals 490.,Contradicted,Correct fact: 458+31=489,Computed,arithmetic
242,The smallest planet in the Solar System is Mercury.,Verified,The smallest planet in the Solar System is Mercury,Standard reference texts,general knowledge
243,"6 kilometres equals 6,000 metres.",Verified,1 km = 1000 m,SI definition,units
244,16 degrees Celsius equals 60.8 degrees Fahrenheit.,Verified,F=C*9/5+32=60.8,SI / standard conversion,units
245,66 multiplied by 33 equals 2178.,Verified,66*33=2178,Computed,arithmetic
246,Miguel de Cervantes is the author of Don Quixote.,Verified,Don Quixote -> Miguel de Cervantes,Library of Congress catalogue,literature
247,The abo blood groups is credited to James Chadwick.,Contradicted,Correct fact: the ABO blood groups -> Karl Landsteiner,Encyclopaedia Britannica,science history
248,85 multiplied by 44 equals 3740.,Verified,85*44=3740,Computed,arithmetic
249,20 multiplied by 71 equals 1420.,Verified,20*71=1420,Computed,arithmetic
250,Penicillin is credited to Karl Landsteiner.,Contradicted,Correct fact: penicillin -> Alexander Fleming,Encyclopaedia Britannica,science history
251,469 plus 624 equals 1103.,Contradicted,Correct fact: 469+624=1093,Computed,arithmetic
252,37 multiplied by 38 equals 1416.,Contradicted,Correct fact: 37*38=1406,Computed,arithmetic
253,"By 2074, the population of Greece will exceed 200 million.",Unverified,"No verifiable source exists; claim is speculative, private, unrecorded or about the future.",N/A,future-prediction
254,"49 kilometres equals 4,900 metres.",Contradicted,Correct fact: 1 km = 1000 m,SI definition,units
255,176 is a composite number.,Verified,176 divisible by 2,Computed,mathematics
256,432 plus 374 equals 906.,Contradicted,Correct fact: 432+374=806,Computed,arithmetic
257,The chemical symbol for Nickel is Ni.,Verified,Nickel: symbol Ni,IUPAC Periodic Table,chemistry
258,79 multiplied by 20 equals 1579.,Contradicted,Correct fact: 79*20=1580,Computed,arithmetic
259,An undiscovered manuscript in a library in Bucharest contains an unknown play by Paulo Coelho.,Unverified,"No verifiable source exists; claim is speculative, private, unrecorded or about the future.",N/A,speculation
260,The square root of 3600 is 63.,Contradicted,Correct fact: 60^2=3600,Computed,mathematics
261,"Exactly 43,488 people walked through a street market in Ankara on 19 April 1972.",Unverified,"No verifiable source exists; claim is speculative, private, unrecorded or about the future.",N/A,unrecorded-detail
262,The grandmother of Karan Bhatia once met a famous scientist in Madrid in 1966.,Unverified,"No verifiable source exists; claim is speculative, private, unrecorded or about the future.",N/A,personal-private
263,286 plus 516 equals 802.,Verified,286+516=802,Computed,arithmetic
264,The Hubble Space Telescope was launched in 1987.,Contradicted,Correct fact: The Hubble Space Telescope was launched: 1990,Encyclopaedia Britannica,history
265,Dr. Ananya Das published a study in the Regional Review of Unlisted Science in 1987 proving a cure for the common cold.,Unverified,"No verifiable source exists; claim is speculative, private, unrecorded or about the future.",N/A,unsourced-claim
266,The next major earthquake in Mongolia will occur in the month of May 2035.,Unverified,"No verifiable source exists; claim is speculative, private, unrecorded or about the future.",N/A,future-prediction
267,The next major earthquake in Spain will occur in the month of November 2047.,Unverified,"No verifiable source exists; claim is speculative, private, unrecorded or about the future.",N/A,future-prediction
268,2 hours equal 200 minutes.,Contradicted,Correct fact: 1 h = 60 min,SI definition,units
269,13 multiplied by 33 equals 429.,Verified,13*33=429,Computed,arithmetic
270,An undiscovered manuscript in a library in Bucharest contains an unknown play by Chinua Achebe.,Unverified,"No verifiable source exists; claim is speculative, private, unrecorded or about the future.",N/A,speculation
271,586 plus 344 equals 940.,Contradicted,Correct fact: 586+344=930,Computed,arithmetic
272,74 multiplied by 88 equals 6513.,Contradicted,Correct fact: 74*88=6512,Computed,arithmetic
273,The grandmother of Ahmed Siddiqui once met a famous scientist in Abuja in 1935.,Unverified,"No verifiable source exists; claim is speculative, private, unrecorded or about the future.",N/A,personal-private
274,54 multiplied by 38 equals 2052.,Verified,54*38=2052,Computed,arithmetic
275,23 multiplied by 62 equals 1426.,Verified,23*62=1426,Computed,arithmetic
276,82 plus 850 equals 932.,Verified,82+850=932,Computed,arithmetic
277,9 hours equal 540 minutes.,Verified,1 h = 60 min,SI definition,units
278,"Exactly 3,048 people walked through a street market in Mexico City on 25 October 1999.",Unverified,"No verifiable source exists; claim is speculative, private, unrecorded or about the future.",N/A,unrecorded-detail
279,"Exactly 15,349 people walked through a street market in Bucharest on 3 July 2003.",Unverified,"No verifiable source exists; claim is speculative, private, unrecorded or about the future.",N/A,unrecorded-detail
280,The next major earthquake in Bolivia will occur in the month of August 2040.,Unverified,"No verifiable source exists; claim is speculative, private, unrecorded or about the future.",N/A,future-prediction
281,27 hours equal 1620 minutes.,Verified,1 h = 60 min,SI definition,units
282,"126 kilometres equals 12,600 metres.",Contradicted,Correct fact: 1 km = 1000 m,SI definition,units
283,55 multiplied by 64 equals 3520.,Verified,55*64=3520,Computed,arithmetic
284,41 multiplied by 20 equals 820.,Verified,41*20=820,Computed,arithmetic
285,280 plus 805 equals 1085.,Verified,280+805=1085,Computed,arithmetic
286,An undiscovered manuscript in a library in Budapest contains an unknown play by Paulo Coelho.,Unverified,"No verifiable source exists; claim is speculative, private, unrecorded or about the future.",N/A,speculation
287,There is a species of beetle living only in a single cave near Abuja that has never been catalogued.,Unverified,"No verifiable source exists; claim is speculative, private, unrecorded or about the future.",N/A,speculation
288,76 degrees Celsius equals 168.8 degrees Fahrenheit.,Verified,F=C*9/5+32=168.8,SI / standard conversion,units
289,20 multiplied by 45 equals 890.,Contradicted,Correct fact: 20*45=900,Computed,arithmetic
290,72 multiplied by 83 equals 5976.,Verified,72*83=5976,Computed,arithmetic
291,The capital of Netherlands is Warsaw.,Contradicted,Correct fact: Capital of Netherlands = Amsterdam,CIA World Factbook / UN,geography
292,638 plus 304 equals 942.,Verified,638+304=942,Computed,arithmetic
293,88 plus 699 equals 797.,Contradicted,Correct fact: 88+699=787,Computed,arithmetic
294,266 plus 133 equals 399.,Verified,266+133=399,Computed,arithmetic
295,"229 kilometres equals 22,900 metres.",Contradicted,Correct fact: 1 km = 1000 m,SI definition,units
296,Ancient traders from Senegal secretly reached the Americas around the year 717.,Unverified,"No verifiable source exists; claim is speculative, private, unrecorded or about the future.",N/A,speculation
297,35 hours equal 3500 minutes.,Contradicted,Correct fact: 1 h = 60 min,SI definition,units
298,222 plus 82 equals 304.,Verified,222+82=304,Computed,arithmetic
299,Tokyo is the capital city of Saudi Arabia.,Contradicted,Correct fact: Capital of Saudi Arabia = Riyadh,CIA World Factbook / UN,geography
300,844 plus 142 equals 996.,Contradicted,Correct fact: 844+142=986,Computed,arithmetic
301,672 plus 896 equals 1668.,Contradicted,Correct fact: 672+896=1568,Computed,arithmetic
302,"People in Ottawa are, on average, 6 percent happier on Tuesdays than on Wednesdays.",Unverified,"No verifiable source exists; claim is speculative, private, unrecorded or about the future.",N/A,unsourced-claim
303,Dr. Harish Gupta published a study in the Regional Review of Unlisted Science in 1981 proving a cure for the common cold.,Unverified,"No verifiable source exists; claim is speculative, private, unrecorded or about the future.",N/A,unsourced-claim
304,A secret tunnel reportedly connects the main railway station of Pretoria to a hidden vault.,Unverified,"No verifiable source exists; claim is speculative, private, unrecorded or about the future.",N/A,rumor
305,Ancient traders from India secretly reached the Americas around the year 513.,Unverified,"No verifiable source exists; claim is speculative, private, unrecorded or about the future.",N/A,speculation
306,The next major earthquake in Senegal will occur in the month of February 2052.,Unverified,"No verifiable source exists; claim is speculative, private, unrecorded or about the future.",N/A,future-prediction
307,The chemical symbol for Manganese is Mn.,Verified,Manganese: symbol Mn,IUPAC Periodic Table,chemistry
308,875 plus 561 equals 1436.,Verified,875+561=1436,Computed,arithmetic
309,326 is a composite number.,Verified,326 divisible by 2,Computed,mathematics
310,"500 kilometres equals 50,000 metres.",Contradicted,Correct fact: 1 km = 1000 m,SI definition,units
311,The God of Small Things was written by Arundhati Roy.,Verified,The God of Small Things -> Arundhati Roy,Library of Congress catalogue,literature
312,"460 kilometres equals 46,000 metres.",Contradicted,Correct fact: 1 km = 1000 m,SI definition,units
313,"Exactly 95,578 people walked through a street market in Wellington on 27 January 2001.",Unverified,"No verifiable source exists; claim is speculative, private, unrecorded or about the future.",N/A,unrecorded-detail
314,"By 2083, the population of Uruguay will exceed 1000 million.",Unverified,"No verifiable source exists; claim is speculative, private, unrecorded or about the future.",N/A,future-prediction
315,A tiger sighted near Cairo in 1914 weighed exactly 231 kg.,Unverified,"No verifiable source exists; claim is speculative, private, unrecorded or about the future.",N/A,unrecorded-detail
316,The SI unit of force is the newton.,Verified,The SI unit of force is the newton,Standard reference texts,general knowledge
317,The grandmother of Rohan Mehta once met a famous scientist in Naypyidaw in 1976.,Unverified,"No verifiable source exists; claim is speculative, private, unrecorded or about the future.",N/A,personal-private
318,906 plus 493 equals 1399.,Verified,906+493=1399,Computed,arithmetic
319,132 plus 666 equals 797.,Contradicted,Correct fact: 132+666=798,Computed,arithmetic
320,A tiger sighted near Seoul in 1916 weighed exactly 198 kg.,Unverified,"No verifiable source exists; claim is speculative, private, unrecorded or about the future.",N/A,unrecorded-detail
321,"By 2082, the population of Netherlands will exceed 300 million.",Unverified,"No verifiable source exists; claim is speculative, private, unrecorded or about the future.",N/A,future-prediction
322,"Exactly 63,033 people walked through a street market in Colombo on 27 April 2003.",Unverified,"No verifiable source exists; claim is speculative, private, unrecorded or about the future.",N/A,unrecorded-detail
323,"By 2144, the population of Russia will exceed 450 million.",Unverified,"No verifiable source exists; claim is speculative, private, unrecorded or about the future.",N/A,future-prediction
324,Arjun Reddy ate a salad for lunch on 11 June 1995.,Unverified,"No verifiable source exists; claim is speculative, private, unrecorded or about the future.",N/A,personal-private
325,512 plus 269 equals 881.,Contradicted,Correct fact: 512+269=781,Computed,arithmetic
326,Imran Qureshi ate rajma chawal for lunch on 11 March 2002.,Unverified,"No verifiable source exists; claim is speculative, private, unrecorded or about the future.",N/A,personal-private
327,There is a species of beetle living only in a single cave near Dhaka that has never been catalogued.,Unverified,"No verifiable source exists; claim is speculative, private, unrecorded or about the future.",N/A,speculation
328,756 plus 386 equals 1142.,Verified,756+386=1142,Computed,arithmetic
329,15 multiplied by 42 equals 630.,Verified,15*42=630,Computed,arithmetic
330,Ancient traders from Thailand secretly reached the Americas around the year 842.,Unverified,"No verifiable source exists; claim is speculative, private, unrecorded or about the future.",N/A,speculation
331,192 is a composite number.,Verified,192 divisible by 2,Computed,mathematics
332,The Soviet Union dissolved in 1991.,Verified,The Soviet Union dissolved: 1991,Encyclopaedia Britannica,history
333,A tiger sighted near Vientiane in 1958 weighed exactly 248 kg.,Unverified,"No verifiable source exists; claim is speculative, private, unrecorded or about the future.",N/A,unrecorded-detail
334,"People in Zagreb are, on average, 2 percent happier on Tuesdays than on Wednesdays.",Unverified,"No verifiable source exists; claim is speculative, private, unrecorded or about the future.",N/A,unsourced-claim
335,"People in Brasilia are, on average, 5 percent happier on Tuesdays than on Wednesdays.",Unverified,"No verifiable source exists; claim is speculative, private, unrecorded or about the future.",N/A,unsourced-claim
336,873 plus 946 equals 1809.,Contradicted,Correct fact: 873+946=1819,Computed,arithmetic
337,The mayor of Algiers privately decided in 1969 to rename a bridge after a childhood friend.,Unverified,"No verifiable source exists; claim is speculative, private, unrecorded or about the future.",N/A,unrecorded-detail
338,Ancient traders from China secretly reached the Americas around the year 459.,Unverified,"No verifiable source exists; claim is speculative, private, unrecorded or about the future.",N/A,speculation
339,"Exactly 3,561 people walked through a street market in Tokyo on 14 October 1992.",Unverified,"No verifiable source exists; claim is speculative, private, unrecorded or about the future.",N/A,unrecorded-detail
340,55 multiplied by 21 equals 1165.,Contradicted,Correct fact: 55*21=1155,Computed,arithmetic
341,A secret tunnel reportedly connects the main railway station of Beijing to a hidden vault.,Unverified,"No verifiable source exists; claim is speculative, private, unrecorded or about the future.",N/A,rumor
342,768 plus 929 equals 1697.,Verified,768+929=1697,Computed,arithmetic
343,"Exactly 47,303 people walked through a street market in Riyadh on 9 April 1995.",Unverified,"No verifiable source exists; claim is speculative, private, unrecorded or about the future.",N/A,unrecorded-detail
344,The enzyme that unwinds DNA during replication is CO.,Contradicted,Correct fact: The enzyme that unwinds DNA during replication is helicase,Standard reference texts,general knowledge
345,A tiger sighted near Vienna in 1950 weighed exactly 202 kg.,Unverified,"No verifiable source exists; claim is speculative, private, unrecorded or about the future.",N/A,unrecorded-detail
346,82 is a prime number.,Contradicted,Correct fact: 82 divisible by 2,Computed,mathematics
347,An undiscovered manuscript in a library in Warsaw contains an unknown play by Paulo Coelho.,Unverified,"No verifiable source exists; claim is speculative, private, unrecorded or about the future.",N/A,speculation
348,Deepa Menon ate a salad for lunch on 27 December 2007.,Unverified,"No verifiable source exists; claim is speculative, private, unrecorded or about the future.",N/A,personal-private
349,"Exactly 67,962 people walked through a street market in Tehran on 6 April 1998.",Unverified,"No verifiable source exists; claim is speculative, private, unrecorded or about the future.",N/A,unrecorded-detail
350,"People in Ankara are, on average, 3 percent happier on Tuesdays than on Wednesdays.",Unverified,"No verifiable source exists; claim is speculative, private, unrecorded or about the future.",N/A,unsourced-claim
351,298 plus 913 equals 1211.,Verified,298+913=1211,Computed,arithmetic
352,The grandmother of Imran Qureshi once met a famous scientist in Stockholm in 1939.,Unverified,"No verifiable source exists; claim is speculative, private, unrecorded or about the future.",N/A,personal-private
353,The capital of Israel is Jerusalem.,Verified,Capital of Israel = Jerusalem,CIA World Factbook / UN,geography
354,Dr. Sanjay Rao published a study in the Proceedings of the Local Research Circle in 1976 proving a cure for the common cold.,Unverified,"No verifiable source exists; claim is speculative, private, unrecorded or about the future.",N/A,unsourced-claim
355,62 multiplied by 43 equals 2656.,Contradicted,Correct fact: 62*43=2666,Computed,arithmetic
356,15 multiplied by 95 equals 1425.,Verified,15*95=1425,Computed,arithmetic
357,12 multiplied by 54 equals 649.,Contradicted,Correct fact: 12*54=648,Computed,arithmetic
358,193 is a composite number.,Contradicted,Correct fact: 193 is prime,Computed,mathematics
359,78 degrees Celsius equals 177.4 degrees Fahrenheit.,Contradicted,Correct fact: F=C*9/5+32=172.4,SI / standard conversion,units
360,702 plus 787 equals 1487.,Contradicted,Correct fact: 702+787=1489,Computed,arithmetic
361,"42 kilometres equals 42,000 metres.",Verified,1 km = 1000 m,SI definition,units
362,"369 kilometres equals 36,900 metres.",Contradicted,Correct fact: 1 km = 1000 m,SI definition,units
363,57 degrees Celsius equals 129.6 degrees Fahrenheit.,Contradicted,Correct fact: F=C*9/5+32=134.6,SI / standard conversion,units
364,677 plus 82 equals 759.,Verified,677+82=759,Computed,arithmetic
365,A tiger sighted near Islamabad in 1946 weighed exactly 238 kg.,Unverified,"No verifiable source exists; claim is speculative, private, unrecorded or about the future.",N/A,unrecorded-detail
366,Hydrogen has 1 protons in a neutral atom's nucleus.,Verified,Hydrogen: Z=1,IUPAC Periodic Table,chemistry
367,"Exactly 62,463 people walked through a street market in Abuja on 19 July 1990.",Unverified,"No verifiable source exists; claim is speculative, private, unrecorded or about the future.",N/A,unrecorded-detail
368,The capital of Kenya is Nairobi.,Verified,Capital of Kenya = Nairobi,CIA World Factbook / UN,geography
369,192 plus 968 equals 1160.,Verified,192+968=1160,Computed,arithmetic
370,832 plus 779 equals 1621.,Contradicted,Correct fact: 832+779=1611,Computed,arithmetic
371,409 plus 637 equals 1046.,Verified,409+637=1046,Computed,arithmetic
372,71 multiplied by 94 equals 6674.,Verified,71*94=6674,Computed,arithmetic
373,76 multiplied by 29 equals 2204.,Verified,76*29=2204,Computed,arithmetic
374,355 plus 107 equals 562.,Contradicted,Correct fact: 355+107=462,Computed,arithmetic
375,Ancient traders from Indonesia secretly reached the Americas around the year 419.,Unverified,"No verifiable source exists; claim is speculative, private, unrecorded or about the future.",N/A,speculation
376,93 multiplied by 44 equals 4092.,Verified,93*44=4092,Computed,arithmetic
377,445 plus 900 equals 1345.,Verified,445+900=1345,Computed,arithmetic
378,934 plus 622 equals 1546.,Contradicted,Correct fact: 934+622=1556,Computed,arithmetic
379,24 is a composite number.,Verified,24 divisible by 2,Computed,mathematics
380,35 plus 104 equals 139.,Verified,35+104=139,Computed,arithmetic
381,Dr. Rohan Mehta published a study in the Regional Review of Unlisted Science in 2015 proving a cure for the common cold.,Unverified,"No verifiable source exists; claim is speculative, private, unrecorded or about the future.",N/A,unsourced-claim
382,730 plus 129 equals 959.,Contradicted,Correct fact: 730+129=859,Computed,arithmetic
383,Jakarta is the capital city of Indonesia.,Verified,Capital of Indonesia = Jakarta,CIA World Factbook / UN,geography
384,81 plus 492 equals 574.,Contradicted,Correct fact: 81+492=573,Computed,arithmetic
385,799 plus 266 equals 1065.,Verified,799+266=1065,Computed,arithmetic
386,The next major earthquake in Vietnam will occur in the month of November 2036.,Unverified,"No verifiable source exists; claim is speculative, private, unrecorded or about the future.",N/A,future-prediction
387,391 plus 82 equals 473.,Verified,391+82=473,Computed,arithmetic
388,231 plus 222 equals 452.,Contradicted,Correct fact: 231+222=453,Computed,arithmetic
389,123 plus 705 equals 828.,Verified,123+705=828,Computed,arithmetic
390,Neha Kulkarni ate pasta for lunch on 14 June 1996.,Unverified,"No verifiable source exists; claim is speculative, private, unrecorded or about the future.",N/A,personal-private
391,The square root of 2116 is 44.,Contradicted,Correct fact: 46^2=2116,Computed,mathematics
392,459 plus 922 equals 1382.,Contradicted,Correct fact: 459+922=1381,Computed,arithmetic
393,Vikram Sethi ate pasta for lunch on 8 March 1994.,Unverified,"No verifiable source exists; claim is speculative, private, unrecorded or about the future.",N/A,personal-private
394,-10 degrees Celsius equals 23 degrees Fahrenheit.,Contradicted,Correct fact: F=C*9/5+32=14,SI / standard conversion,units
395,Dr. Deepa Menon published a study in the Journal of Applied Obscure Studies in 1989 proving a cure for the common cold.,Unverified,"No verifiable source exists; claim is speculative, private, unrecorded or about the future.",N/A,unsourced-claim
396,79 plus 328 equals 408.,Contradicted,Correct fact: 79+328=407,Computed,arithmetic
397,509 plus 208 equals 715.,Contradicted,Correct fact: 509+208=717,Computed,arithmetic
398,98 multiplied by 89 equals 8712.,Contradicted,Correct fact: 98*89=8722,Computed,arithmetic
399,38 multiplied by 60 equals 2290.,Contradicted,Correct fact: 38*60=2280,Computed,arithmetic
400,Rohan Mehta ate khichdi for lunch on 7 March 2008.,Unverified,"No verifiable source exists; claim is speculative, private, unrecorded or about the future.",N/A,personal-private
401,363 plus 848 equals 1201.,Contradicted,Correct fact: 363+848=1211,Computed,arithmetic
402,Dr. Priya Nair published a study in the Proceedings of the Local Research Circle in 1991 proving a cure for the common cold.,Unverified,"No verifiable source exists; claim is speculative, private, unrecorded or about the future.",N/A,unsourced-claim
403,49 multiplied by 14 equals 686.,Verified,49*14=686,Computed,arithmetic
404,6 is a composite number.,Verified,6 divisible by 2,Computed,mathematics
405,668 plus 705 equals 1371.,Contradicted,Correct fact: 668+705=1373,Computed,arithmetic
406,The chemical symbol for Copper is H.,Contradicted,Correct fact: Copper: symbol Cu,IUPAC Periodic Table,chemistry
407,Lolita was written by Vladimir Nabokov.,Verified,Lolita -> Vladimir Nabokov,Library of Congress catalogue,literature
408,18 multiplied by 43 equals 774.,Verified,18*43=774,Computed,arithmetic
409,197 plus 863 equals 1060.,Verified,197+863=1060,Computed,arithmetic
410,George Orwell is the author of 1984.,Verified,1984 -> George Orwell,Library of Congress catalogue,literature
411,Dr. Sanjay Rao published a study in the Journal of Applied Obscure Studies in 1993 proving a cure for the common cold.,Unverified,"No verifiable source exists; claim is speculative, private, unrecorded or about the future.",N/A,unsourced-claim
412,-20 degrees Celsius equals 1 degrees Fahrenheit.,Contradicted,Correct fact: F=C*9/5+32=-4,SI / standard conversion,units
413,37 plus 506 equals 533.,Contradicted,Correct fact: 37+506=543,Computed,arithmetic
414,54 multiplied by 21 equals 1124.,Contradicted,Correct fact: 54*21=1134,Computed,arithmetic
415,The capital of Vietnam is Hanoi.,Verified,Capital of Vietnam = Hanoi,CIA World Factbook / UN,geography
416,391 plus 106 equals 497.,Verified,391+106=497,Computed,arithmetic
417,The grandmother of Fatima Khan once met a famous scientist in Sofia in 1952.,Unverified,"No verifiable source exists; claim is speculative, private, unrecorded or about the future.",N/A,personal-private
418,The atomic number of Fluorine is 10.,Contradicted,Correct fact: Fluorine: Z=9,IUPAC Periodic Table,chemistry
419,A secret tunnel reportedly connects the main railway station of Ottawa to a hidden vault.,Unverified,"No verifiable source exists; claim is speculative, private, unrecorded or about the future.",N/A,rumor
420,George Orwell is the author of Frankenstein.,Contradicted,Correct fact: Frankenstein -> Mary Shelley,Library of Congress catalogue,literature
421,95 plus 550 equals 645.,Verified,95+550=645,Computed,arithmetic
422,56 multiplied by 56 equals 3135.,Contradicted,Correct fact: 56*56=3136,Computed,arithmetic
423,16 multiplied by 85 equals 1360.,Verified,16*85=1360,Computed,arithmetic
424,Arjun Reddy ate idli and sambar for lunch on 18 December 2007.,Unverified,"No verifiable source exists; claim is speculative, private, unrecorded or about the future.",N/A,personal-private
425,273 plus 694 equals 957.,Contradicted,Correct fact: 273+694=967,Computed,arithmetic
426,445 plus 861 equals 1305.,Contradicted,Correct fact: 445+861=1306,Computed,arithmetic
427,892 plus 704 equals 1596.,Verified,892+704=1596,Computed,arithmetic
428,644 plus 188 equals 932.,Contradicted,Correct fact: 644+188=832,Computed,arithmetic
429,260 plus 273 equals 531.,Contradicted,Correct fact: 260+273=533,Computed,arithmetic
430,A secret tunnel reportedly connects the main railway station of Hanoi to a hidden vault.,Unverified,"No verifiable source exists; claim is speculative, private, unrecorded or about the future.",N/A,rumor
431,23 multiplied by 63 equals 1449.,Verified,23*63=1449,Computed,arithmetic
432,"Exactly 18,757 people walked through a street market in Prague on 25 April 1968.",Unverified,"No verifiable source exists; claim is speculative, private, unrecorded or about the future.",N/A,unrecorded-detail
433,17 multiplied by 66 equals 1122.,Verified,17*66=1122,Computed,arithmetic
434,63 multiplied by 59 equals 3737.,Contradicted,Correct fact: 63*59=3717,Computed,arithmetic
435,123 is a composite number.,Verified,123 divisible by 3,Computed,mathematics
436,An undiscovered manuscript in a library in Canberra contains an unknown play by Leo Tolstoy.,Unverified,"No verifiable source exists; claim is speculative, private, unrecorded or about the future.",N/A,speculation
437,303 plus 477 equals 780.,Verified,303+477=780,Computed,arithmetic
438,243 is a prime number.,Contradicted,Correct fact: 243 divisible by 3,Computed,mathematics
439,713 plus 946 equals 1661.,Contradicted,Correct fact: 713+946=1659,Computed,arithmetic
440,49 multiplied by 28 equals 1362.,Contradicted,Correct fact: 49*28=1372,Computed,arithmetic
441,19 degrees Celsius equals 57.2 degrees Fahrenheit.,Contradicted,Correct fact: F=C*9/5+32=66.2,SI / standard conversion,units
442,"By 2101, the population of Norway will exceed 150 million.",Unverified,"No verifiable source exists; claim is speculative, private, unrecorded or about the future.",N/A,future-prediction
443,490 plus 953 equals 1443.,Verified,490+953=1443,Computed,arithmetic
444,Rohan Mehta ate a salad for lunch on 9 June 2012.,Unverified,"No verifiable source exists; claim is speculative, private, unrecorded or about the future.",N/A,personal-private
445,700 plus 838 equals 1538.,Verified,700+838=1538,Computed,arithmetic
446,72 multiplied by 28 equals 2036.,Contradicted,Correct fact: 72*28=2016,Computed,arithmetic
447,85 multiplied by 31 equals 2635.,Verified,85*31=2635,Computed,arithmetic
448,261 plus 540 equals 801.,Verified,261+540=801,Computed,arithmetic
449,265 plus 708 equals 973.,Verified,265+708=973,Computed,arithmetic
450,522 plus 652 equals 1175.,Contradicted,Correct fact: 522+652=1174,Computed,arithmetic
451,345 plus 397 equals 741.,Contradicted,Correct fact: 345+397=742,Computed,arithmetic
452,140 plus 817 equals 959.,Contradicted,Correct fact: 140+817=957,Computed,arithmetic
453,The next major earthquake in Cuba will occur in the month of August 2029.,Unverified,"No verifiable source exists; claim is speculative, private, unrecorded or about the future.",N/A,future-prediction
454,"An undiscovered manuscript in a library in Washington, D.C. contains an unknown play by George Orwell.",Unverified,"No verifiable source exists; claim is speculative, private, unrecorded or about the future.",N/A,speculation
455,95 multiplied by 74 equals 7010.,Contradicted,Correct fact: 95*74=7030,Computed,arithmetic
456,A tiger sighted near Hanoi in 1930 weighed exactly 205 kg.,Unverified,"No verifiable source exists; claim is speculative, private, unrecorded or about the future.",N/A,unrecorded-detail
457,Fluorine has 10 protons in a neutral atom's nucleus.,Contradicted,Correct fact: Fluorine: Z=9,IUPAC Periodic Table,chemistry
458,Anna Karenina was written by Leo Tolstoy.,Verified,Anna Karenina -> Leo Tolstoy,Library of Congress catalogue,literature
459,"Exactly 42,592 people walked through a street market in Pretoria on 6 April 1969.",Unverified,"No verifiable source exists; claim is speculative, private, unrecorded or about the future.",N/A,unrecorded-detail
460,343 is a prime number.,Contradicted,Correct fact: 343 divisible by 7,Computed,mathematics
461,172 is a composite number.,Verified,172 divisible by 2,Computed,mathematics
462,An undiscovered manuscript in a library in Kuala Lumpur contains an unknown play by Franz Kafka.,Unverified,"No verifiable source exists; claim is speculative, private, unrecorded or about the future.",N/A,speculation
463,95 multiplied by 34 equals 3230.,Verified,95*34=3230,Computed,arithmetic
464,168 plus 735 equals 901.,Contradicted,Correct fact: 168+735=903,Computed,arithmetic
465,13 multiplied by 26 equals 358.,Contradicted,Correct fact: 13*26=338,Computed,arithmetic
466,579 plus 107 equals 688.,Contradicted,Correct fact: 579+107=686,Computed,arithmetic
467,A secret tunnel reportedly connects the main railway station of Riyadh to a hidden vault.,Unverified,"No verifiable source exists; claim is speculative, private, unrecorded or about the future.",N/A,rumor
468,45 hours equal 4500 minutes.,Contradicted,Correct fact: 1 h = 60 min,SI definition,units
469,"Exactly 20,420 people walked through a street market in Tokyo on 5 April 1982.",Unverified,"No verifiable source exists; claim is speculative, private, unrecorded or about the future.",N/A,unrecorded-detail
470,31 degrees Celsius equals 82.8 degrees Fahrenheit.,Contradicted,Correct fact: F=C*9/5+32=87.8,SI / standard conversion,units
471,The grandmother of Lakshmi Iyer once met a famous scientist in Lima in 1964.,Unverified,"No verifiable source exists; claim is speculative, private, unrecorded or about the future.",N/A,personal-private
472,92 multiplied by 39 equals 3588.,Verified,92*39=3588,Computed,arithmetic
473,92 multiplied by 90 equals 8280.,Verified,92*90=8280,Computed,arithmetic
474,33 degrees Celsius equals 96.4 degrees Fahrenheit.,Contradicted,Correct fact: F=C*9/5+32=91.4,SI / standard conversion,units
475,564 plus 234 equals 798.,Verified,564+234=798,Computed,arithmetic
476,The base pairing partner of adenine in DNA is thymine.,Verified,The base pairing partner of adenine in DNA is thymine,Standard reference texts,general knowledge
477,60 is a composite number.,Verified,60 divisible by 2,Computed,mathematics
478,745 plus 806 equals 1551.,Verified,745+806=1551,Computed,arithmetic
479,526 plus 552 equals 1079.,Contradicted,Correct fact: 526+552=1078,Computed,arithmetic
480,514 plus 117 equals 731.,Contradicted,Correct fact: 514+117=631,Computed,arithmetic
481,670 plus 662 equals 1334.,Contradicted,Correct fact: 670+662=1332,Computed,arithmetic
482,20 degrees Celsius equals 68 degrees Fahrenheit.,Verified,F=C*9/5+32=68,SI / standard conversion,units
483,Karan Bhatia ate a banana for lunch on 18 December 1992.,Unverified,"No verifiable source exists; claim is speculative, private, unrecorded or about the future.",N/A,personal-private
484,Harish Gupta ate a salad for lunch on 10 September 2007.,Unverified,"No verifiable source exists; claim is speculative, private, unrecorded or about the future.",N/A,personal-private
485,The mayor of Jakarta privately decided in 1966 to rename a bridge after a childhood friend.,Unverified,"No verifiable source exists; claim is speculative, private, unrecorded or about the future.",N/A,unrecorded-detail
486,The grandmother of Neha Kulkarni once met a famous scientist in Warsaw in 1933.,Unverified,"No verifiable source exists; claim is speculative, private, unrecorded or about the future.",N/A,personal-private
487,An undiscovered manuscript in a library in Buenos Aires contains an unknown play by Homer.,Unverified,"No verifiable source exists; claim is speculative, private, unrecorded or about the future.",N/A,speculation
488,"393 kilometres equals 39,300 metres.",Contradicted,Correct fact: 1 km = 1000 m,SI definition,units
489,857 plus 235 equals 1192.,Contradicted,Correct fact: 857+235=1092,Computed,arithmetic
490,336 plus 984 equals 1320.,Verified,336+984=1320,Computed,arithmetic
491,25 degrees Celsius equals 95 degrees Fahrenheit.,Contradicted,Correct fact: F=C*9/5+32=77,SI / standard conversion,units
492,The grandmother of Imran Qureshi once met a famous scientist in Stockholm in 1979.,Unverified,"No verifiable source exists; claim is speculative, private, unrecorded or about the future.",N/A,personal-private
493,75 multiplied by 95 equals 7125.,Verified,75*95=7125,Computed,arithmetic
494,64 multiplied by 33 equals 2112.,Verified,64*33=2112,Computed,arithmetic
495,55 multiplied by 26 equals 1430.,Verified,55*26=1430,Computed,arithmetic
496,The grandmother of Harish Gupta once met a famous scientist in Oslo in 1936.,Unverified,"No verifiable source exists; claim is speculative, private, unrecorded or about the future.",N/A,personal-private
497,The stock price of a randomly chosen company will rise exactly 22% next year.,Unverified,"No verifiable source exists; claim is speculative, private, unrecorded or about the future.",N/A,future-prediction
498,713 plus 401 equals 1112.,Contradicted,Correct fact: 713+401=1114,Computed,arithmetic
499,There is a species of beetle living only in a single cave near Islamabad that has never been catalogued.,Unverified,"No verifiable source exists; claim is speculative, private, unrecorded or about the future.",N/A,speculation
500,548 plus 381 equals 929.,Verified,548+381=929,Computed,arithmetic
501,The chemical symbol for Mercury is Cl.,Contradicted,Correct fact: Mercury: symbol Hg,IUPAC Periodic Table,chemistry
502,67 plus 204 equals 271.,Verified,67+204=271,Computed,arithmetic
503,The next major earthquake in Italy will occur in the month of May 2032.,Unverified,"No verifiable source exists; claim is speculative, private, unrecorded or about the future.",N/A,future-prediction
504,Dr. Imran Qureshi published a study in the Journal of Applied Obscure Studies in 2002 proving a cure for the common cold.,Unverified,"No verifiable source exists; claim is speculative, private, unrecorded or about the future.",N/A,unsourced-claim
505,"People in Nairobi are, on average, 6 percent happier on Tuesdays than on Wednesdays.",Unverified,"No verifiable source exists; claim is speculative, private, unrecorded or about the future.",N/A,unsourced-claim
506,669 plus 87 equals 756.,Verified,669+87=756,Computed,arithmetic
507,437 plus 739 equals 1276.,Contradicted,Correct fact: 437+739=1176,Computed,arithmetic
508,An undiscovered manuscript in a library in Phnom Penh contains an unknown play by Vladimir Nabokov.,Unverified,"No verifiable source exists; claim is speculative, private, unrecorded or about the future.",N/A,speculation
509,Dr. Fatima Khan published a study in the Journal of Applied Obscure Studies in 2002 proving a cure for the common cold.,Unverified,"No verifiable source exists; claim is speculative, private, unrecorded or about the future.",N/A,unsourced-claim
510,937 plus 936 equals 1872.,Contradicted,Correct fact: 937+936=1873,Computed,arithmetic
511,357 plus 275 equals 632.,Verified,357+275=632,Computed,arithmetic
512,385 plus 761 equals 1146.,Verified,385+761=1146,Computed,arithmetic
513,The atomic number of Arsenic is 33.,Verified,Arsenic: Z=33,IUPAC Periodic Table,chemistry
514,20 multiplied by 96 equals 1920.,Verified,20*96=1920,Computed,arithmetic
515,The capital of Sri Lanka is Colombo.,Verified,Capital of Sri Lanka = Colombo,CIA World Factbook / UN,geography
516,54 multiplied by 90 equals 4860.,Verified,54*90=4860,Computed,arithmetic
517,A secret tunnel reportedly connects the main railway station of Vientiane to a hidden vault.,Unverified,"No verifiable source exists; claim is speculative, private, unrecorded or about the future.",N/A,rumor
518,688 plus 95 equals 781.,Contradicted,Correct fact: 688+95=783,Computed,arithmetic
519,30 degrees Celsius equals 95 degrees Fahrenheit.,Contradicted,Correct fact: F=C*9/5+32=86,SI / standard conversion,units
520,85 multiplied by 47 equals 3995.,Verified,85*47=3995,Computed,arithmetic
521,304 is a composite number.,Verified,304 divisible by 2,Computed,mathematics
522,The next major earthquake in South Africa will occur in the month of August 2043.,Unverified,"No verifiable source exists; claim is speculative, private, unrecorded or about the future.",N/A,future-prediction
523,The square root of 3249 is 57.,Verified,57^2=3249,Computed,mathematics
524,"By 2093, the population of Norway will exceed 1600 million.",Unverified,"No verifiable source exists; claim is speculative, private, unrecorded or about the future.",N/A,future-prediction
525,"People in Tokyo are, on average, 9 percent happier on Tuesdays than on Wednesdays.",Unverified,"No verifiable source exists; claim is speculative, private, unrecorded or about the future.",N/A,unsourced-claim
526,660 plus 611 equals 1273.,Contradicted,Correct fact: 660+611=1271,Computed,arithmetic
527,23 multiplied by 47 equals 1081.,Verified,23*47=1081,Computed,arithmetic
528,632 plus 535 equals 1157.,Contradicted,Correct fact: 632+535=1167,Computed,arithmetic
529,837 plus 314 equals 1161.,Contradicted,Correct fact: 837+314=1151,Computed,arithmetic
530,86 multiplied by 72 equals 6212.,Contradicted,Correct fact: 86*72=6192,Computed,arithmetic
531,The first smallpox vaccine is credited to Edward Jenner.,Verified,the first smallpox vaccine -> Edward Jenner,Encyclopaedia Britannica,science history
532,14 multiplied by 28 equals 412.,Contradicted,Correct fact: 14*28=392,Computed,arithmetic
533,46 is a prime number.,Contradicted,Correct fact: 46 divisible by 2,Computed,mathematics
534,675 plus 164 equals 838.,Contradicted,Correct fact: 675+164=839,Computed,arithmetic
535,571 plus 173 equals 734.,Contradicted,Correct fact: 571+173=744,Computed,arithmetic
536,An undiscovered manuscript in a library in Sucre contains an unknown play by Herman Melville.,Unverified,"No verifiable source exists; claim is speculative, private, unrecorded or about the future.",N/A,speculation
537,Dr. Sanjay Rao published a study in the Journal of Applied Obscure Studies in 1989 proving a cure for the common cold.,Unverified,"No verifiable source exists; claim is speculative, private, unrecorded or about the future.",N/A,unsourced-claim
538,The SI unit of frequency is the hertz.,Verified,The SI unit of frequency is the hertz,Standard reference texts,general knowledge
539,"355 kilometres equals 355,000 metres.",Verified,1 km = 1000 m,SI definition,units
540,"People in Buenos Aires are, on average, 9 percent happier on Tuesdays than on Wednesdays.",Unverified,"No verifiable source exists; claim is speculative, private, unrecorded or about the future.",N/A,unsourced-claim
541,The first 'Nobel Prize in Physics' went to Kanpur.,Contradicted,Correct fact: The first 'Nobel Prize in Physics' went to Wilhelm Rontgen (1901),Standard reference texts,general knowledge
542,980 plus 228 equals 1308.,Contradicted,Correct fact: 980+228=1208,Computed,arithmetic
543,The mayor of Kyiv privately decided in 1987 to rename a bridge after a childhood friend.,Unverified,"No verifiable source exists; claim is speculative, private, unrecorded or about the future.",N/A,unrecorded-detail
544,"413 kilometres equals 41,300 metres.",Contradicted,Correct fact: 1 km = 1000 m,SI definition,units
545,973 plus 386 equals 1459.,Contradicted,Correct fact: 973+386=1359,Computed,arithmetic
546,64 multiplied by 25 equals 1600.,Verified,64*25=1600,Computed,arithmetic
547,The atomic number of Beryllium is 11.,Contradicted,Correct fact: Beryllium: Z=4,IUPAC Periodic Table,chemistry
548,Santiago is the capital city of Chile.,Verified,Capital of Chile = Santiago,CIA World Factbook / UN,geography
549,A tiger sighted near Naypyidaw in 1923 weighed exactly 206 kg.,Unverified,"No verifiable source exists; claim is speculative, private, unrecorded or about the future.",N/A,unrecorded-detail
550,The next major earthquake in Vietnam will occur in the month of May 2039.,Unverified,"No verifiable source exists; claim is speculative, private, unrecorded or about the future.",N/A,future-prediction
551,336 is a prime number.,Contradicted,Correct fact: 336 divisible by 2,Computed,mathematics
552,48 hours equal 4800 minutes.,Contradicted,Correct fact: 1 h = 60 min,SI definition,units
553,713 plus 487 equals 1200.,Verified,713+487=1200,Computed,arithmetic
554,34 multiplied by 74 equals 2496.,Contradicted,Correct fact: 34*74=2516,Computed,arithmetic
555,95 multiplied by 80 equals 7590.,Contradicted,Correct fact: 95*80=7600,Computed,arithmetic
556,Meera Joshi ate idli and sambar for lunch on 22 December 2013.,Unverified,"No verifiable source exists; claim is speculative, private, unrecorded or about the future.",N/A,personal-private
557,The next major earthquake in Iceland will occur in the month of August 2059.,Unverified,"No verifiable source exists; claim is speculative, private, unrecorded or about the future.",N/A,future-prediction
558,Dr. Fatima Khan published a study in the Journal of Applied Obscure Studies in 1990 proving a cure for the common cold.,Unverified,"No verifiable source exists; claim is speculative, private, unrecorded or about the future.",N/A,unsourced-claim
559,72 multiplied by 95 equals 6840.,Verified,72*95=6840,Computed,arithmetic
560,To Kill a Mockingbird was written by Harper Lee.,Verified,To Kill a Mockingbird -> Harper Lee,Library of Congress catalogue,literature
561,622 plus 98 equals 720.,Verified,622+98=720,Computed,arithmetic
562,"People in Copenhagen are, on average, 7 percent happier on Tuesdays than on Wednesdays.",Unverified,"No verifiable source exists; claim is speculative, private, unrecorded or about the future.",N/A,unsourced-claim
563,Ancient traders from Turkey secretly reached the Americas around the year 899.,Unverified,"No verifiable source exists; claim is speculative, private, unrecorded or about the future.",N/A,speculation
564,Arjun Reddy ate poha for lunch on 2 March 1998.,Unverified,"No verifiable source exists; claim is speculative, private, unrecorded or about the future.",N/A,personal-private
565,Dr. Vikram Sethi published a study in the Journal of Applied Obscure Studies in 2003 proving a cure for the common cold.,Unverified,"No verifiable source exists; claim is speculative, private, unrecorded or about the future.",N/A,unsourced-claim
566,419 plus 963 equals 1382.,Verified,419+963=1382,Computed,arithmetic
567,"By 2136, the population of Morocco will exceed 1400 million.",Unverified,"No verifiable source exists; claim is speculative, private, unrecorded or about the future.",N/A,future-prediction
568,The next major earthquake in Austria will occur in the month of August 2033.,Unverified,"No verifiable source exists; claim is speculative, private, unrecorded or about the future.",N/A,future-prediction
569,74 multiplied by 36 equals 2644.,Contradicted,Correct fact: 74*36=2664,Computed,arithmetic
570,70 is a prime number.,Contradicted,Correct fact: 70 divisible by 2,Computed,mathematics
571,"Exactly 97,363 people walked through a street market in Santiago on 14 April 1987.",Unverified,"No verifiable source exists; claim is speculative, private, unrecorded or about the future.",N/A,unrecorded-detail
572,The grandmother of Vikram Sethi once met a famous scientist in Baghdad in 1974.,Unverified,"No verifiable source exists; claim is speculative, private, unrecorded or about the future.",N/A,personal-private
573,A tiger sighted near Pretoria in 1949 weighed exactly 218 kg.,Unverified,"No verifiable source exists; claim is speculative, private, unrecorded or about the future.",N/A,unrecorded-detail
574,48 multiplied by 88 equals 4224.,Verified,48*88=4224,Computed,arithmetic
575,967 plus 329 equals 1298.,Contradicted,Correct fact: 967+329=1296,Computed,arithmetic
576,26 multiplied by 35 equals 930.,Contradicted,Correct fact: 26*35=910,Computed,arithmetic
577,84 multiplied by 50 equals 4220.,Contradicted,Correct fact: 84*50=4200,Computed,arithmetic
578,924 plus 319 equals 1343.,Contradicted,Correct fact: 924+319=1243,Computed,arithmetic
579,50 multiplied by 98 equals 4910.,Contradicted,Correct fact: 50*98=4900,Computed,arithmetic
580,Ancient traders from Mexico secretly reached the Americas around the year 579.,Unverified,"No verifiable source exists; claim is speculative, private, unrecorded or about the future.",N/A,speculation
581,An undiscovered manuscript in a library in Brasilia contains an unknown play by Harper Lee.,Unverified,"No verifiable source exists; claim is speculative, private, unrecorded or about the future.",N/A,speculation
582,621 plus 737 equals 1348.,Contradicted,Correct fact: 621+737=1358,Computed,arithmetic
583,The chemical symbol for Radon is Ne.,Contradicted,Correct fact: Radon: symbol Rn,IUPAC Periodic Table,chemistry
584,895 plus 513 equals 1408.,Verified,895+513=1408,Computed,arithmetic
585,743 plus 98 equals 841.,Verified,743+98=841,Computed,arithmetic
586,An undiscovered manuscript in a library in Kabul contains an unknown play by Bram Stoker.,Unverified,"No verifiable source exists; claim is speculative, private, unrecorded or about the future.",N/A,speculation
587,The next major earthquake in Bangladesh will occur in the month of February 2057.,Unverified,"No verifiable source exists; claim is speculative, private, unrecorded or about the future.",N/A,future-prediction
588,24 multiplied by 18 equals 432.,Verified,24*18=432,Computed,arithmetic
589,63 multiplied by 61 equals 3863.,Contradicted,Correct fact: 63*61=3843,Computed,arithmetic
590,340 plus 117 equals 447.,Contradicted,Correct fact: 340+117=457,Computed,arithmetic
591,A secret tunnel reportedly connects the main railway station of Seoul to a hidden vault.,Unverified,"No verifiable source exists; claim is speculative, private, unrecorded or about the future.",N/A,rumor
592,61 multiplied by 36 equals 2196.,Verified,61*36=2196,Computed,arithmetic
593,The grandmother of Fatima Khan once met a famous scientist in Sofia in 1945.,Unverified,"No verifiable source exists; claim is speculative, private, unrecorded or about the future.",N/A,personal-private
594,947 plus 856 equals 1804.,Contradicted,Correct fact: 947+856=1803,Computed,arithmetic
595,511 plus 236 equals 747.,Verified,511+236=747,Computed,arithmetic
596,588 plus 318 equals 906.,Verified,588+318=906,Computed,arithmetic
597,319 plus 890 equals 1219.,Contradicted,Correct fact: 319+890=1209,Computed,arithmetic
598,The square root of 121 is 11.,Verified,11^2=121,Computed,mathematics
599,The next major earthquake in Germany will occur in the month of February 2057.,Unverified,"No verifiable source exists; claim is speculative, private, unrecorded or about the future.",N/A,future-prediction
600,Manila is the capital city of Philippines.,Verified,Capital of Philippines = Manila,CIA World Factbook / UN,geography
601,Vladimir Nabokov is the author of Jane Eyre.,Contradicted,Correct fact: Jane Eyre -> Charlotte Bronte,Library of Congress catalogue,literature
602,28 multiplied by 29 equals 812.,Verified,28*29=812,Computed,arithmetic
603,The next major earthquake in Serbia will occur in the month of November 2035.,Unverified,"No verifiable source exists; claim is speculative, private, unrecorded or about the future.",N/A,future-prediction
604,"By 2065, the population of Indonesia will exceed 100 million.",Unverified,"No verifiable source exists; claim is speculative, private, unrecorded or about the future.",N/A,future-prediction
605,34 multiplied by 94 equals 3196.,Verified,34*94=3196,Computed,arithmetic
606,"74 kilometres equals 74,000 metres.",Verified,1 km = 1000 m,SI definition,units
607,Harish Gupta ate a salad for lunch on 2 March 1993.,Unverified,"No verifiable source exists; claim is speculative, private, unrecorded or about the future.",N/A,personal-private
608,"Exactly 73,049 people walked through a street market in Mexico City on 18 July 1974.",Unverified,"No verifiable source exists; claim is speculative, private, unrecorded or about the future.",N/A,unrecorded-detail
609,The mayor of Bangkok privately decided in 1968 to rename a bridge after a childhood friend.,Unverified,"No verifiable source exists; claim is speculative, private, unrecorded or about the future.",N/A,unrecorded-detail
610,An undiscovered manuscript in a library in Dakar contains an unknown play by Gustave Flaubert.,Unverified,"No verifiable source exists; claim is speculative, private, unrecorded or about the future.",N/A,speculation
611,69 plus 664 equals 733.,Verified,69+664=733,Computed,arithmetic
612,680 plus 969 equals 1649.,Verified,680+969=1649,Computed,arithmetic
613,780 plus 487 equals 1269.,Contradicted,Correct fact: 780+487=1267,Computed,arithmetic
614,304 plus 377 equals 681.,Verified,304+377=681,Computed,arithmetic
615,An undiscovered manuscript in a library in Moscow contains an unknown play by Salman Rushdie.,Unverified,"No verifiable source exists; claim is speculative, private, unrecorded or about the future.",N/A,speculation
616,23 multiplied by 85 equals 1955.,Verified,23*85=1955,Computed,arithmetic
617,The capital of the Indian state of Tamil Nadu is heart.,Contradicted,Correct fact: The capital of the Indian state of Tamil Nadu is Chennai,Standard reference texts,general knowledge
618,802 plus 607 equals 1409.,Verified,802+607=1409,Computed,arithmetic
619,An undiscovered manuscript in a library in Vientiane contains an unknown play by Miguel de Cervantes.,Unverified,"No verifiable source exists; claim is speculative, private, unrecorded or about the future.",N/A,speculation
620,33 multiplied by 15 equals 475.,Contradicted,Correct fact: 33*15=495,Computed,arithmetic
621,55 multiplied by 25 equals 1376.,Contradicted,Correct fact: 55*25=1375,Computed,arithmetic
622,A tiger sighted near Tehran in 1949 weighed exactly 174 kg.,Unverified,"No verifiable source exists; claim is speculative, private, unrecorded or about the future.",N/A,unrecorded-detail
623,Sanjay Rao ate dal and rice for lunch on 3 September 2007.,Unverified,"No verifiable source exists; claim is speculative, private, unrecorded or about the future.",N/A,personal-private
624,838 plus 451 equals 1289.,Verified,838+451=1289,Computed,arithmetic
625,57 plus 15 equals 72.,Verified,57+15=72,Computed,arithmetic
626,751 plus 492 equals 1343.,Contradicted,Correct fact: 751+492=1243,Computed,arithmetic
627,The capital of Colombia is Rabat.,Contradicted,Correct fact: Capital of Colombia = Bogota,CIA World Factbook / UN,geography
628,An undiscovered manuscript in a library in Madrid contains an unknown play by Emily Bronte.,Unverified,"No verifiable source exists; claim is speculative, private, unrecorded or about the future.",N/A,speculation
629,"Exactly 87,146 people walked through a street market in Reykjavik on 3 July 1965.",Unverified,"No verifiable source exists; claim is speculative, private, unrecorded or about the future.",N/A,unrecorded-detail
630,401 plus 835 equals 1336.,Contradicted,Correct fact: 401+835=1236,Computed,arithmetic
631,The square root of 2601 is 48.,Contradicted,Correct fact: 51^2=2601,Computed,mathematics
632,"Exactly 35,214 people walked through a street market in Nairobi on 19 October 1989.",Unverified,"No verifiable source exists; claim is speculative, private, unrecorded or about the future.",N/A,unrecorded-detail
633,A tiger sighted near Kyiv in 1948 weighed exactly 217 kg.,Unverified,"No verifiable source exists; claim is speculative, private, unrecorded or about the future.",N/A,unrecorded-detail
634,13 degrees Celsius equals 55.4 degrees Fahrenheit.,Verified,F=C*9/5+32=55.4,SI / standard conversion,units
635,The square root of 1089 is 32.,Contradicted,Correct fact: 33^2=1089,Computed,mathematics
636,631 plus 799 equals 1430.,Verified,631+799=1430,Computed,arithmetic
637,The square root of 2601 is 50.,Contradicted,Correct fact: 51^2=2601,Computed,mathematics
638,A secret tunnel reportedly connects the main railway station of Kathmandu to a hidden vault.,Unverified,"No verifiable source exists; claim is speculative, private, unrecorded or about the future.",N/A,rumor
639,39 plus 623 equals 663.,Contradicted,Correct fact: 39+623=662,Computed,arithmetic
640,The mayor of Bangkok privately decided in 1977 to rename a bridge after a childhood friend.,Unverified,"No verifiable source exists; claim is speculative, private, unrecorded or about the future.",N/A,unrecorded-detail
641,584 plus 234 equals 818.,Verified,584+234=818,Computed,arithmetic
642,626 plus 750 equals 1378.,Contradicted,Correct fact: 626+750=1376,Computed,arithmetic
643,The stock price of a randomly chosen company will rise exactly 9% next year.,Unverified,"No verifiable source exists; claim is speculative, private, unrecorded or about the future.",N/A,future-prediction
644,The next major earthquake in Denmark will occur in the month of May 2037.,Unverified,"No verifiable source exists; claim is speculative, private, unrecorded or about the future.",N/A,future-prediction
645,122 plus 604 equals 726.,Verified,122+604=726,Computed,arithmetic
646,238 plus 771 equals 1009.,Verified,238+771=1009,Computed,arithmetic
647,The square root of 2209 is 49.,Contradicted,Correct fact: 47^2=2209,Computed,mathematics
648,122 plus 403 equals 525.,Verified,122+403=525,Computed,arithmetic
649,68 multiplied by 60 equals 4090.,Contradicted,Correct fact: 68*60=4080,Computed,arithmetic
650,"242 kilometres equals 242,000 metres.",Verified,1 km = 1000 m,SI definition,units
651,The grandmother of Rohan Mehta once met a famous scientist in Paris in 1978.,Unverified,"No verifiable source exists; claim is speculative, private, unrecorded or about the future.",N/A,personal-private
652,53 plus 58 equals 101.,Contradicted,Correct fact: 53+58=111,Computed,arithmetic
653,36 plus 687 equals 723.,Verified,36+687=723,Computed,arithmetic
654,51 multiplied by 41 equals 2091.,Verified,51*41=2091,Computed,arithmetic
655,438 plus 609 equals 1046.,Contradicted,Correct fact: 438+609=1047,Computed,arithmetic
656,The grandmother of Rohan Mehta once met a famous scientist in Sucre in 1933.,Unverified,"No verifiable source exists; claim is speculative, private, unrecorded or about the future.",N/A,personal-private
657,586 plus 797 equals 1383.,Verified,586+797=1383,Computed,arithmetic
658,"331 kilometres equals 33,100 metres.",Contradicted,Correct fact: 1 km = 1000 m,SI definition,units
659,372 plus 531 equals 893.,Contradicted,Correct fact: 372+531=903,Computed,arithmetic
660,An undiscovered manuscript in a library in Cairo contains an unknown play by Gabriel Garcia Marquez.,Unverified,"No verifiable source exists; claim is speculative, private, unrecorded or about the future.",N/A,speculation
661,"168 kilometres equals 168,000 metres.",Verified,1 km = 1000 m,SI definition,units
662,107 is a composite number.,Contradicted,Correct fact: 107 is prime,Computed,mathematics
663,242 plus 366 equals 610.,Contradicted,Correct fact: 242+366=608,Computed,arithmetic
664,32 multiplied by 24 equals 758.,Contradicted,Correct fact: 32*24=768,Computed,arithmetic
665,112 is a prime number.,Contradicted,Correct fact: 112 divisible by 2,Computed,mathematics
666,Ancient traders from Israel secretly reached the Americas around the year 310.,Unverified,"No verifiable source exists; claim is speculative, private, unrecorded or about the future.",N/A,speculation
667,97 multiplied by 23 equals 2231.,Verified,97*23=2231,Computed,arithmetic
668,Arjun Reddy ate khichdi for lunch on 27 June 1993.,Unverified,"No verifiable source exists; claim is speculative, private, unrecorded or about the future.",N/A,personal-private
669,14 plus 301 equals 315.,Verified,14+301=315,Computed,arithmetic
670,-21 degrees Celsius equals -5.8 degrees Fahrenheit.,Verified,F=C*9/5+32=-5.8,SI / standard conversion,units
671,The square root of 3600 is 59.,Contradicted,Correct fact: 60^2=3600,Computed,mathematics
672,82 multiplied by 90 equals 7380.,Verified,82*90=7380,Computed,arithmetic
673,The stock price of a randomly chosen company will rise exactly 40% next year.,Unverified,"No verifiable source exists; claim is speculative, private, unrecorded or about the future.",N/A,future-prediction
674,21 multiplied by 53 equals 1114.,Contradicted,Correct fact: 21*53=1113,Computed,arithmetic
675,The next major earthquake in Croatia will occur in the month of November 2042.,Unverified,"No verifiable source exists; claim is speculative, private, unrecorded or about the future.",N/A,future-prediction
676,The chemical symbol for Gold is Au.,Verified,Gold: symbol Au,IUPAC Periodic Table,chemistry
677,The capital of India is Caracas.,Contradicted,Correct fact: Capital of India = New Delhi,CIA World Factbook / UN,geography
678,970 plus 266 equals 1236.,Verified,970+266=1236,Computed,arithmetic
679,341 is a composite number.,Verified,341 divisible by 11,Computed,mathematics
680,"243 kilometres equals 24,300 metres.",Contradicted,Correct fact: 1 km = 1000 m,SI definition,units
681,The capital of Belgium is Dublin.,Contradicted,Correct fact: Capital of Belgium = Brussels,CIA World Factbook / UN,geography
682,Don Quixote was written by Jane Austen.,Contradicted,Correct fact: Don Quixote -> Miguel de Cervantes,Library of Congress catalogue,literature
683,The atomic number of Calcium is 27.,Contradicted,Correct fact: Calcium: Z=20,IUPAC Periodic Table,chemistry
684,688 plus 899 equals 1577.,Contradicted,Correct fact: 688+899=1587,Computed,arithmetic
685,"149 kilometres equals 14,900 metres.",Contradicted,Correct fact: 1 km = 1000 m,SI definition,units
686,958 plus 88 equals 1046.,Verified,958+88=1046,Computed,arithmetic
687,23 multiplied by 31 equals 713.,Verified,23*31=713,Computed,arithmetic
688,"People in Lisbon are, on average, 7 percent happier on Tuesdays than on Wednesdays.",Unverified,"No verifiable source exists; claim is speculative, private, unrecorded or about the future.",N/A,unsourced-claim
689,940 plus 415 equals 1355.,Verified,940+415=1355,Computed,arithmetic
690,59 multiplied by 71 equals 4189.,Verified,59*71=4189,Computed,arithmetic
691,74 multiplied by 82 equals 6048.,Contradicted,Correct fact: 74*82=6068,Computed,arithmetic
692,38 plus 765 equals 803.,Verified,38+765=803,Computed,arithmetic
693,"388 kilometres equals 38,800 metres.",Contradicted,Correct fact: 1 km = 1000 m,SI definition,units
694,214 plus 189 equals 403.,Verified,214+189=403,Computed,arithmetic
695,"388 kilometres equals 388,000 metres.",Verified,1 km = 1000 m,SI definition,units
696,The square root of 1849 is 45.,Contradicted,Correct fact: 43^2=1849,Computed,mathematics
697,Ancient traders from Laos secretly reached the Americas around the year 930.,Unverified,"No verifiable source exists; claim is speculative, private, unrecorded or about the future.",N/A,speculation
698,"People in Belgrade are, on average, 3 percent happier on Tuesdays than on Wednesdays.",Unverified,"No verifiable source exists; claim is speculative, private, unrecorded or about the future.",N/A,unsourced-claim
699,Dr. Vikram Sethi published a study in the Proceedings of the Local Research Circle in 1978 proving a cure for the common cold.,Unverified,"No verifiable source exists; claim is speculative, private, unrecorded or about the future.",N/A,unsourced-claim
700,421 plus 261 equals 682.,Verified,421+261=682,Computed,arithmetic
701,126 is a prime number.,Contradicted,Correct fact: 126 divisible by 2,Computed,mathematics
702,92 multiplied by 94 equals 8648.,Verified,92*94=8648,Computed,arithmetic
703,92 multiplied by 21 equals 1952.,Contradicted,Correct fact: 92*21=1932,Computed,arithmetic
704,An undiscovered manuscript in a library in Bangkok contains an unknown play by Salman Rushdie.,Unverified,"No verifiable source exists; claim is speculative, private, unrecorded or about the future.",N/A,speculation
705,196 plus 186 equals 382.,Verified,196+186=382,Computed,arithmetic
706,The grandmother of Karan Bhatia once met a famous scientist in Warsaw in 1960.,Unverified,"No verifiable source exists; claim is speculative, private, unrecorded or about the future.",N/A,personal-private
707,A tiger sighted near Sucre in 1930 weighed exactly 152 kg.,Unverified,"No verifiable source exists; claim is speculative, private, unrecorded or about the future.",N/A,unrecorded-detail
708,"People in Hanoi are, on average, 6 percent happier on Tuesdays than on Wednesdays.",Unverified,"No verifiable source exists; claim is speculative, private, unrecorded or about the future.",N/A,unsourced-claim
709,47 multiplied by 69 equals 3243.,Verified,47*69=3243,Computed,arithmetic
710,The structure of dna (double helix model) is credited to James Watson and Francis Crick.,Verified,the structure of DNA (double helix model) -> James Watson and Francis Crick,Encyclopaedia Britannica,science history
711,The grandmother of Harish Gupta once met a famous scientist in Caracas in 1945.,Unverified,"No verifiable source exists; claim is speculative, private, unrecorded or about the future.",N/A,personal-private
712,62 multiplied by 21 equals 1302.,Verified,62*21=1302,Computed,arithmetic
713,220 plus 432 equals 652.,Verified,220+432=652,Computed,arithmetic
714,92 multiplied by 43 equals 3946.,Contradicted,Correct fact: 92*43=3956,Computed,arithmetic
715,251 plus 847 equals 1098.,Verified,251+847=1098,Computed,arithmetic
716,56 multiplied by 69 equals 3854.,Contradicted,Correct fact: 56*69=3864,Computed,arithmetic
717,88 is a prime number.,Contradicted,Correct fact: 88 divisible by 2,Computed,mathematics
718,"People in Moscow are, on average, 2 percent happier on Tuesdays than on Wednesdays.",Unverified,"No verifiable source exists; claim is speculative, private, unrecorded or about the future.",N/A,unsourced-claim
719,78 multiplied by 91 equals 7078.,Contradicted,Correct fact: 78*91=7098,Computed,arithmetic
720,395 is a composite number.,Verified,395 divisible by 5,Computed,mathematics
721,"239 kilometres equals 239,000 metres.",Verified,1 km = 1000 m,SI definition,units
722,77 multiplied by 27 equals 2079.,Verified,77*27=2079,Computed,arithmetic
723,56 multiplied by 73 equals 4098.,Contradicted,Correct fact: 56*73=4088,Computed,arithmetic
724,27 multiplied by 23 equals 621.,Verified,27*23=621,Computed,arithmetic
725,The next major earthquake in Uruguay will occur in the month of May 2034.,Unverified,"No verifiable source exists; claim is speculative, private, unrecorded or about the future.",N/A,future-prediction
726,17 multiplied by 93 equals 1581.,Verified,17*93=1581,Computed,arithmetic
727,93 multiplied by 30 equals 2790.,Verified,93*30=2790,Computed,arithmetic
728,730 plus 913 equals 1642.,Contradicted,Correct fact: 730+913=1643,Computed,arithmetic
729,"48 kilometres equals 4,800 metres.",Contradicted,Correct fact: 1 km = 1000 m,SI definition,units
730,A secret tunnel reportedly connects the main railway station of Bangkok to a hidden vault.,Unverified,"No verifiable source exists; claim is speculative, private, unrecorded or about the future.",N/A,rumor
731,"281 kilometres equals 28,100 metres.",Contradicted,Correct fact: 1 km = 1000 m,SI definition,units
732,795 plus 579 equals 1374.,Verified,795+579=1374,Computed,arithmetic
733,The next major earthquake in Iraq will occur in the month of May 2054.,Unverified,"No verifiable source exists; claim is speculative, private, unrecorded or about the future.",N/A,future-prediction
734,The next major earthquake in Canada will occur in the month of May 2031.,Unverified,"No verifiable source exists; claim is speculative, private, unrecorded or about the future.",N/A,future-prediction
735,"People in Rome are, on average, 6 percent happier on Tuesdays than on Wednesdays.",Unverified,"No verifiable source exists; claim is speculative, private, unrecorded or about the future.",N/A,unsourced-claim
736,An undiscovered manuscript in a library in Havana contains an unknown play by Dante Alighieri.,Unverified,"No verifiable source exists; claim is speculative, private, unrecorded or about the future.",N/A,speculation
737,381 plus 195 equals 576.,Verified,381+195=576,Computed,arithmetic
738,"305 kilometres equals 305,000 metres.",Verified,1 km = 1000 m,SI definition,units
739,62 multiplied by 81 equals 5021.,Contradicted,Correct fact: 62*81=5022,Computed,arithmetic
740,392 plus 579 equals 961.,Contradicted,Correct fact: 392+579=971,Computed,arithmetic
741,Ancient traders from Kazakhstan secretly reached the Americas around the year 1010.,Unverified,"No verifiable source exists; claim is speculative, private, unrecorded or about the future.",N/A,speculation
742,14 multiplied by 47 equals 668.,Contradicted,Correct fact: 14*47=658,Computed,arithmetic
743,Gustave Flaubert is the author of The Hobbit.,Contradicted,Correct fact: The Hobbit -> J. R. R. Tolkien,Library of Congress catalogue,literature
744,26 hours equal 1560 minutes.,Verified,1 h = 60 min,SI definition,units
745,96 multiplied by 58 equals 5548.,Contradicted,Correct fact: 96*58=5568,Computed,arithmetic
746,955 plus 91 equals 1146.,Contradicted,Correct fact: 955+91=1046,Computed,arithmetic
747,41 is a prime number.,Verified,41 is prime,Computed,mathematics
748,320 is a prime number.,Contradicted,Correct fact: 320 divisible by 2,Computed,mathematics
749,22 degrees Celsius equals 71.6 degrees Fahrenheit.,Verified,F=C*9/5+32=71.6,SI / standard conversion,units
750,133 is a composite number.,Verified,133 divisible by 7,Computed,mathematics
751,105 plus 493 equals 598.,Verified,105+493=598,Computed,arithmetic
752,961 plus 306 equals 1268.,Contradicted,Correct fact: 961+306=1267,Computed,arithmetic
753,725 plus 314 equals 1041.,Contradicted,Correct fact: 725+314=1039,Computed,arithmetic
754,The square root of 3481 is 61.,Contradicted,Correct fact: 59^2=3481,Computed,mathematics
755,32 is a prime number.,Contradicted,Correct fact: 32 divisible by 2,Computed,mathematics
756,93 multiplied by 66 equals 6138.,Verified,93*66=6138,Computed,arithmetic
757,72 multiplied by 85 equals 6140.,Contradicted,Correct fact: 72*85=6120,Computed,arithmetic
758,"296 kilometres equals 296,000 metres.",Verified,1 km = 1000 m,SI definition,units
759,458 plus 857 equals 1315.,Verified,458+857=1315,Computed,arithmetic
760,912 plus 764 equals 1676.,Verified,912+764=1676,Computed,arithmetic
761,77 multiplied by 44 equals 3398.,Contradicted,Correct fact: 77*44=3388,Computed,arithmetic
762,The capital of Pakistan is Islamabad.,Verified,Capital of Pakistan = Islamabad,CIA World Factbook / UN,geography
763,"Exactly 48,011 people walked through a street market in Sofia on 15 April 1952.",Unverified,"No verifiable source exists; claim is speculative, private, unrecorded or about the future.",N/A,unrecorded-detail
764,40 multiplied by 53 equals 2120.,Verified,40*53=2120,Computed,arithmetic
765,20 multiplied by 17 equals 340.,Verified,20*17=340,Computed,arithmetic
766,The square root of 225 is 15.,Verified,15^2=225,Computed,mathematics
767,564 plus 148 equals 722.,Contradicted,Correct fact: 564+148=712,Computed,arithmetic
768,Ancient traders from Philippines secretly reached the Americas around the year 302.,Unverified,"No verifiable source exists; claim is speculative, private, unrecorded or about the future.",N/A,speculation
769,306 is a prime number.,Contradicted,Correct fact: 306 divisible by 2,Computed,mathematics
770,The mayor of Buenos Aires privately decided in 2014 to rename a bridge after a childhood friend.,Unverified,"No verifiable source exists; claim is speculative, private, unrecorded or about the future.",N/A,unrecorded-detail
771,914 plus 473 equals 1387.,Verified,914+473=1387,Computed,arithmetic
772,The mayor of Moscow privately decided in 2009 to rename a bridge after a childhood friend.,Unverified,"No verifiable source exists; claim is speculative, private, unrecorded or about the future.",N/A,unrecorded-detail
773,600 plus 404 equals 1005.,Contradicted,Correct fact: 600+404=1004,Computed,arithmetic
774,997 plus 905 equals 1902.,Verified,997+905=1902,Computed,arithmetic
775,371 plus 893 equals 1264.,Verified,371+893=1264,Computed,arithmetic
776,Brave New World was written by Aldous Huxley.,Verified,Brave New World -> Aldous Huxley,Library of Congress catalogue,literature
777,98 multiplied by 52 equals 5096.,Verified,98*52=5096,Computed,arithmetic
778,635 plus 552 equals 1187.,Verified,635+552=1187,Computed,arithmetic
779,49 multiplied by 46 equals 2264.,Contradicted,Correct fact: 49*46=2254,Computed,arithmetic
780,The grandmother of Fatima Khan once met a famous scientist in Kuala Lumpur in 1938.,Unverified,"No verifiable source exists; claim is speculative, private, unrecorded or about the future.",N/A,personal-private
781,3 degrees Celsius equals 37.4 degrees Fahrenheit.,Verified,F=C*9/5+32=37.4,SI / standard conversion,units
782,80 multiplied by 37 equals 2959.,Contradicted,Correct fact: 80*37=2960,Computed,arithmetic
783,338 plus 310 equals 648.,Verified,338+310=648,Computed,arithmetic
784,Dr. Neha Kulkarni published a study in the Journal of Applied Obscure Studies in 2003 proving a cure for the common cold.,Unverified,"No verifiable source exists; claim is speculative, private, unrecorded or about the future.",N/A,unsourced-claim
785,107 degrees Celsius equals 229.6 degrees Fahrenheit.,Contradicted,Correct fact: F=C*9/5+32=224.6,SI / standard conversion,units
786,The chemical symbol for Platinum is Pt.,Verified,Platinum: symbol Pt,IUPAC Periodic Table,chemistry
787,"362 kilometres equals 36,200 metres.",Contradicted,Correct fact: 1 km = 1000 m,SI definition,units
788,722 plus 519 equals 1241.,Verified,722+519=1241,Computed,arithmetic
789,352 plus 873 equals 1225.,Verified,352+873=1225,Computed,arithmetic
790,Sanjay Rao ate pasta for lunch on 22 June 2012.,Unverified,"No verifiable source exists; claim is speculative, private, unrecorded or about the future.",N/A,personal-private
791,50 multiplied by 12 equals 600.,Verified,50*12=600,Computed,arithmetic
792,602 plus 283 equals 895.,Contradicted,Correct fact: 602+283=885,Computed,arithmetic
793,79 degrees Celsius equals 169.2 degrees Fahrenheit.,Contradicted,Correct fact: F=C*9/5+32=174.2,SI / standard conversion,units
794,The mayor of Havana privately decided in 1981 to rename a bridge after a childhood friend.,Unverified,"No verifiable source exists; claim is speculative, private, unrecorded or about the future.",N/A,unrecorded-detail
795,95 multiplied by 67 equals 6365.,Verified,95*67=6365,Computed,arithmetic
796,Dr. Meera Joshi published a study in the Regional Review of Unlisted Science in 1982 proving a cure for the common cold.,Unverified,"No verifiable source exists; claim is speculative, private, unrecorded or about the future.",N/A,unsourced-claim
797,The capital of Argentina is Buenos Aires.,Verified,Capital of Argentina = Buenos Aires,CIA World Factbook / UN,geography
798,222 is a prime number.,Contradicted,Correct fact: 222 divisible by 2,Computed,mathematics
799,347 plus 968 equals 1315.,Verified,347+968=1315,Computed,arithmetic
800,72 multiplied by 58 equals 4176.,Verified,72*58=4176,Computed,arithmetic
801,131 plus 708 equals 837.,Contradicted,Correct fact: 131+708=839,Computed,arithmetic
802,"Exactly 18,348 people walked through a street market in Sofia on 16 July 1974.",Unverified,"No verifiable source exists; claim is speculative, private, unrecorded or about the future.",N/A,unrecorded-detail
803,Athens is the capital city of Portugal.,Contradicted,Correct fact: Capital of Portugal = Lisbon,CIA World Factbook / UN,geography
804,740 plus 341 equals 1181.,Contradicted,Correct fact: 740+341=1081,Computed,arithmetic
805,A tiger sighted near Copenhagen in 1938 weighed exactly 169 kg.,Unverified,"No verifiable source exists; claim is speculative, private, unrecorded or about the future.",N/A,unrecorded-detail
806,The grandmother of Sanjay Rao once met a famous scientist in Brasilia in 1973.,Unverified,"No verifiable source exists; claim is speculative, private, unrecorded or about the future.",N/A,personal-private
807,The mayor of Berlin privately decided in 2011 to rename a bridge after a childhood friend.,Unverified,"No verifiable source exists; claim is speculative, private, unrecorded or about the future.",N/A,unrecorded-detail
808,"54 kilometres equals 54,000 metres.",Verified,1 km = 1000 m,SI definition,units
809,Arjun Reddy ate poha for lunch on 23 December 1993.,Unverified,"No verifiable source exists; claim is speculative, private, unrecorded or about the future.",N/A,personal-private
810,The capital of the Indian state of West Bengal is Kolkata.,Verified,The capital of the Indian state of West Bengal is Kolkata,Standard reference texts,general knowledge
811,294 is a composite number.,Verified,294 divisible by 2,Computed,mathematics
812,The stock price of a randomly chosen company will rise exactly 17% next year.,Unverified,"No verifiable source exists; claim is speculative, private, unrecorded or about the future.",N/A,future-prediction
813,712 plus 859 equals 1571.,Verified,712+859=1571,Computed,arithmetic
814,"People in Budapest are, on average, 3 percent happier on Tuesdays than on Wednesdays.",Unverified,"No verifiable source exists; claim is speculative, private, unrecorded or about the future.",N/A,unsourced-claim
815,"442 kilometres equals 442,000 metres.",Verified,1 km = 1000 m,SI definition,units
816,983 plus 880 equals 1963.,Contradicted,Correct fact: 983+880=1863,Computed,arithmetic
817,221 is a prime number.,Contradicted,Correct fact: 221 divisible by 13,Computed,mathematics
818,Ancient traders from Mongolia secretly reached the Americas around the year 883.,Unverified,"No verifiable source exists; claim is speculative, private, unrecorded or about the future.",N/A,speculation
819,"People in Caracas are, on average, 2 percent happier on Tuesdays than on Wednesdays.",Unverified,"No verifiable source exists; claim is speculative, private, unrecorded or about the future.",N/A,unsourced-claim
820,184 is a prime number.,Contradicted,Correct fact: 184 divisible by 2,Computed,mathematics
821,73 multiplied by 89 equals 6477.,Contradicted,Correct fact: 73*89=6497,Computed,arithmetic
822,The grandmother of Neha Kulkarni once met a famous scientist in Sofia in 1953.,Unverified,"No verifiable source exists; claim is speculative, private, unrecorded or about the future.",N/A,personal-private
823,54 multiplied by 45 equals 2430.,Verified,54*45=2430,Computed,arithmetic
824,An undiscovered manuscript in a library in Naypyidaw contains an unknown play by Miguel de Cervantes.,Unverified,"No verifiable source exists; claim is speculative, private, unrecorded or about the future.",N/A,speculation
825,251 is a composite number.,Contradicted,Correct fact: 251 is prime,Computed,mathematics
826,The next major earthquake in Finland will occur in the month of May 2027.,Unverified,"No verifiable source exists; claim is speculative, private, unrecorded or about the future.",N/A,future-prediction
827,152 plus 170 equals 322.,Verified,152+170=322,Computed,arithmetic
828,"Washington, D.C. is the capital city of United States.",Verified,"Capital of United States = Washington, D.C.",CIA World Factbook / UN,geography
829,Dr. Sanjay Rao published a study in the Journal of Applied Obscure Studies in 1978 proving a cure for the common cold.,Unverified,"No verifiable source exists; claim is speculative, private, unrecorded or about the future.",N/A,unsourced-claim
830,The mayor of Tokyo privately decided in 1995 to rename a bridge after a childhood friend.,Unverified,"No verifiable source exists; claim is speculative, private, unrecorded or about the future.",N/A,unrecorded-detail
831,An undiscovered manuscript in a library in Ulaanbaatar contains an unknown play by Jane Austen.,Unverified,"No verifiable source exists; claim is speculative, private, unrecorded or about the future.",N/A,speculation
832,871 plus 743 equals 1614.,Verified,871+743=1614,Computed,arithmetic
833,Lakshmi Iyer ate a salad for lunch on 2 June 1997.,Unverified,"No verifiable source exists; claim is speculative, private, unrecorded or about the future.",N/A,personal-private
834,"Exactly 27,515 people walked through a street market in Hanoi on 7 April 1973.",Unverified,"No verifiable source exists; claim is speculative, private, unrecorded or about the future.",N/A,unrecorded-detail
835,The chemical formula of methane is heart.,Contradicted,Correct fact: The chemical formula of methane is CH4,Standard reference texts,general knowledge
836,155 plus 58 equals 213.,Verified,155+58=213,Computed,arithmetic
837,268 is a prime number.,Contradicted,Correct fact: 268 divisible by 2,Computed,mathematics
838,73 multiplied by 65 equals 4745.,Verified,73*65=4745,Computed,arithmetic
839,613 plus 753 equals 1376.,Contradicted,Correct fact: 613+753=1366,Computed,arithmetic
840,145 is a prime number.,Contradicted,Correct fact: 145 divisible by 5,Computed,mathematics
841,165 plus 180 equals 344.,Contradicted,Correct fact: 165+180=345,Computed,arithmetic
842,Boron has 5 protons in a neutral atom's nucleus.,Verified,Boron: Z=5,IUPAC Periodic Table,chemistry
843,Dr. Harish Gupta published a study in the Proceedings of the Local Research Circle in 1999 proving a cure for the common cold.,Unverified,"No verifiable source exists; claim is speculative, private, unrecorded or about the future.",N/A,unsourced-claim
844,69 multiplied by 22 equals 1518.,Verified,69*22=1518,Computed,arithmetic
845,"380 kilometres equals 38,000 metres.",Contradicted,Correct fact: 1 km = 1000 m,SI definition,units
846,Sucre is the capital city of Bolivia.,Verified,Capital of Bolivia = Sucre,CIA World Factbook / UN,geography
847,"People in Lima are, on average, 2 percent happier on Tuesdays than on Wednesdays.",Unverified,"No verifiable source exists; claim is speculative, private, unrecorded or about the future.",N/A,unsourced-claim
848,The grandmother of Meera Joshi once met a famous scientist in Bucharest in 1980.,Unverified,"No verifiable source exists; claim is speculative, private, unrecorded or about the future.",N/A,personal-private
849,The stock price of a randomly chosen company will rise exactly 19% next year.,Unverified,"No verifiable source exists; claim is speculative, private, unrecorded or about the future.",N/A,future-prediction
850,62 multiplied by 40 equals 2480.,Verified,62*40=2480,Computed,arithmetic
851,A tiger sighted near Wellington in 1946 weighed exactly 222 kg.,Unverified,"No verifiable source exists; claim is speculative, private, unrecorded or about the future.",N/A,unrecorded-detail
852,"People in Nairobi are, on average, 7 percent happier on Tuesdays than on Wednesdays.",Unverified,"No verifiable source exists; claim is speculative, private, unrecorded or about the future.",N/A,unsourced-claim
853,The square root of 1764 is 42.,Verified,42^2=1764,Computed,mathematics
854,238 is a composite number.,Verified,238 divisible by 2,Computed,mathematics
855,The grandmother of Fatima Khan once met a famous scientist in Brussels in 1949.,Unverified,"No verifiable source exists; claim is speculative, private, unrecorded or about the future.",N/A,personal-private
856,"By 2090, the population of Philippines will exceed 300 million.",Unverified,"No verifiable source exists; claim is speculative, private, unrecorded or about the future.",N/A,future-prediction
857,The mayor of Rabat privately decided in 1972 to rename a bridge after a childhood friend.,Unverified,"No verifiable source exists; claim is speculative, private, unrecorded or about the future.",N/A,unrecorded-detail
858,16 multiplied by 90 equals 1450.,Contradicted,Correct fact: 16*90=1440,Computed,arithmetic
859,"487 kilometres equals 487,000 metres.",Verified,1 km = 1000 m,SI definition,units
860,"341 kilometres equals 341,000 metres.",Verified,1 km = 1000 m,SI definition,units
861,295 plus 899 equals 1204.,Contradicted,Correct fact: 295+899=1194,Computed,arithmetic
862,A tiger sighted near Dodoma in 1906 weighed exactly 180 kg.,Unverified,"No verifiable source exists; claim is speculative, private, unrecorded or about the future.",N/A,unrecorded-detail
863,Ananya Das ate a cheese sandwich for lunch on 13 September 2010.,Unverified,"No verifiable source exists; claim is speculative, private, unrecorded or about the future.",N/A,personal-private
864,"Exactly 8,503 people walked through a street market in Madrid on 24 April 1972.",Unverified,"No verifiable source exists; claim is speculative, private, unrecorded or about the future.",N/A,unrecorded-detail
865,Herman Melville is the author of Wuthering Heights.,Contradicted,Correct fact: Wuthering Heights -> Emily Bronte,Library of Congress catalogue,literature
866,-13 degrees Celsius equals 8.6 degrees Fahrenheit.,Verified,F=C*9/5+32=8.6,SI / standard conversion,units
867,Potassium has 16 protons in a neutral atom's nucleus.,Contradicted,Correct fact: Potassium: Z=19,IUPAC Periodic Table,chemistry
868,58 is a composite number.,Verified,58 divisible by 2,Computed,mathematics
869,Dr. Sanjay Rao published a study in the Journal of Applied Obscure Studies in 2006 proving a cure for the common cold.,Unverified,"No verifiable source exists; claim is speculative, private, unrecorded or about the future.",N/A,unsourced-claim
870,"Exactly 24,827 people walked through a street market in Stockholm on 5 April 1997.",Unverified,"No verifiable source exists; claim is speculative, private, unrecorded or about the future.",N/A,unrecorded-detail
871,Neon has 10 protons in a neutral atom's nucleus.,Verified,Neon: Z=10,IUPAC Periodic Table,chemistry
872,74 multiplied by 73 equals 5401.,Contradicted,Correct fact: 74*73=5402,Computed,arithmetic
873,An undiscovered manuscript in a library in Rome contains an unknown play by Leo Tolstoy.,Unverified,"No verifiable source exists; claim is speculative, private, unrecorded or about the future.",N/A,speculation
874,The grandmother of Fatima Khan once met a famous scientist in Brussels in 1964.,Unverified,"No verifiable source exists; claim is speculative, private, unrecorded or about the future.",N/A,personal-private
875,74 multiplied by 88 equals 6522.,Contradicted,Correct fact: 74*88=6512,Computed,arithmetic
876,49 multiplied by 55 equals 2675.,Contradicted,Correct fact: 49*55=2695,Computed,arithmetic
877,53 multiplied by 99 equals 5247.,Verified,53*99=5247,Computed,arithmetic
878,Pride and Prejudice was written by Jane Austen.,Verified,Pride and Prejudice -> Jane Austen,Library of Congress catalogue,literature
879,49 plus 312 equals 361.,Verified,49+312=361,Computed,arithmetic
880,The square root of 1936 is 42.,Contradicted,Correct fact: 44^2=1936,Computed,mathematics
881,The mayor of Colombo privately decided in 2010 to rename a bridge after a childhood friend.,Unverified,"No verifiable source exists; claim is speculative, private, unrecorded or about the future.",N/A,unrecorded-detail
882,99 multiplied by 36 equals 3565.,Contradicted,Correct fact: 99*36=3564,Computed,arithmetic
883,95 is a prime number.,Contradicted,Correct fact: 95 divisible by 5,Computed,mathematics
884,-24 degrees Celsius equals -11.2 degrees Fahrenheit.,Verified,F=C*9/5+32=-11.2,SI / standard conversion,units
885,554 plus 149 equals 703.,Verified,554+149=703,Computed,arithmetic
886,48 multiplied by 50 equals 2420.,Contradicted,Correct fact: 48*50=2400,Computed,arithmetic
887,Neha Kulkarni ate a salad for lunch on 18 December 2002.,Unverified,"No verifiable source exists; claim is speculative, private, unrecorded or about the future.",N/A,personal-private
888,A tiger sighted near Sofia in 1920 weighed exactly 183 kg.,Unverified,"No verifiable source exists; claim is speculative, private, unrecorded or about the future.",N/A,unrecorded-detail
889,707 plus 829 equals 1537.,Contradicted,Correct fact: 707+829=1536,Computed,arithmetic
890,293 plus 20 equals 313.,Verified,293+20=313,Computed,arithmetic
891,341 plus 631 equals 973.,Contradicted,Correct fact: 341+631=972,Computed,arithmetic
892,194 plus 562 equals 756.,Verified,194+562=756,Computed,arithmetic
893,597 plus 545 equals 1140.,Contradicted,Correct fact: 597+545=1142,Computed,arithmetic
894,180 is a composite number.,Verified,180 divisible by 2,Computed,mathematics
895,337 is a composite number.,Contradicted,Correct fact: 337 is prime,Computed,mathematics
896,Lisbon is the capital city of Nepal.,Contradicted,Correct fact: Capital of Nepal = Kathmandu,CIA World Factbook / UN,geography
897,"90 kilometres equals 9,000 metres.",Contradicted,Correct fact: 1 km = 1000 m,SI definition,units
898,174 is a prime number.,Contradicted,Correct fact: 174 divisible by 2,Computed,mathematics
899,"Exactly 54,213 people walked through a street market in Dakar on 4 July 1960.",Unverified,"No verifiable source exists; claim is speculative, private, unrecorded or about the future.",N/A,unrecorded-detail
900,696 plus 61 equals 757.,Verified,696+61=757,Computed,arithmetic
901,The next major earthquake in Germany will occur in the month of August 2039.,Unverified,"No verifiable source exists; claim is speculative, private, unrecorded or about the future.",N/A,future-prediction
902,"Exactly 3,244 people walked through a street market in Canberra on 21 July 1976.",Unverified,"No verifiable source exists; claim is speculative, private, unrecorded or about the future.",N/A,unrecorded-detail
903,44 multiplied by 83 equals 3632.,Contradicted,Correct fact: 44*83=3652,Computed,arithmetic
904,265 plus 316 equals 581.,Verified,265+316=581,Computed,arithmetic
905,67 is a prime number.,Verified,67 is prime,Computed,mathematics
906,"Exactly 97,278 people walked through a street market in Astana on 26 October 1964.",Unverified,"No verifiable source exists; claim is speculative, private, unrecorded or about the future.",N/A,unrecorded-detail
907,479 plus 576 equals 1055.,Verified,479+576=1055,Computed,arithmetic
908,The grandmother of Arjun Reddy once met a famous scientist in New Delhi in 1963.,Unverified,"No verifiable source exists; claim is speculative, private, unrecorded or about the future.",N/A,personal-private
909,Fatima Khan ate dal and rice for lunch on 17 March 1993.,Unverified,"No verifiable source exists; claim is speculative, private, unrecorded or about the future.",N/A,personal-private
910,379 plus 74 equals 454.,Contradicted,Correct fact: 379+74=453,Computed,arithmetic
911,The atomic number of Oxygen is 8.,Verified,Oxygen: Z=8,IUPAC Periodic Table,chemistry
912,452 plus 628 equals 1080.,Verified,452+628=1080,Computed,arithmetic
913,Priya Nair ate a banana for lunch on 17 March 2009.,Unverified,"No verifiable source exists; claim is speculative, private, unrecorded or about the future.",N/A,personal-private
914,905 plus 716 equals 1621.,Verified,905+716=1621,Computed,arithmetic
915,83 multiplied by 73 equals 6058.,Contradicted,Correct fact: 83*73=6059,Computed,arithmetic
916,71 multiplied by 45 equals 3175.,Contradicted,Correct fact: 71*45=3195,Computed,arithmetic
917,The next major earthquake in Czech Republic will occur in the month of August 2053.,Unverified,"No verifiable source exists; claim is speculative, private, unrecorded or about the future.",N/A,future-prediction
918,630 plus 732 equals 1360.,Contradicted,Correct fact: 630+732=1362,Computed,arithmetic
919,The mayor of Astana privately decided in 1987 to rename a bridge after a childhood friend.,Unverified,"No verifiable source exists; claim is speculative, private, unrecorded or about the future.",N/A,unrecorded-detail
920,Priya Nair ate poha for lunch on 24 September 1995.,Unverified,"No verifiable source exists; claim is speculative, private, unrecorded or about the future.",N/A,personal-private
921,"430 kilometres equals 43,000 metres.",Contradicted,Correct fact: 1 km = 1000 m,SI definition,units
922,112 plus 790 equals 902.,Verified,112+790=902,Computed,arithmetic
923,329 is a prime number.,Contradicted,Correct fact: 329 divisible by 7,Computed,mathematics
924,132 plus 806 equals 938.,Verified,132+806=938,Computed,arithmetic
925,Argon has 18 protons in a neutral atom's nucleus.,Verified,Argon: Z=18,IUPAC Periodic Table,chemistry
926,An undiscovered manuscript in a library in Montevideo contains an unknown play by Victor Hugo.,Unverified,"No verifiable source exists; claim is speculative, private, unrecorded or about the future.",N/A,speculation
927,"Exactly 64,077 people walked through a street market in Reykjavik on 23 April 2003.",Unverified,"No verifiable source exists; claim is speculative, private, unrecorded or about the future.",N/A,unrecorded-detail
928,36 multiplied by 31 equals 1126.,Contradicted,Correct fact: 36*31=1116,Computed,arithmetic
929,"Exactly 28,047 people walked through a street market in Ulaanbaatar on 24 October 1996.",Unverified,"No verifiable source exists; claim is speculative, private, unrecorded or about the future.",N/A,unrecorded-detail
930,683 plus 716 equals 1389.,Contradicted,Correct fact: 683+716=1399,Computed,arithmetic
931,"405 kilometres equals 405,000 metres.",Verified,1 km = 1000 m,SI definition,units
932,660 plus 128 equals 790.,Contradicted,Correct fact: 660+128=788,Computed,arithmetic
933,An undiscovered manuscript in a library in Moscow contains an unknown play by William Shakespeare.,Unverified,"No verifiable source exists; claim is speculative, private, unrecorded or about the future.",N/A,speculation
934,"By 2117, the population of Philippines will exceed 800 million.",Unverified,"No verifiable source exists; claim is speculative, private, unrecorded or about the future.",N/A,future-prediction
935,461 plus 548 equals 1009.,Verified,461+548=1009,Computed,arithmetic
936,21 degrees Celsius equals 69.8 degrees Fahrenheit.,Verified,F=C*9/5+32=69.8,SI / standard conversion,units
937,-17 degrees Celsius equals -7.6 degrees Fahrenheit.,Contradicted,Correct fact: F=C*9/5+32=1.4,SI / standard conversion,units
938,Meera Joshi ate poha for lunch on 25 December 1990.,Unverified,"No verifiable source exists; claim is speculative, private, unrecorded or about the future.",N/A,personal-private
939,"230 kilometres equals 23,000 metres.",Contradicted,Correct fact: 1 km = 1000 m,SI definition,units
940,Seoul is the capital city of South Korea.,Verified,Capital of South Korea = Seoul,CIA World Factbook / UN,geography
941,963 plus 781 equals 1744.,Verified,963+781=1744,Computed,arithmetic
942,8 hours equal 800 minutes.,Contradicted,Correct fact: 1 h = 60 min,SI definition,units
943,347 plus 949 equals 1296.,Verified,347+949=1296,Computed,arithmetic
944,37 multiplied by 78 equals 2896.,Contradicted,Correct fact: 37*78=2886,Computed,arithmetic
945,80 multiplied by 52 equals 4160.,Verified,80*52=4160,Computed,arithmetic
946,Meera Joshi ate pasta for lunch on 8 March 1998.,Unverified,"No verifiable source exists; claim is speculative, private, unrecorded or about the future.",N/A,personal-private
947,The mayor of Havana privately decided in 1976 to rename a bridge after a childhood friend.,Unverified,"No verifiable source exists; claim is speculative, private, unrecorded or about the future.",N/A,unrecorded-detail
948,Ancient traders from United States secretly reached the Americas around the year 274.,Unverified,"No verifiable source exists; claim is speculative, private, unrecorded or about the future.",N/A,speculation
949,34 multiplied by 15 equals 510.,Verified,34*15=510,Computed,arithmetic
950,94 degrees Celsius equals 219.2 degrees Fahrenheit.,Contradicted,Correct fact: F=C*9/5+32=201.2,SI / standard conversion,units
951,97 multiplied by 24 equals 2308.,Contradicted,Correct fact: 97*24=2328,Computed,arithmetic
952,"178 kilometres equals 17,800 metres.",Contradicted,Correct fact: 1 km = 1000 m,SI definition,units
953,"Exactly 82,836 people walked through a street market in Addis Ababa on 10 October 1965.",Unverified,"No verifiable source exists; claim is speculative, private, unrecorded or about the future.",N/A,unrecorded-detail
954,413 plus 314 equals 737.,Contradicted,Correct fact: 413+314=727,Computed,arithmetic
955,"People in Rabat are, on average, 3 percent happier on Tuesdays than on Wednesdays.",Unverified,"No verifiable source exists; claim is speculative, private, unrecorded or about the future.",N/A,unsourced-claim
956,"Exactly 56,520 people walked through a street market in Bogota on 16 October 1971.",Unverified,"No verifiable source exists; claim is speculative, private, unrecorded or about the future.",N/A,unrecorded-detail
957,69 multiplied by 74 equals 5106.,Verified,69*74=5106,Computed,arithmetic
958,The next major earthquake in Iceland will occur in the month of August 2047.,Unverified,"No verifiable source exists; claim is speculative, private, unrecorded or about the future.",N/A,future-prediction
959,706 plus 706 equals 1412.,Verified,706+706=1412,Computed,arithmetic
960,Dante Alighieri is the author of The Divine Comedy.,Verified,The Divine Comedy -> Dante Alighieri,Library of Congress catalogue,literature
961,80 multiplied by 67 equals 5380.,Contradicted,Correct fact: 80*67=5360,Computed,arithmetic
962,Lakshmi Iyer ate idli and sambar for lunch on 11 June 2011.,Unverified,"No verifiable source exists; claim is speculative, private, unrecorded or about the future.",N/A,personal-private
963,The capital of Malaysia is Kuala Lumpur.,Verified,Capital of Malaysia = Kuala Lumpur,CIA World Factbook / UN,geography
964,791 plus 912 equals 1704.,Contradicted,Correct fact: 791+912=1703,Computed,arithmetic
965,644 plus 146 equals 790.,Verified,644+146=790,Computed,arithmetic
966,173 is a prime number.,Verified,173 is prime,Computed,mathematics
967,805 plus 638 equals 1443.,Verified,805+638=1443,Computed,arithmetic
968,A secret tunnel reportedly connects the main railway station of Ulaanbaatar to a hidden vault.,Unverified,"No verifiable source exists; claim is speculative, private, unrecorded or about the future.",N/A,rumor
969,"By 2091, the population of Poland will exceed 1800 million.",Unverified,"No verifiable source exists; claim is speculative, private, unrecorded or about the future.",N/A,future-prediction
970,30 multiplied by 48 equals 1440.,Verified,30*48=1440,Computed,arithmetic
971,An undiscovered manuscript in a library in Amsterdam contains an unknown play by Harper Lee.,Unverified,"No verifiable source exists; claim is speculative, private, unrecorded or about the future.",N/A,speculation
972,43 plus 521 equals 574.,Contradicted,Correct fact: 43+521=564,Computed,arithmetic
973,76 multiplied by 29 equals 2224.,Contradicted,Correct fact: 76*29=2204,Computed,arithmetic
974,98 multiplied by 41 equals 4017.,Contradicted,Correct fact: 98*41=4018,Computed,arithmetic
975,38 multiplied by 31 equals 1188.,Contradicted,Correct fact: 38*31=1178,Computed,arithmetic
976,850 plus 340 equals 1188.,Contradicted,Correct fact: 850+340=1190,Computed,arithmetic
977,The mayor of Lisbon privately decided in 1996 to rename a bridge after a childhood friend.,Unverified,"No verifiable source exists; claim is speculative, private, unrecorded or about the future.",N/A,unrecorded-detail
978,23 multiplied by 48 equals 1104.,Verified,23*48=1104,Computed,arithmetic
979,256 is a prime number.,Contradicted,Correct fact: 256 divisible by 2,Computed,mathematics
980,774 plus 62 equals 836.,Verified,774+62=836,Computed,arithmetic
981,299 is a composite number.,Verified,299 divisible by 13,Computed,mathematics
982,220 is a composite number.,Verified,220 divisible by 2,Computed,mathematics
983,Dr. Imran Qureshi published a study in the Journal of Applied Obscure Studies in 1988 proving a cure for the common cold.,Unverified,"No verifiable source exists; claim is speculative, private, unrecorded or about the future.",N/A,unsourced-claim
984,Dr. Deepa Menon published a study in the Journal of Applied Obscure Studies in 1992 proving a cure for the common cold.,Unverified,"No verifiable source exists; claim is speculative, private, unrecorded or about the future.",N/A,unsourced-claim
985,707 plus 614 equals 1331.,Contradicted,Correct fact: 707+614=1321,Computed,arithmetic
986,Ahmed Siddiqui ate khichdi for lunch on 2 December 1993.,Unverified,"No verifiable source exists; claim is speculative, private, unrecorded or about the future.",N/A,personal-private
987,"By 2148, the population of Canada will exceed 500 million.",Unverified,"No verifiable source exists; claim is speculative, private, unrecorded or about the future.",N/A,future-prediction
988,The Indian Constitution came into effect in 1943.,Contradicted,Correct fact: The Indian Constitution came into effect: 1950,Encyclopaedia Britannica,history
989,97 multiplied by 56 equals 5432.,Verified,97*56=5432,Computed,arithmetic
990,Dr. Neha Kulkarni published a study in the Journal of Applied Obscure Studies in 2001 proving a cure for the common cold.,Unverified,"No verifiable source exists; claim is speculative, private, unrecorded or about the future.",N/A,unsourced-claim
991,59 multiplied by 64 equals 3776.,Verified,59*64=3776,Computed,arithmetic
992,61 multiplied by 35 equals 2134.,Contradicted,Correct fact: 61*35=2135,Computed,arithmetic
993,"By 2075, the population of Iraq will exceed 250 million.",Unverified,"No verifiable source exists; claim is speculative, private, unrecorded or about the future.",N/A,future-prediction
994,361 plus 982 equals 1443.,Contradicted,Correct fact: 361+982=1343,Computed,arithmetic
995,The mayor of Colombo privately decided in 1982 to rename a bridge after a childhood friend.,Unverified,"No verifiable source exists; claim is speculative, private, unrecorded or about the future.",N/A,unrecorded-detail
996,785 plus 750 equals 1535.,Verified,785+750=1535,Computed,arithmetic
997,A secret tunnel reportedly connects the main railway station of Brasilia to a hidden vault.,Unverified,"No verifiable source exists; claim is speculative, private, unrecorded or about the future.",N/A,rumor
998,23 hours equal 1380 minutes.,Verified,1 h = 60 min,SI definition,units
999,25 multiplied by 93 equals 2335.,Contradicted,Correct fact: 25*93=2325,Computed,arithmetic
1000,A tiger sighted near Accra in 1959 weighed exactly 222 kg.,Unverified,"No verifiable source exists; claim is speculative, private, unrecorded or about the future.",N/A,unrecorded-detail
1001,A tiger sighted near Hanoi in 1943 weighed exactly 183 kg.,Unverified,"No verifiable source exists; claim is speculative, private, unrecorded or about the future.",N/A,unrecorded-detail
1002,An undiscovered manuscript in a library in Jerusalem contains an unknown play by Chinua Achebe.,Unverified,"No verifiable source exists; claim is speculative, private, unrecorded or about the future.",N/A,speculation
1003,98 multiplied by 62 equals 6076.,Verified,98*62=6076,Computed,arithmetic
1004,21 hours equal 1260 minutes.,Verified,1 h = 60 min,SI definition,units
1005,"203 kilometres equals 203,000 metres.",Verified,1 km = 1000 m,SI definition,units
1006,13 plus 685 equals 798.,Contradicted,Correct fact: 13+685=698,Computed,arithmetic
1007,324 is a composite number.,Verified,324 divisible by 2,Computed,mathematics
1008,Dr. Lakshmi Iyer published a study in the Regional Review of Unlisted Science in 2008 proving a cure for the common cold.,Unverified,"No verifiable source exists; claim is speculative, private, unrecorded or about the future.",N/A,unsourced-claim
1009,The capital of Portugal is Lisbon.,Verified,Capital of Portugal = Lisbon,CIA World Factbook / UN,geography
1010,An undiscovered manuscript in a library in Accra contains an unknown play by Bram Stoker.,Unverified,"No verifiable source exists; claim is speculative, private, unrecorded or about the future.",N/A,speculation
1011,601 plus 338 equals 941.,Contradicted,Correct fact: 601+338=939,Computed,arithmetic
1012,753 plus 181 equals 1034.,Contradicted,Correct fact: 753+181=934,Computed,arithmetic
1013,The chemical symbol for Lithium is Li.,Verified,Lithium: symbol Li,IUPAC Periodic Table,chemistry
1014,Copenhagen is the capital city of Denmark.,Verified,Capital of Denmark = Copenhagen,CIA World Factbook / UN,geography
1015,198 is a prime number.,Contradicted,Correct fact: 198 divisible by 2,Computed,mathematics
1016,339 plus 926 equals 1267.,Contradicted,Correct fact: 339+926=1265,Computed,arithmetic
1017,983 plus 668 equals 1751.,Contradicted,Correct fact: 983+668=1651,Computed,arithmetic
1018,38 hours equal 3800 minutes.,Contradicted,Correct fact: 1 h = 60 min,SI definition,units
1019,The mayor of Cairo privately decided in 1974 to rename a bridge after a childhood friend.,Unverified,"No verifiable source exists; claim is speculative, private, unrecorded or about the future.",N/A,unrecorded-detail
1020,338 plus 259 equals 597.,Verified,338+259=597,Computed,arithmetic
1021,935 plus 175 equals 1110.,Verified,935+175=1110,Computed,arithmetic
1022,524 plus 166 equals 689.,Contradicted,Correct fact: 524+166=690,Computed,arithmetic
1023,789 plus 734 equals 1524.,Contradicted,Correct fact: 789+734=1523,Computed,arithmetic
1024,61 degrees Celsius equals 141.8 degrees Fahrenheit.,Verified,F=C*9/5+32=141.8,SI / standard conversion,units
1025,48 degrees Celsius equals 113.4 degrees Fahrenheit.,Contradicted,Correct fact: F=C*9/5+32=118.4,SI / standard conversion,units
1026,Ancient traders from Croatia secretly reached the Americas around the year 341.,Unverified,"No verifiable source exists; claim is speculative, private, unrecorded or about the future.",N/A,speculation
1027,An undiscovered manuscript in a library in Islamabad contains an unknown play by Chinua Achebe.,Unverified,"No verifiable source exists; claim is speculative, private, unrecorded or about the future.",N/A,speculation
1028,229 plus 669 equals 908.,Contradicted,Correct fact: 229+669=898,Computed,arithmetic
1029,930 plus 565 equals 1495.,Verified,930+565=1495,Computed,arithmetic
1030,The grandmother of Sanjay Rao once met a famous scientist in Dakar in 1945.,Unverified,"No verifiable source exists; claim is speculative, private, unrecorded or about the future.",N/A,personal-private
1031,The square root of 256 is 17.,Contradicted,Correct fact: 16^2=256,Computed,mathematics
1032,228 is a prime number.,Contradicted,Correct fact: 228 divisible by 2,Computed,mathematics
1033,Titanium has 22 protons in a neutral atom's nucleus.,Verified,Titanium: Z=22,IUPAC Periodic Table,chemistry
1034,93 is a prime number.,Contradicted,Correct fact: 93 divisible by 3,Computed,mathematics
1035,A secret tunnel reportedly connects the main railway station of Moscow to a hidden vault.,Unverified,"No verifiable source exists; claim is speculative, private, unrecorded or about the future.",N/A,rumor
1036,84 multiplied by 93 equals 7812.,Verified,84*93=7812,Computed,arithmetic
1037,23 multiplied by 35 equals 805.,Verified,23*35=805,Computed,arithmetic
1038,725 plus 980 equals 1707.,Contradicted,Correct fact: 725+980=1705,Computed,arithmetic
1039,58 multiplied by 83 equals 4824.,Contradicted,Correct fact: 58*83=4814,Computed,arithmetic
1040,Ancient traders from Colombia secretly reached the Americas around the year 658.,Unverified,"No verifiable source exists; claim is speculative, private, unrecorded or about the future.",N/A,speculation
1041,The mayor of Copenhagen privately decided in 1994 to rename a bridge after a childhood friend.,Unverified,"No verifiable source exists; claim is speculative, private, unrecorded or about the future.",N/A,unrecorded-detail
1042,Ancient traders from Venezuela secretly reached the Americas around the year 497.,Unverified,"No verifiable source exists; claim is speculative, private, unrecorded or about the future.",N/A,speculation
1043,Dr. Meera Joshi published a study in the Journal of Applied Obscure Studies in 2002 proving a cure for the common cold.,Unverified,"No verifiable source exists; claim is speculative, private, unrecorded or about the future.",N/A,unsourced-claim
1044,The grandmother of Sanjay Rao once met a famous scientist in Accra in 1935.,Unverified,"No verifiable source exists; claim is speculative, private, unrecorded or about the future.",N/A,personal-private
1045,The mayor of Montevideo privately decided in 2014 to rename a bridge after a childhood friend.,Unverified,"No verifiable source exists; claim is speculative, private, unrecorded or about the future.",N/A,unrecorded-detail
1046,301 is a composite number.,Verified,301 divisible by 7,Computed,mathematics
1047,"Exactly 87,681 people walked through a street market in Beijing on 12 July 2002.",Unverified,"No verifiable source exists; claim is speculative, private, unrecorded or about the future.",N/A,unrecorded-detail
1048,The grandmother of Karan Bhatia once met a famous scientist in Jerusalem in 1980.,Unverified,"No verifiable source exists; claim is speculative, private, unrecorded or about the future.",N/A,personal-private
1049,"Exactly 47,907 people walked through a street market in Oslo on 7 July 1975.",Unverified,"No verifiable source exists; claim is speculative, private, unrecorded or about the future.",N/A,unrecorded-detail
1050,868 plus 893 equals 1763.,Contradicted,Correct fact: 868+893=1761,Computed,arithmetic
1051,32 multiplied by 92 equals 2964.,Contradicted,Correct fact: 32*92=2944,Computed,arithmetic
1052,The grandmother of Rohan Mehta once met a famous scientist in Astana in 1978.,Unverified,"No verifiable source exists; claim is speculative, private, unrecorded or about the future.",N/A,personal-private
1053,"Exactly 38,382 people walked through a street market in Sofia on 11 April 2005.",Unverified,"No verifiable source exists; claim is speculative, private, unrecorded or about the future.",N/A,unrecorded-detail
1054,The grandmother of Ahmed Siddiqui once met a famous scientist in Abuja in 1955.,Unverified,"No verifiable source exists; claim is speculative, private, unrecorded or about the future.",N/A,personal-private
1055,850 plus 365 equals 1215.,Verified,850+365=1215,Computed,arithmetic
1056,395 plus 453 equals 846.,Contradicted,Correct fact: 395+453=848,Computed,arithmetic
1057,42 multiplied by 95 equals 3990.,Verified,42*95=3990,Computed,arithmetic
1058,"By 2129, the population of Morocco will exceed 250 million.",Unverified,"No verifiable source exists; claim is speculative, private, unrecorded or about the future.",N/A,future-prediction
1059,Ancient traders from Finland secretly reached the Americas around the year 680.,Unverified,"No verifiable source exists; claim is speculative, private, unrecorded or about the future.",N/A,speculation
1060,The mayor of Astana privately decided in 1980 to rename a bridge after a childhood friend.,Unverified,"No verifiable source exists; claim is speculative, private, unrecorded or about the future.",N/A,unrecorded-detail
1061,"458 kilometres equals 45,800 metres.",Contradicted,Correct fact: 1 km = 1000 m,SI definition,units
1062,512 plus 200 equals 714.,Contradicted,Correct fact: 512+200=712,Computed,arithmetic
1063,An undiscovered manuscript in a library in Wellington contains an unknown play by Charles Dickens.,Unverified,"No verifiable source exists; claim is speculative, private, unrecorded or about the future.",N/A,speculation
1064,"75 kilometres equals 7,500 metres.",Contradicted,Correct fact: 1 km = 1000 m,SI definition,units
1065,71 multiplied by 76 equals 5397.,Contradicted,Correct fact: 71*76=5396,Computed,arithmetic
1066,"By 2060, the population of Turkey will exceed 600 million.",Unverified,"No verifiable source exists; claim is speculative, private, unrecorded or about the future.",N/A,future-prediction
1067,52 multiplied by 52 equals 2724.,Contradicted,Correct fact: 52*52=2704,Computed,arithmetic
1068,A secret tunnel reportedly connects the main railway station of Amsterdam to a hidden vault.,Unverified,"No verifiable source exists; claim is speculative, private, unrecorded or about the future.",N/A,rumor
1069,"Exactly 4,363 people walked through a street market in Astana on 17 July 1974.",Unverified,"No verifiable source exists; claim is speculative, private, unrecorded or about the future.",N/A,unrecorded-detail
1070,30 is a prime number.,Contradicted,Correct fact: 30 divisible by 2,Computed,mathematics
1071,738 plus 174 equals 912.,Verified,738+174=912,Computed,arithmetic
1072,The mayor of Paris privately decided in 2001 to rename a bridge after a childhood friend.,Unverified,"No verifiable source exists; claim is speculative, private, unrecorded or about the future.",N/A,unrecorded-detail
1073,Chinua Achebe is the author of Things Fall Apart.,Verified,Things Fall Apart -> Chinua Achebe,Library of Congress catalogue,literature
1074,27 multiplied by 80 equals 2159.,Contradicted,Correct fact: 27*80=2160,Computed,arithmetic
1075,Midnight's Children was written by Salman Rushdie.,Verified,Midnight's Children -> Salman Rushdie,Library of Congress catalogue,literature
1076,The mayor of Bangkok privately decided in 2007 to rename a bridge after a childhood friend.,Unverified,"No verifiable source exists; claim is speculative, private, unrecorded or about the future.",N/A,unrecorded-detail
1077,818 plus 822 equals 1640.,Verified,818+822=1640,Computed,arithmetic
1078,105 plus 776 equals 881.,Verified,105+776=881,Computed,arithmetic
1079,569 plus 446 equals 1017.,Contradicted,Correct fact: 569+446=1015,Computed,arithmetic
1080,99 multiplied by 52 equals 5148.,Verified,99*52=5148,Computed,arithmetic
1081,34 hours equal 3400 minutes.,Contradicted,Correct fact: 1 h = 60 min,SI definition,units
1082,6 degrees Celsius equals 42.8 degrees Fahrenheit.,Verified,F=C*9/5+32=42.8,SI / standard conversion,units
1083,Ancient traders from Thailand secretly reached the Americas around the year 319.,Unverified,"No verifiable source exists; claim is speculative, private, unrecorded or about the future.",N/A,speculation
1084,25 is a composite number.,Verified,25 divisible by 5,Computed,mathematics
1085,323 is a composite number.,Verified,323 divisible by 17,Computed,mathematics
1086,72 multiplied by 71 equals 5122.,Contradicted,Correct fact: 72*71=5112,Computed,arithmetic
1087,The grandmother of Sanjay Rao once met a famous scientist in Kathmandu in 1961.,Unverified,"No verifiable source exists; claim is speculative, private, unrecorded or about the future.",N/A,personal-private
1088,555 plus 364 equals 919.,Verified,555+364=919,Computed,arithmetic
1089,863 plus 139 equals 1002.,Verified,863+139=1002,Computed,arithmetic
1090,496 plus 271 equals 767.,Verified,496+271=767,Computed,arithmetic
1091,49 multiplied by 82 equals 4018.,Verified,49*82=4018,Computed,arithmetic
1092,Bucharest is the capital city of Romania.,Verified,Capital of Romania = Bucharest,CIA World Factbook / UN,geography
1093,105 degrees Celsius equals 221 degrees Fahrenheit.,Verified,F=C*9/5+32=221,SI / standard conversion,units
1094,39 plus 880 equals 919.,Verified,39+880=919,Computed,arithmetic
1095,The grandmother of Ananya Das once met a famous scientist in Dakar in 1935.,Unverified,"No verifiable source exists; claim is speculative, private, unrecorded or about the future.",N/A,personal-private
1096,The next major earthquake in South Korea will occur in the month of August 2027.,Unverified,"No verifiable source exists; claim is speculative, private, unrecorded or about the future.",N/A,future-prediction
1097,19 multiplied by 31 equals 609.,Contradicted,Correct fact: 19*31=589,Computed,arithmetic
1098,138 plus 477 equals 615.,Verified,138+477=615,Computed,arithmetic
1099,"By 2149, the population of Tanzania will exceed 1800 million.",Unverified,"No verifiable source exists; claim is speculative, private, unrecorded or about the future.",N/A,future-prediction
1100,The grandmother of Deepa Menon once met a famous scientist in Tokyo in 1943.,Unverified,"No verifiable source exists; claim is speculative, private, unrecorded or about the future.",N/A,personal-private
1101,169 plus 187 equals 366.,Contradicted,Correct fact: 169+187=356,Computed,arithmetic
1102,The mayor of Quito privately decided in 2014 to rename a bridge after a childhood friend.,Unverified,"No verifiable source exists; claim is speculative, private, unrecorded or about the future.",N/A,unrecorded-detail
1103,"349 kilometres equals 349,000 metres.",Verified,1 km = 1000 m,SI definition,units
1104,Dr. Sanjay Rao published a study in the Proceedings of the Local Research Circle in 2004 proving a cure for the common cold.,Unverified,"No verifiable source exists; claim is speculative, private, unrecorded or about the future.",N/A,unsourced-claim
1105,256 plus 283 equals 540.,Contradicted,Correct fact: 256+283=539,Computed,arithmetic
1106,"By 2147, the population of Ukraine will exceed 150 million.",Unverified,"No verifiable source exists; claim is speculative, private, unrecorded or about the future.",N/A,future-prediction
1107,A tiger sighted near Kuala Lumpur in 1909 weighed exactly 185 kg.,Unverified,"No verifiable source exists; claim is speculative, private, unrecorded or about the future.",N/A,unrecorded-detail
1108,"By 2145, the population of Australia will exceed 1800 million.",Unverified,"No verifiable source exists; claim is speculative, private, unrecorded or about the future.",N/A,future-prediction
1109,629 plus 982 equals 1621.,Contradicted,Correct fact: 629+982=1611,Computed,arithmetic
1110,"46 kilometres equals 46,000 metres.",Verified,1 km = 1000 m,SI definition,units
1111,"By 2119, the population of Senegal will exceed 300 million.",Unverified,"No verifiable source exists; claim is speculative, private, unrecorded or about the future.",N/A,future-prediction
1112,637 plus 133 equals 768.,Contradicted,Correct fact: 637+133=770,Computed,arithmetic
1113,590 plus 547 equals 1137.,Verified,590+547=1137,Computed,arithmetic
1114,The grandmother of Fatima Khan once met a famous scientist in Beijing in 1978.,Unverified,"No verifiable source exists; claim is speculative, private, unrecorded or about the future.",N/A,personal-private
1115,An undiscovered manuscript in a library in Pretoria contains an unknown play by Munshi Premchand.,Unverified,"No verifiable source exists; claim is speculative, private, unrecorded or about the future.",N/A,speculation
1116,937 plus 654 equals 1591.,Verified,937+654=1591,Computed,arithmetic
1117,The grandmother of Vikram Sethi once met a famous scientist in Bogota in 1930.,Unverified,"No verifiable source exists; claim is speculative, private, unrecorded or about the future.",N/A,personal-private
1118,Karan Bhatia ate dal and rice for lunch on 4 December 1998.,Unverified,"No verifiable source exists; claim is speculative, private, unrecorded or about the future.",N/A,personal-private
1119,296 is a prime number.,Contradicted,Correct fact: 296 divisible by 2,Computed,mathematics
1120,810 plus 576 equals 1386.,Verified,810+576=1386,Computed,arithmetic
1121,"152 kilometres equals 15,200 metres.",Contradicted,Correct fact: 1 km = 1000 m,SI definition,units
1122,111 plus 415 equals 526.,Verified,111+415=526,Computed,arithmetic
1123,53 is a prime number.,Verified,53 is prime,Computed,mathematics
1124,Aldous Huxley is the author of Brave New World.,Verified,Brave New World -> Aldous Huxley,Library of Congress catalogue,literature
1125,277 is a prime number.,Verified,277 is prime,Computed,mathematics
1126,82 multiplied by 57 equals 4674.,Verified,82*57=4674,Computed,arithmetic
1127,The next major earthquake in Uganda will occur in the month of November 2029.,Unverified,"No verifiable source exists; claim is speculative, private, unrecorded or about the future.",N/A,future-prediction
1128,"By 2084, the population of Austria will exceed 450 million.",Unverified,"No verifiable source exists; claim is speculative, private, unrecorded or about the future.",N/A,future-prediction
1129,21 is a prime number.,Contradicted,Correct fact: 21 divisible by 3,Computed,mathematics
1130,54 multiplied by 73 equals 3943.,Contradicted,Correct fact: 54*73=3942,Computed,arithmetic
1131,531 plus 405 equals 937.,Contradicted,Correct fact: 531+405=936,Computed,arithmetic
1132,63 multiplied by 22 equals 1406.,Contradicted,Correct fact: 63*22=1386,Computed,arithmetic
1133,52 plus 328 equals 380.,Verified,52+328=380,Computed,arithmetic
1134,476 plus 86 equals 562.,Verified,476+86=562,Computed,arithmetic
1135,12 multiplied by 93 equals 1116.,Verified,12*93=1116,Computed,arithmetic
1136,There is a species of beetle living only in a single cave near Kampala that has never been catalogued.,Unverified,"No verifiable source exists; claim is speculative, private, unrecorded or about the future.",N/A,speculation
1137,228 plus 971 equals 1199.,Verified,228+971=1199,Computed,arithmetic
1138,The square root of 3364 is 57.,Contradicted,Correct fact: 58^2=3364,Computed,mathematics
1139,The mayor of Havana privately decided in 1988 to rename a bridge after a childhood friend.,Unverified,"No verifiable source exists; claim is speculative, private, unrecorded or about the future.",N/A,unrecorded-detail
1140,340 plus 304 equals 654.,Contradicted,Correct fact: 340+304=644,Computed,arithmetic
1141,The mayor of Ottawa privately decided in 2007 to rename a bridge after a childhood friend.,Unverified,"No verifiable source exists; claim is speculative, private, unrecorded or about the future.",N/A,unrecorded-detail
1142,355 is a composite number.,Verified,355 divisible by 5,Computed,mathematics
1143,The square root of 2304 is 47.,Contradicted,Correct fact: 48^2=2304,Computed,mathematics
1144,266 is a prime number.,Contradicted,Correct fact: 266 divisible by 2,Computed,mathematics
1145,The speed of light in vacuum is approximately guanine.,Contradicted,"Correct fact: The speed of light in vacuum is approximately 299,792 kilometres per second",Standard reference texts,general knowledge
1146,248 plus 404 equals 662.,Contradicted,Correct fact: 248+404=652,Computed,arithmetic
1147,948 plus 71 equals 1019.,Verified,948+71=1019,Computed,arithmetic
1148,582 plus 267 equals 849.,Verified,582+267=849,Computed,arithmetic
1149,"People in Kuala Lumpur are, on average, 6 percent happier on Tuesdays than on Wednesdays.",Unverified,"No verifiable source exists; claim is speculative, private, unrecorded or about the future.",N/A,unsourced-claim
1150,An undiscovered manuscript in a library in Athens contains an unknown play by Rabindranath Tagore.,Unverified,"No verifiable source exists; claim is speculative, private, unrecorded or about the future.",N/A,speculation
1151,21 multiplied by 74 equals 1554.,Verified,21*74=1554,Computed,arithmetic
1152,26 degrees Celsius equals 96.8 degrees Fahrenheit.,Contradicted,Correct fact: F=C*9/5+32=78.8,SI / standard conversion,units
1153,427 plus 714 equals 1143.,Contradicted,Correct fact: 427+714=1141,Computed,arithmetic
1154,200 is a composite number.,Verified,200 divisible by 2,Computed,mathematics
1155,The stock price of a randomly chosen company will rise exactly 36% next year.,Unverified,"No verifiable source exists; claim is speculative, private, unrecorded or about the future.",N/A,future-prediction
1156,"122 kilometres equals 122,000 metres.",Verified,1 km = 1000 m,SI definition,units
1157,33 multiplied by 77 equals 2541.,Verified,33*77=2541,Computed,arithmetic
1158,"464 kilometres equals 46,400 metres.",Contradicted,Correct fact: 1 km = 1000 m,SI definition,units
1159,32 multiplied by 23 equals 735.,Contradicted,Correct fact: 32*23=736,Computed,arithmetic
1160,"Exactly 60,802 people walked through a street market in Zagreb on 18 April 1973.",Unverified,"No verifiable source exists; claim is speculative, private, unrecorded or about the future.",N/A,unrecorded-detail
1161,The next major earthquake in Finland will occur in the month of August 2039.,Unverified,"No verifiable source exists; claim is speculative, private, unrecorded or about the future.",N/A,future-prediction
1162,Dr. Meera Joshi published a study in the Journal of Applied Obscure Studies in 1982 proving a cure for the common cold.,Unverified,"No verifiable source exists; claim is speculative, private, unrecorded or about the future.",N/A,unsourced-claim
1163,The grandmother of Meera Joshi once met a famous scientist in Vienna in 1955.,Unverified,"No verifiable source exists; claim is speculative, private, unrecorded or about the future.",N/A,personal-private
1164,772 plus 578 equals 1348.,Contradicted,Correct fact: 772+578=1350,Computed,arithmetic
1165,896 plus 406 equals 1292.,Contradicted,Correct fact: 896+406=1302,Computed,arithmetic
1166,The next major earthquake in Venezuela will occur in the month of May 2042.,Unverified,"No verifiable source exists; claim is speculative, private, unrecorded or about the future.",N/A,future-prediction
1167,A tiger sighted near Bern in 1944 weighed exactly 186 kg.,Unverified,"No verifiable source exists; claim is speculative, private, unrecorded or about the future.",N/A,unrecorded-detail
1168,562 plus 230 equals 792.,Verified,562+230=792,Computed,arithmetic
1169,731 plus 792 equals 1522.,Contradicted,Correct fact: 731+792=1523,Computed,arithmetic
1170,902 plus 250 equals 1151.,Contradicted,Correct fact: 902+250=1152,Computed,arithmetic
1171,27 multiplied by 72 equals 1924.,Contradicted,Correct fact: 27*72=1944,Computed,arithmetic
1172,"56 kilometres equals 5,600 metres.",Contradicted,Correct fact: 1 km = 1000 m,SI definition,units
1173,The square root of 1225 is 33.,Contradicted,Correct fact: 35^2=1225,Computed,mathematics
1174,129 plus 491 equals 610.,Contradicted,Correct fact: 129+491=620,Computed,arithmetic
1175,750 plus 709 equals 1469.,Contradicted,Correct fact: 750+709=1459,Computed,arithmetic
1176,The square root of 25 is 5.,Verified,5^2=25,Computed,mathematics
1177,The mayor of Tehran privately decided in 1975 to rename a bridge after a childhood friend.,Unverified,"No verifiable source exists; claim is speculative, private, unrecorded or about the future.",N/A,unrecorded-detail
1178,149 plus 915 equals 1064.,Verified,149+915=1064,Computed,arithmetic
1179,91 multiplied by 30 equals 2730.,Verified,91*30=2730,Computed,arithmetic
1180,113 is a prime number.,Verified,113 is prime,Computed,mathematics
1181,The mayor of Paris privately decided in 2013 to rename a bridge after a childhood friend.,Unverified,"No verifiable source exists; claim is speculative, private, unrecorded or about the future.",N/A,unrecorded-detail
1182,The square root of 841 is 31.,Contradicted,Correct fact: 29^2=841,Computed,mathematics
1183,852 plus 741 equals 1593.,Verified,852+741=1593,Computed,arithmetic
1184,"146 kilometres equals 14,600 metres.",Contradicted,Correct fact: 1 km = 1000 m,SI definition,units
1185,The square root of 1369 is 37.,Verified,37^2=1369,Computed,mathematics
1186,28 multiplied by 25 equals 701.,Contradicted,Correct fact: 28*25=700,Computed,arithmetic
1187,Ancient traders from Serbia secretly reached the Americas around the year 1005.,Unverified,"No verifiable source exists; claim is speculative, private, unrecorded or about the future.",N/A,speculation
1188,740 plus 814 equals 1564.,Contradicted,Correct fact: 740+814=1554,Computed,arithmetic
1189,81 multiplied by 84 equals 6794.,Contradicted,Correct fact: 81*84=6804,Computed,arithmetic
1190,295 plus 796 equals 1091.,Verified,295+796=1091,Computed,arithmetic
1191,53 multiplied by 71 equals 3763.,Verified,53*71=3763,Computed,arithmetic
1192,56 multiplied by 36 equals 2016.,Verified,56*36=2016,Computed,arithmetic
1193,45 multiplied by 25 equals 1125.,Verified,45*25=1125,Computed,arithmetic
1194,452 plus 125 equals 576.,Contradicted,Correct fact: 452+125=577,Computed,arithmetic
1195,A tiger sighted near Moscow in 1909 weighed exactly 242 kg.,Unverified,"No verifiable source exists; claim is speculative, private, unrecorded or about the future.",N/A,unrecorded-detail
1196,35 multiplied by 78 equals 2710.,Contradicted,Correct fact: 35*78=2730,Computed,arithmetic
1197,271 plus 777 equals 1038.,Contradicted,Correct fact: 271+777=1048,Computed,arithmetic
1198,A secret tunnel reportedly connects the main railway station of Colombo to a hidden vault.,Unverified,"No verifiable source exists; claim is speculative, private, unrecorded or about the future.",N/A,rumor
1199,The mayor of Vientiane privately decided in 2000 to rename a bridge after a childhood friend.,Unverified,"No verifiable source exists; claim is speculative, private, unrecorded or about the future.",N/A,unrecorded-detail
1200,Calcium has 20 protons in a neutral atom's nucleus.,Verified,Calcium: Z=20,IUPAC Periodic Table,chemistry
1201,Ancient traders from Bangladesh secretly reached the Americas around the year 268.,Unverified,"No verifiable source exists; claim is speculative, private, unrecorded or about the future.",N/A,speculation
1202,Mercury has 85 protons in a neutral atom's nucleus.,Contradicted,Correct fact: Mercury: Z=80,IUPAC Periodic Table,chemistry
1203,Dr. Fatima Khan published a study in the Journal of Applied Obscure Studies in 1976 proving a cure for the common cold.,Unverified,"No verifiable source exists; claim is speculative, private, unrecorded or about the future.",N/A,unsourced-claim
1204,896 plus 806 equals 1702.,Verified,896+806=1702,Computed,arithmetic
1205,12 multiplied by 66 equals 772.,Contradicted,Correct fact: 12*66=792,Computed,arithmetic
1206,The square root of 324 is 20.,Contradicted,Correct fact: 18^2=324,Computed,mathematics
1207,332 plus 601 equals 934.,Contradicted,Correct fact: 332+601=933,Computed,arithmetic
1208,"People in Paris are, on average, 7 percent happier on Tuesdays than on Wednesdays.",Unverified,"No verifiable source exists; claim is speculative, private, unrecorded or about the future.",N/A,unsourced-claim
1209,A tiger sighted near Dhaka in 1927 weighed exactly 226 kg.,Unverified,"No verifiable source exists; claim is speculative, private, unrecorded or about the future.",N/A,unrecorded-detail
1210,92 plus 268 equals 360.,Verified,92+268=360,Computed,arithmetic
1211,"418 kilometres equals 41,800 metres.",Contradicted,Correct fact: 1 km = 1000 m,SI definition,units
1212,The next major earthquake in Venezuela will occur in the month of February 2044.,Unverified,"No verifiable source exists; claim is speculative, private, unrecorded or about the future.",N/A,future-prediction
1213,36 degrees Celsius equals 96.8 degrees Fahrenheit.,Verified,F=C*9/5+32=96.8,SI / standard conversion,units
1214,892 plus 444 equals 1346.,Contradicted,Correct fact: 892+444=1336,Computed,arithmetic
1215,The stock price of a randomly chosen company will rise exactly 30% next year.,Unverified,"No verifiable source exists; claim is speculative, private, unrecorded or about the future.",N/A,future-prediction
1216,The mayor of Accra privately decided in 1961 to rename a bridge after a childhood friend.,Unverified,"No verifiable source exists; claim is speculative, private, unrecorded or about the future.",N/A,unrecorded-detail
1217,Ancient traders from Romania secretly reached the Americas around the year 491.,Unverified,"No verifiable source exists; claim is speculative, private, unrecorded or about the future.",N/A,speculation
1218,A tiger sighted near Kyiv in 1954 weighed exactly 166 kg.,Unverified,"No verifiable source exists; claim is speculative, private, unrecorded or about the future.",N/A,unrecorded-detail
1219,351 plus 827 equals 1179.,Contradicted,Correct fact: 351+827=1178,Computed,arithmetic
1220,82 multiplied by 45 equals 3680.,Contradicted,Correct fact: 82*45=3690,Computed,arithmetic
1221,712 plus 626 equals 1338.,Verified,712+626=1338,Computed,arithmetic
1222,64 degrees Celsius equals 147.2 degrees Fahrenheit.,Verified,F=C*9/5+32=147.2,SI / standard conversion,units
1223,534 plus 210 equals 844.,Contradicted,Correct fact: 534+210=744,Computed,arithmetic
1224,44 multiplied by 89 equals 3916.,Verified,44*89=3916,Computed,arithmetic
1225,Tokyo is the capital city of Canada.,Contradicted,Correct fact: Capital of Canada = Ottawa,CIA World Factbook / UN,geography
1226,The capital of Finland is Pretoria.,Contradicted,Correct fact: Capital of Finland = Helsinki,CIA World Factbook / UN,geography
1227,316 is a composite number.,Verified,316 divisible by 2,Computed,mathematics
1228,The raman effect is credited to C. V. Raman.,Verified,the Raman effect -> C. V. Raman,Encyclopaedia Britannica,science history
1229,Dr. Ahmed Siddiqui published a study in the Regional Review of Unlisted Science in 2002 proving a cure for the common cold.,Unverified,"No verifiable source exists; claim is speculative, private, unrecorded or about the future.",N/A,unsourced-claim
1230,124 plus 207 equals 321.,Contradicted,Correct fact: 124+207=331,Computed,arithmetic
1231,"By 2108, the population of Saudi Arabia will exceed 150 million.",Unverified,"No verifiable source exists; claim is speculative, private, unrecorded or about the future.",N/A,future-prediction
1232,652 plus 324 equals 986.,Contradicted,Correct fact: 652+324=976,Computed,arithmetic
1233,Dr. Rohan Mehta published a study in the Journal of Applied Obscure Studies in 2015 proving a cure for the common cold.,Unverified,"No verifiable source exists; claim is speculative, private, unrecorded or about the future.",N/A,unsourced-claim
1234,"People in Kuala Lumpur are, on average, 9 percent happier on Tuesdays than on Wednesdays.",Unverified,"No verifiable source exists; claim is speculative, private, unrecorded or about the future.",N/A,unsourced-claim
1235,"420 kilometres equals 420,000 metres.",Verified,1 km = 1000 m,SI definition,units
1236,A secret tunnel reportedly connects the main railway station of Dodoma to a hidden vault.,Unverified,"No verifiable source exists; claim is speculative, private, unrecorded or about the future.",N/A,rumor
1237,720 plus 440 equals 1162.,Contradicted,Correct fact: 720+440=1160,Computed,arithmetic
1238,A tiger sighted near Stockholm in 1902 weighed exactly 167 kg.,Unverified,"No verifiable source exists; claim is speculative, private, unrecorded or about the future.",N/A,unrecorded-detail
1239,There is a species of beetle living only in a single cave near Pretoria that has never been catalogued.,Unverified,"No verifiable source exists; claim is speculative, private, unrecorded or about the future.",N/A,speculation
1240,641 plus 457 equals 1098.,Verified,641+457=1098,Computed,arithmetic
1241,Meera Joshi ate dal and rice for lunch on 18 March 2015.,Unverified,"No verifiable source exists; claim is speculative, private, unrecorded or about the future.",N/A,personal-private
1242,956 plus 472 equals 1428.,Verified,956+472=1428,Computed,arithmetic
1243,56 multiplied by 90 equals 5041.,Contradicted,Correct fact: 56*90=5040,Computed,arithmetic
1244,A tiger sighted near Wellington in 1947 weighed exactly 193 kg.,Unverified,"No verifiable source exists; claim is speculative, private, unrecorded or about the future.",N/A,unrecorded-detail
1245,A tiger sighted near Vienna in 1946 weighed exactly 240 kg.,Unverified,"No verifiable source exists; claim is speculative, private, unrecorded or about the future.",N/A,unrecorded-detail
1246,356 plus 41 equals 397.,Verified,356+41=397,Computed,arithmetic
1247,54 multiplied by 69 equals 3706.,Contradicted,Correct fact: 54*69=3726,Computed,arithmetic
1248,"By 2129, the population of Nepal will exceed 500 million.",Unverified,"No verifiable source exists; claim is speculative, private, unrecorded or about the future.",N/A,future-prediction
1249,There is a species of beetle living only in a single cave near Lisbon that has never been catalogued.,Unverified,"No verifiable source exists; claim is speculative, private, unrecorded or about the future.",N/A,speculation
1250,"Exactly 77,696 people walked through a street market in Islamabad on 17 April 2003.",Unverified,"No verifiable source exists; claim is speculative, private, unrecorded or about the future.",N/A,unrecorded-detail
1251,805 plus 507 equals 1313.,Contradicted,Correct fact: 805+507=1312,Computed,arithmetic
1252,"By 2061, the population of Iraq will exceed 700 million.",Unverified,"No verifiable source exists; claim is speculative, private, unrecorded or about the future.",N/A,future-prediction
1253,The grandmother of Lakshmi Iyer once met a famous scientist in Phnom Penh in 1972.,Unverified,"No verifiable source exists; claim is speculative, private, unrecorded or about the future.",N/A,personal-private
1254,16 hours equal 960 minutes.,Verified,1 h = 60 min,SI definition,units
1255,575 plus 39 equals 614.,Verified,575+39=614,Computed,arithmetic
1256,21 hours equal 2100 minutes.,Contradicted,Correct fact: 1 h = 60 min,SI definition,units
1257,Ancient traders from Afghanistan secretly reached the Americas around the year 461.,Unverified,"No verifiable source exists; claim is speculative, private, unrecorded or about the future.",N/A,speculation
1258,The square root of 2401 is 49.,Verified,49^2=2401,Computed,mathematics
1259,The stock price of a randomly chosen company will rise exactly 6% next year.,Unverified,"No verifiable source exists; claim is speculative, private, unrecorded or about the future.",N/A,future-prediction
1260,64 multiplied by 82 equals 5268.,Contradicted,Correct fact: 64*82=5248,Computed,arithmetic
1261,976 plus 923 equals 1901.,Contradicted,Correct fact: 976+923=1899,Computed,arithmetic
1262,"Exactly 70,689 people walked through a street market in Dodoma on 22 July 1978.",Unverified,"No verifiable source exists; claim is speculative, private, unrecorded or about the future.",N/A,unrecorded-detail
1263,Ancient traders from Tanzania secretly reached the Americas around the year 910.,Unverified,"No verifiable source exists; claim is speculative, private, unrecorded or about the future.",N/A,speculation
1264,An undiscovered manuscript in a library in Havana contains an unknown play by Mary Shelley.,Unverified,"No verifiable source exists; claim is speculative, private, unrecorded or about the future.",N/A,speculation
1265,"People in Vienna are, on average, 6 percent happier on Tuesdays than on Wednesdays.",Unverified,"No verifiable source exists; claim is speculative, private, unrecorded or about the future.",N/A,unsourced-claim
1266,23 is a prime number.,Verified,23 is prime,Computed,mathematics
1267,Ancient traders from France secretly reached the Americas around the year 1012.,Unverified,"No verifiable source exists; claim is speculative, private, unrecorded or about the future.",N/A,speculation
1268,The atomic number of Silicon is 19.,Contradicted,Correct fact: Silicon: Z=14,IUPAC Periodic Table,chemistry
1269,112 plus 459 equals 569.,Contradicted,Correct fact: 112+459=571,Computed,arithmetic
1270,The mayor of Abuja privately decided in 1961 to rename a bridge after a childhood friend.,Unverified,"No verifiable source exists; claim is speculative, private, unrecorded or about the future.",N/A,unrecorded-detail
1271,"People in Mexico City are, on average, 4 percent happier on Tuesdays than on Wednesdays.",Unverified,"No verifiable source exists; claim is speculative, private, unrecorded or about the future.",N/A,unsourced-claim
1272,Iodine has 53 protons in a neutral atom's nucleus.,Verified,Iodine: Z=53,IUPAC Periodic Table,chemistry
1273,892 plus 678 equals 1572.,Contradicted,Correct fact: 892+678=1570,Computed,arithmetic
1274,Ancient traders from France secretly reached the Americas around the year 332.,Unverified,"No verifiable source exists; claim is speculative, private, unrecorded or about the future.",N/A,speculation
1275,The mayor of Nairobi privately decided in 2010 to rename a bridge after a childhood friend.,Unverified,"No verifiable source exists; claim is speculative, private, unrecorded or about the future.",N/A,unrecorded-detail
1276,43 multiplied by 47 equals 2022.,Contradicted,Correct fact: 43*47=2021,Computed,arithmetic
1277,The mayor of Lisbon privately decided in 1965 to rename a bridge after a childhood friend.,Unverified,"No verifiable source exists; claim is speculative, private, unrecorded or about the future.",N/A,unrecorded-detail
1278,22 multiplied by 86 equals 1872.,Contradicted,Correct fact: 22*86=1892,Computed,arithmetic
1279,The grandmother of Deepa Menon once met a famous scientist in Ankara in 1948.,Unverified,"No verifiable source exists; claim is speculative, private, unrecorded or about the future.",N/A,personal-private
1280,An undiscovered manuscript in a library in Oslo contains an unknown play by Rabindranath Tagore.,Unverified,"No verifiable source exists; claim is speculative, private, unrecorded or about the future.",N/A,speculation
1281,"Exactly 4,175 people walked through a street market in Kampala on 6 October 1975.",Unverified,"No verifiable source exists; claim is speculative, private, unrecorded or about the future.",N/A,unrecorded-detail
1282,A tiger sighted near Copenhagen in 1950 weighed exactly 201 kg.,Unverified,"No verifiable source exists; claim is speculative, private, unrecorded or about the future.",N/A,unrecorded-detail
1283,The square root of 576 is 25.,Contradicted,Correct fact: 24^2=576,Computed,mathematics
1284,502 plus 231 equals 733.,Verified,502+231=733,Computed,arithmetic
1285,95 degrees Celsius equals 212 degrees Fahrenheit.,Contradicted,Correct fact: F=C*9/5+32=203,SI / standard conversion,units
1286,723 plus 660 equals 1383.,Verified,723+660=1383,Computed,arithmetic
1287,"29 kilometres equals 2,900 metres.",Contradicted,Correct fact: 1 km = 1000 m,SI definition,units
1288,Ananya Das ate pasta for lunch on 8 September 1998.,Unverified,"No verifiable source exists; claim is speculative, private, unrecorded or about the future.",N/A,personal-private
1289,231 is a composite number.,Verified,231 divisible by 3,Computed,mathematics
1290,773 plus 462 equals 1236.,Contradicted,Correct fact: 773+462=1235,Computed,arithmetic
1291,26 multiplied by 93 equals 2419.,Contradicted,Correct fact: 26*93=2418,Computed,arithmetic
1292,The Alchemist was written by Homer.,Contradicted,Correct fact: The Alchemist -> Paulo Coelho,Library of Congress catalogue,literature
1293,An undiscovered manuscript in a library in Mexico City contains an unknown play by Jane Austen.,Unverified,"No verifiable source exists; claim is speculative, private, unrecorded or about the future.",N/A,speculation
1294,96 multiplied by 46 equals 4436.,Contradicted,Correct fact: 96*46=4416,Computed,arithmetic
1295,The stock price of a randomly chosen company will rise exactly 38% next year.,Unverified,"No verifiable source exists; claim is speculative, private, unrecorded or about the future.",N/A,future-prediction
1296,98 multiplied by 96 equals 9408.,Verified,98*96=9408,Computed,arithmetic
1297,119 is a composite number.,Verified,119 divisible by 7,Computed,mathematics
1298,40 multiplied by 97 equals 3880.,Verified,40*97=3880,Computed,arithmetic
1299,The atomic number of Chromium is 24.,Verified,Chromium: Z=24,IUPAC Periodic Table,chemistry
1300,Priya Nair ate dal and rice for lunch on 19 March 1994.,Unverified,"No verifiable source exists; claim is speculative, private, unrecorded or about the future.",N/A,personal-private
1301,"By 2111, the population of Denmark will exceed 1200 million.",Unverified,"No verifiable source exists; claim is speculative, private, unrecorded or about the future.",N/A,future-prediction
1302,The next major earthquake in Ecuador will occur in the month of August 2052.,Unverified,"No verifiable source exists; claim is speculative, private, unrecorded or about the future.",N/A,future-prediction
1303,214 is a prime number.,Contradicted,Correct fact: 214 divisible by 2,Computed,mathematics
1304,939 plus 93 equals 1022.,Contradicted,Correct fact: 939+93=1032,Computed,arithmetic
1305,666 plus 822 equals 1478.,Contradicted,Correct fact: 666+822=1488,Computed,arithmetic
1306,A secret tunnel reportedly connects the main railway station of Wellington to a hidden vault.,Unverified,"No verifiable source exists; claim is speculative, private, unrecorded or about the future.",N/A,rumor
1307,The grandmother of Harish Gupta once met a famous scientist in Kabul in 1959.,Unverified,"No verifiable source exists; claim is speculative, private, unrecorded or about the future.",N/A,personal-private
1308,832 plus 487 equals 1319.,Verified,832+487=1319,Computed,arithmetic
1309,"The mayor of Washington, D.C. privately decided in 1974 to rename a bridge after a childhood friend.",Unverified,"No verifiable source exists; claim is speculative, private, unrecorded or about the future.",N/A,unrecorded-detail
1310,The grandmother of Rohan Mehta once met a famous scientist in Islamabad in 1966.,Unverified,"No verifiable source exists; claim is speculative, private, unrecorded or about the future.",N/A,personal-private
1311,919 plus 54 equals 973.,Verified,919+54=973,Computed,arithmetic
1312,314 is a prime number.,Contradicted,Correct fact: 314 divisible by 2,Computed,mathematics
1313,227 plus 452 equals 679.,Verified,227+452=679,Computed,arithmetic
1314,48 degrees Celsius equals 118.4 degrees Fahrenheit.,Verified,F=C*9/5+32=118.4,SI / standard conversion,units
1315,William Shakespeare is the author of Great Expectations.,Contradicted,Correct fact: Great Expectations -> Charles Dickens,Library of Congress catalogue,literature
1316,50 is a composite number.,Verified,50 divisible by 2,Computed,mathematics
1317,117 plus 332 equals 448.,Contradicted,Correct fact: 117+332=449,Computed,arithmetic
1318,The chemical symbol for Aluminium is Al.,Verified,Aluminium: symbol Al,IUPAC Periodic Table,chemistry
1319,The next major earthquake in Argentina will occur in the month of November 2038.,Unverified,"No verifiable source exists; claim is speculative, private, unrecorded or about the future.",N/A,future-prediction
1320,"People in Islamabad are, on average, 8 percent happier on Tuesdays than on Wednesdays.",Unverified,"No verifiable source exists; claim is speculative, private, unrecorded or about the future.",N/A,unsourced-claim
1321,778 plus 167 equals 946.,Contradicted,Correct fact: 778+167=945,Computed,arithmetic
1322,149 is a prime number.,Verified,149 is prime,Computed,mathematics
1323,-16 degrees Celsius equals 3.2 degrees Fahrenheit.,Verified,F=C*9/5+32=3.2,SI / standard conversion,units
1324,"93 kilometres equals 9,300 metres.",Contradicted,Correct fact: 1 km = 1000 m,SI definition,units
1325,86 degrees Celsius equals 204.8 degrees Fahrenheit.,Contradicted,Correct fact: F=C*9/5+32=186.8,SI / standard conversion,units
1326,957 plus 928 equals 1885.,Verified,957+928=1885,Computed,arithmetic
1327,842 plus 266 equals 1108.,Verified,842+266=1108,Computed,arithmetic
1328,56 multiplied by 39 equals 2184.,Verified,56*39=2184,Computed,arithmetic
1329,34 multiplied by 59 equals 2006.,Verified,34*59=2006,Computed,arithmetic
1330,The capital of Uganda is Dakar.,Contradicted,Correct fact: Capital of Uganda = Kampala,CIA World Factbook / UN,geography
1331,An undiscovered manuscript in a library in Algiers contains an unknown play by Mary Shelley.,Unverified,"No verifiable source exists; claim is speculative, private, unrecorded or about the future.",N/A,speculation
1332,256 plus 324 equals 580.,Verified,256+324=580,Computed,arithmetic
1333,A tiger sighted near Hanoi in 1915 weighed exactly 156 kg.,Unverified,"No verifiable source exists; claim is speculative, private, unrecorded or about the future.",N/A,unrecorded-detail
1334,835 plus 497 equals 1332.,Verified,835+497=1332,Computed,arithmetic
1335,"35 kilometres equals 3,500 metres.",Contradicted,Correct fact: 1 km = 1000 m,SI definition,units
1336,280 plus 177 equals 457.,Verified,280+177=457,Computed,arithmetic
1337,85 degrees Celsius equals 194 degrees Fahrenheit.,Contradicted,Correct fact: F=C*9/5+32=185,SI / standard conversion,units
1338,Frankenstein was written by George Orwell.,Contradicted,Correct fact: Frankenstein -> Mary Shelley,Library of Congress catalogue,literature
1339,A secret tunnel reportedly connects the main railway station of Brussels to a hidden vault.,Unverified,"No verifiable source exists; claim is speculative, private, unrecorded or about the future.",N/A,rumor
1340,620 plus 643 equals 1263.,Verified,620+643=1263,Computed,arithmetic
1341,368 is a composite number.,Verified,368 divisible by 2,Computed,mathematics
1342,308 plus 347 equals 645.,Contradicted,Correct fact: 308+347=655,Computed,arithmetic
1343,78 multiplied by 90 equals 7040.,Contradicted,Correct fact: 78*90=7020,Computed,arithmetic
1344,Dr. Neha Kulkarni published a study in the Journal of Applied Obscure Studies in 1983 proving a cure for the common cold.,Unverified,"No verifiable source exists; claim is speculative, private, unrecorded or about the future.",N/A,unsourced-claim
1345,The electron is credited to Johannes Kepler.,Contradicted,Correct fact: the electron -> J. J. Thomson,Encyclopaedia Britannica,science history
1346,854 plus 665 equals 1519.,Verified,854+665=1519,Computed,arithmetic
1347,There is a species of beetle living only in a single cave near Riyadh that has never been catalogued.,Unverified,"No verifiable source exists; claim is speculative, private, unrecorded or about the future.",N/A,speculation
1348,Priya Nair ate paratha for lunch on 7 December 1998.,Unverified,"No verifiable source exists; claim is speculative, private, unrecorded or about the future.",N/A,personal-private
1349,502 plus 658 equals 1158.,Contradicted,Correct fact: 502+658=1160,Computed,arithmetic
1350,"People in Bogota are, on average, 3 percent happier on Tuesdays than on Wednesdays.",Unverified,"No verifiable source exists; claim is speculative, private, unrecorded or about the future.",N/A,unsourced-claim
1351,91 multiplied by 69 equals 6278.,Contradicted,Correct fact: 91*69=6279,Computed,arithmetic
1352,156 plus 784 equals 940.,Verified,156+784=940,Computed,arithmetic
1353,A tiger sighted near Dodoma in 1918 weighed exactly 176 kg.,Unverified,"No verifiable source exists; claim is speculative, private, unrecorded or about the future.",N/A,unrecorded-detail
1354,Dr. Ahmed Siddiqui published a study in the Journal of Applied Obscure Studies in 1990 proving a cure for the common cold.,Unverified,"No verifiable source exists; claim is speculative, private, unrecorded or about the future.",N/A,unsourced-claim
1355,"By 2136, the population of Romania will exceed 1800 million.",Unverified,"No verifiable source exists; claim is speculative, private, unrecorded or about the future.",N/A,future-prediction
1356,115 plus 531 equals 746.,Contradicted,Correct fact: 115+531=646,Computed,arithmetic
1357,986 plus 370 equals 1356.,Verified,986+370=1356,Computed,arithmetic
1358,The organ that produces bile is the liver.,Verified,The organ that produces bile is the liver,Standard reference texts,general knowledge
1359,The theory of general relativity is credited to Alfred Nobel.,Contradicted,Correct fact: the theory of general relativity -> Albert Einstein,Encyclopaedia Britannica,science history
1360,46 hours equal 4600 minutes.,Contradicted,Correct fact: 1 h = 60 min,SI definition,units
1361,"82 kilometres equals 8,200 metres.",Contradicted,Correct fact: 1 km = 1000 m,SI definition,units
1362,56 multiplied by 51 equals 2846.,Contradicted,Correct fact: 56*51=2856,Computed,arithmetic
1363,There is a species of beetle living only in a single cave near Tokyo that has never been catalogued.,Unverified,"No verifiable source exists; claim is speculative, private, unrecorded or about the future.",N/A,speculation
1364,The stock price of a randomly chosen company will rise exactly 12% next year.,Unverified,"No verifiable source exists; claim is speculative, private, unrecorded or about the future.",N/A,future-prediction
1365,"People in Jerusalem are, on average, 6 percent happier on Tuesdays than on Wednesdays.",Unverified,"No verifiable source exists; claim is speculative, private, unrecorded or about the future.",N/A,unsourced-claim
1366,720 plus 920 equals 1642.,Contradicted,Correct fact: 720+920=1640,Computed,arithmetic
1367,"People in Cairo are, on average, 8 percent happier on Tuesdays than on Wednesdays.",Unverified,"No verifiable source exists; claim is speculative, private, unrecorded or about the future.",N/A,unsourced-claim
1368,The square root of 144 is 15.,Contradicted,Correct fact: 12^2=144,Computed,mathematics
1369,Dr. Lakshmi Iyer published a study in the Regional Review of Unlisted Science in 1980 proving a cure for the common cold.,Unverified,"No verifiable source exists; claim is speculative, private, unrecorded or about the future.",N/A,unsourced-claim
1370,A tiger sighted near Vienna in 1926 weighed exactly 212 kg.,Unverified,"No verifiable source exists; claim is speculative, private, unrecorded or about the future.",N/A,unrecorded-detail
1371,Rohan Mehta ate a banana for lunch on 3 September 2004.,Unverified,"No verifiable source exists; claim is speculative, private, unrecorded or about the future.",N/A,personal-private
1372,"317 kilometres equals 317,000 metres.",Verified,1 km = 1000 m,SI definition,units
1373,115 plus 620 equals 735.,Verified,115+620=735,Computed,arithmetic
1374,410 plus 356 equals 776.,Contradicted,Correct fact: 410+356=766,Computed,arithmetic
1375,An undiscovered manuscript in a library in Tokyo contains an unknown play by J. R. R. Tolkien.,Unverified,"No verifiable source exists; claim is speculative, private, unrecorded or about the future.",N/A,speculation
1376,An undiscovered manuscript in a library in New Delhi contains an unknown play by James Joyce.,Unverified,"No verifiable source exists; claim is speculative, private, unrecorded or about the future.",N/A,speculation
1377,The square root of 2304 is 46.,Contradicted,Correct fact: 48^2=2304,Computed,mathematics
1378,95 plus 290 equals 386.,Contradicted,Correct fact: 95+290=385,Computed,arithmetic
1379,A tiger sighted near Nairobi in 1938 weighed exactly 151 kg.,Unverified,"No verifiable source exists; claim is speculative, private, unrecorded or about the future.",N/A,unrecorded-detail
1380,The square root of 2809 is 54.,Contradicted,Correct fact: 53^2=2809,Computed,mathematics
1381,34 multiplied by 36 equals 1214.,Contradicted,Correct fact: 34*36=1224,Computed,arithmetic
1382,Dr. Fatima Khan published a study in the Regional Review of Unlisted Science in 2001 proving a cure for the common cold.,Unverified,"No verifiable source exists; claim is speculative, private, unrecorded or about the future.",N/A,unsourced-claim
1383,75 multiplied by 60 equals 4500.,Verified,75*60=4500,Computed,arithmetic
1384,The grandmother of Meera Joshi once met a famous scientist in Rome in 1965.,Unverified,"No verifiable source exists; claim is speculative, private, unrecorded or about the future.",N/A,personal-private
1385,Cairo is the capital city of Egypt.,Verified,Capital of Egypt = Cairo,CIA World Factbook / UN,geography
1386,94 multiplied by 33 equals 3102.,Verified,94*33=3102,Computed,arithmetic
1387,4 hours equal 400 minutes.,Contradicted,Correct fact: 1 h = 60 min,SI definition,units
1388,71 multiplied by 52 equals 3692.,Verified,71*52=3692,Computed,arithmetic
1389,The chemical symbol for Calcium is Ca.,Verified,Calcium: symbol Ca,IUPAC Periodic Table,chemistry
1390,41 plus 196 equals 236.,Contradicted,Correct fact: 41+196=237,Computed,arithmetic
1391,Priya Nair ate dal and rice for lunch on 28 September 2007.,Unverified,"No verifiable source exists; claim is speculative, private, unrecorded or about the future.",N/A,personal-private
1392,"By 2107, the population of Hungary will exceed 700 million.",Unverified,"No verifiable source exists; claim is speculative, private, unrecorded or about the future.",N/A,future-prediction
1393,"89 kilometres equals 8,900 metres.",Contradicted,Correct fact: 1 km = 1000 m,SI definition,units
1394,79 multiplied by 17 equals 1342.,Contradicted,Correct fact: 79*17=1343,Computed,arithmetic
1395,99 multiplied by 13 equals 1287.,Verified,99*13=1287,Computed,arithmetic
1396,"17 kilometres equals 1,700 metres.",Contradicted,Correct fact: 1 km = 1000 m,SI definition,units
1397,An undiscovered manuscript in a library in Accra contains an unknown play by J. D. Salinger.,Unverified,"No verifiable source exists; claim is speculative, private, unrecorded or about the future.",N/A,speculation
1398,A tiger sighted near Caracas in 1909 weighed exactly 162 kg.,Unverified,"No verifiable source exists; claim is speculative, private, unrecorded or about the future.",N/A,unrecorded-detail
1399,The mayor of Buenos Aires privately decided in 1967 to rename a bridge after a childhood friend.,Unverified,"No verifiable source exists; claim is speculative, private, unrecorded or about the future.",N/A,unrecorded-detail
1400,158 plus 591 equals 749.,Verified,158+591=749,Computed,arithmetic
1401,79 multiplied by 96 equals 7584.,Verified,79*96=7584,Computed,arithmetic
1402,The square root of 841 is 26.,Contradicted,Correct fact: 29^2=841,Computed,mathematics
1403,971 plus 908 equals 1879.,Verified,971+908=1879,Computed,arithmetic
1404,464 plus 950 equals 1413.,Contradicted,Correct fact: 464+950=1414,Computed,arithmetic
1405,The square root of 2601 is 51.,Verified,51^2=2601,Computed,mathematics
1406,Bogota is the capital city of South Africa.,Contradicted,Correct fact: Capital of South Africa = Pretoria,CIA World Factbook / UN,geography
1407,969 plus 610 equals 1579.,Verified,969+610=1579,Computed,arithmetic
1408,Ancient traders from South Africa secretly reached the Americas around the year 233.,Unverified,"No verifiable source exists; claim is speculative, private, unrecorded or about the future.",N/A,speculation
1409,369 is a prime number.,Contradicted,Correct fact: 369 divisible by 3,Computed,mathematics
1410,"People in Dakar are, on average, 6 percent happier on Tuesdays than on Wednesdays.",Unverified,"No verifiable source exists; claim is speculative, private, unrecorded or about the future.",N/A,unsourced-claim
1411,48 plus 644 equals 682.,Contradicted,Correct fact: 48+644=692,Computed,arithmetic
1412,The square root of 729 is 27.,Verified,27^2=729,Computed,mathematics
1413,-20 degrees Celsius equals 5 degrees Fahrenheit.,Contradicted,Correct fact: F=C*9/5+32=-4,SI / standard conversion,units
1414,An undiscovered manuscript in a library in Brussels contains an unknown play by J. R. R. Tolkien.,Unverified,"No verifiable source exists; claim is speculative, private, unrecorded or about the future.",N/A,speculation
1415,226 is a prime number.,Contradicted,Correct fact: 226 divisible by 2,Computed,mathematics
1416,292 is a prime number.,Contradicted,Correct fact: 292 divisible by 2,Computed,mathematics
1417,Wellington is the capital city of New Zealand.,Verified,Capital of New Zealand = Wellington,CIA World Factbook / UN,geography
1418,665 plus 901 equals 1566.,Verified,665+901=1566,Computed,arithmetic
1419,"By 2096, the population of Italy will exceed 1600 million.",Unverified,"No verifiable source exists; claim is speculative, private, unrecorded or about the future.",N/A,future-prediction
1420,"By 2063, the population of Poland will exceed 600 million.",Unverified,"No verifiable source exists; claim is speculative, private, unrecorded or about the future.",N/A,future-prediction
1421,50 multiplied by 74 equals 3710.,Contradicted,Correct fact: 50*74=3700,Computed,arithmetic
1422,85 multiplied by 39 equals 3305.,Contradicted,Correct fact: 85*39=3315,Computed,arithmetic
1423,A secret tunnel reportedly connects the main railway station of Jerusalem to a hidden vault.,Unverified,"No verifiable source exists; claim is speculative, private, unrecorded or about the future.",N/A,rumor
1424,91 multiplied by 96 equals 8746.,Contradicted,Correct fact: 91*96=8736,Computed,arithmetic
1425,87 multiplied by 15 equals 1306.,Contradicted,Correct fact: 87*15=1305,Computed,arithmetic
1426,435 plus 319 equals 754.,Verified,435+319=754,Computed,arithmetic
1427,A tiger sighted near Ankara in 1957 weighed exactly 201 kg.,Unverified,"No verifiable source exists; claim is speculative, private, unrecorded or about the future.",N/A,unrecorded-detail
1428,955 plus 359 equals 1314.,Verified,955+359=1314,Computed,arithmetic
1429,Ancient traders from Venezuela secretly reached the Americas around the year 650.,Unverified,"No verifiable source exists; claim is speculative, private, unrecorded or about the future.",N/A,speculation
1430,"245 kilometres equals 245,000 metres.",Verified,1 km = 1000 m,SI definition,units
1431,"By 2126, the population of Sweden will exceed 600 million.",Unverified,"No verifiable source exists; claim is speculative, private, unrecorded or about the future.",N/A,future-prediction
1432,The mayor of Brasilia privately decided in 1994 to rename a bridge after a childhood friend.,Unverified,"No verifiable source exists; claim is speculative, private, unrecorded or about the future.",N/A,unrecorded-detail
1433,901 plus 804 equals 1705.,Verified,901+804=1705,Computed,arithmetic
1434,383 is a composite number.,Contradicted,Correct fact: 383 is prime,Computed,mathematics
1435,Dr. Harish Gupta published a study in the Proceedings of the Local Research Circle in 2011 proving a cure for the common cold.,Unverified,"No verifiable source exists; claim is speculative, private, unrecorded or about the future.",N/A,unsourced-claim
1436,668 plus 758 equals 1426.,Verified,668+758=1426,Computed,arithmetic
1437,The capital of Ecuador is Quito.,Verified,Capital of Ecuador = Quito,CIA World Factbook / UN,geography
1438,The Trial was written by George Orwell.,Contradicted,Correct fact: The Trial -> Franz Kafka,Library of Congress catalogue,literature
1439,58 multiplied by 29 equals 1702.,Contradicted,Correct fact: 58*29=1682,Computed,arithmetic
1440,227 plus 797 equals 1024.,Verified,227+797=1024,Computed,arithmetic
1441,22 is a prime number.,Contradicted,Correct fact: 22 divisible by 2,Computed,mathematics
1442,670 plus 822 equals 1491.,Contradicted,Correct fact: 670+822=1492,Computed,arithmetic
1443,4 hours equal 240 minutes.,Verified,1 h = 60 min,SI definition,units
1444,The grandmother of Priya Nair once met a famous scientist in Buenos Aires in 1943.,Unverified,"No verifiable source exists; claim is speculative, private, unrecorded or about the future.",N/A,personal-private
1445,Lakshmi Iyer ate idli and sambar for lunch on 24 March 2013.,Unverified,"No verifiable source exists; claim is speculative, private, unrecorded or about the future.",N/A,personal-private
1446,196 plus 985 equals 1179.,Contradicted,Correct fact: 196+985=1181,Computed,arithmetic
1447,84 plus 552 equals 626.,Contradicted,Correct fact: 84+552=636,Computed,arithmetic
1448,614 plus 343 equals 947.,Contradicted,Correct fact: 614+343=957,Computed,arithmetic
1449,Ancient traders from Australia secretly reached the Americas around the year 734.,Unverified,"No verifiable source exists; claim is speculative, private, unrecorded or about the future.",N/A,speculation
1450,268 plus 479 equals 747.,Verified,268+479=747,Computed,arithmetic
1451,42 multiplied by 77 equals 3234.,Verified,42*77=3234,Computed,arithmetic
1452,Chlorine has 17 protons in a neutral atom's nucleus.,Verified,Chlorine: Z=17,IUPAC Periodic Table,chemistry
1453,-8 degrees Celsius equals 17.6 degrees Fahrenheit.,Verified,F=C*9/5+32=17.6,SI / standard conversion,units
1454,91 degrees Celsius equals 204.8 degrees Fahrenheit.,Contradicted,Correct fact: F=C*9/5+32=195.8,SI / standard conversion,units
1455,"Exactly 64,530 people walked through a street market in Washington, D.C. on 20 April 2002.",Unverified,"No verifiable source exists; claim is speculative, private, unrecorded or about the future.",N/A,unrecorded-detail
1456,675 plus 864 equals 1537.,Contradicted,Correct fact: 675+864=1539,Computed,arithmetic
1457,"177 kilometres equals 17,700 metres.",Contradicted,Correct fact: 1 km = 1000 m,SI definition,units
1458,22 hours equal 1320 minutes.,Verified,1 h = 60 min,SI definition,units
1459,32 multiplied by 74 equals 2348.,Contradicted,Correct fact: 32*74=2368,Computed,arithmetic
1460,"People in Budapest are, on average, 7 percent happier on Tuesdays than on Wednesdays.",Unverified,"No verifiable source exists; claim is speculative, private, unrecorded or about the future.",N/A,unsourced-claim
1461,"By 2080, the population of Austria will exceed 150 million.",Unverified,"No verifiable source exists; claim is speculative, private, unrecorded or about the future.",N/A,future-prediction
1462,258 plus 592 equals 950.,Contradicted,Correct fact: 258+592=850,Computed,arithmetic
1463,752 plus 34 equals 787.,Contradicted,Correct fact: 752+34=786,Computed,arithmetic
1464,"Exactly 52,023 people walked through a street market in Dublin on 4 October 1963.",Unverified,"No verifiable source exists; claim is speculative, private, unrecorded or about the future.",N/A,unrecorded-detail
1465,"366 kilometres equals 36,600 metres.",Contradicted,Correct fact: 1 km = 1000 m,SI definition,units
1466,94 multiplied by 40 equals 3780.,Contradicted,Correct fact: 94*40=3760,Computed,arithmetic
1467,64 multiplied by 36 equals 2284.,Contradicted,Correct fact: 64*36=2304,Computed,arithmetic
1468,31 multiplied by 29 equals 889.,Contradicted,Correct fact: 31*29=899,Computed,arithmetic
1469,A secret tunnel reportedly connects the main railway station of Zagreb to a hidden vault.,Unverified,"No verifiable source exists; claim is speculative, private, unrecorded or about the future.",N/A,rumor
1470,661 plus 291 equals 1052.,Contradicted,Correct fact: 661+291=952,Computed,arithmetic
1471,Priya Nair ate khichdi for lunch on 25 June 1996.,Unverified,"No verifiable source exists; claim is speculative, private, unrecorded or about the future.",N/A,personal-private
1472,879 plus 122 equals 1001.,Verified,879+122=1001,Computed,arithmetic
1473,35 multiplied by 77 equals 2694.,Contradicted,Correct fact: 35*77=2695,Computed,arithmetic
1474,18 multiplied by 13 equals 254.,Contradicted,Correct fact: 18*13=234,Computed,arithmetic
1475,The next major earthquake in Vietnam will occur in the month of May 2045.,Unverified,"No verifiable source exists; claim is speculative, private, unrecorded or about the future.",N/A,future-prediction
1476,127 is a composite number.,Contradicted,Correct fact: 127 is prime,Computed,mathematics
1477,53 degrees Celsius equals 127.4 degrees Fahrenheit.,Verified,F=C*9/5+32=127.4,SI / standard conversion,units
1478,44 multiplied by 56 equals 2444.,Contradicted,Correct fact: 44*56=2464,Computed,arithmetic
1479,611 plus 688 equals 1299.,Verified,611+688=1299,Computed,arithmetic
1480,36 is a prime number.,Contradicted,Correct fact: 36 divisible by 2,Computed,mathematics
1481,A secret tunnel reportedly connects the main railway station of Copenhagen to a hidden vault.,Unverified,"No verifiable source exists; claim is speculative, private, unrecorded or about the future.",N/A,rumor
1482,"108 kilometres equals 108,000 metres.",Verified,1 km = 1000 m,SI definition,units
1483,881 plus 442 equals 1423.,Contradicted,Correct fact: 881+442=1323,Computed,arithmetic
1484,51 multiplied by 47 equals 2397.,Verified,51*47=2397,Computed,arithmetic
1485,321 plus 215 equals 537.,Contradicted,Correct fact: 321+215=536,Computed,arithmetic
1486,The square root of 2809 is 53.,Verified,53^2=2809,Computed,mathematics
1487,32 degrees Celsius equals 107.6 degrees Fahrenheit.,Contradicted,Correct fact: F=C*9/5+32=89.6,SI / standard conversion,units
1488,Bromine has 42 protons in a neutral atom's nucleus.,Contradicted,Correct fact: Bromine: Z=35,IUPAC Periodic Table,chemistry
1489,The chemical symbol for Neodymium is Nd.,Verified,Neodymium: symbol Nd,IUPAC Periodic Table,chemistry
1490,There is a species of beetle living only in a single cave near Rabat that has never been catalogued.,Unverified,"No verifiable source exists; claim is speculative, private, unrecorded or about the future.",N/A,speculation
1491,An undiscovered manuscript in a library in Islamabad contains an unknown play by George Orwell.,Unverified,"No verifiable source exists; claim is speculative, private, unrecorded or about the future.",N/A,speculation
1492,692 plus 375 equals 1065.,Contradicted,Correct fact: 692+375=1067,Computed,arithmetic
1493,12 multiplied by 12 equals 154.,Contradicted,Correct fact: 12*12=144,Computed,arithmetic
1494,"396 kilometres equals 396,000 metres.",Verified,1 km = 1000 m,SI definition,units
1495,The next major earthquake in Sweden will occur in the month of August 2030.,Unverified,"No verifiable source exists; claim is speculative, private, unrecorded or about the future.",N/A,future-prediction
1496,472 plus 277 equals 849.,Contradicted,Correct fact: 472+277=749,Computed,arithmetic
1497,18 degrees Celsius equals 64.4 degrees Fahrenheit.,Verified,F=C*9/5+32=64.4,SI / standard conversion,units
1498,167 plus 519 equals 676.,Contradicted,Correct fact: 167+519=686,Computed,arithmetic
1499,248 plus 135 equals 383.,Verified,248+135=383,Computed,arithmetic
1500,168 is a composite number.,Verified,168 divisible by 2,Computed,mathematics
1501,51 multiplied by 53 equals 2683.,Contradicted,Correct fact: 51*53=2703,Computed,arithmetic
1502,42 degrees Celsius equals 116.6 degrees Fahrenheit.,Contradicted,Correct fact: F=C*9/5+32=107.6,SI / standard conversion,units
1503,"There is a species of beetle living only in a single cave near Washington, D.C. that has never been catalogued.",Unverified,"No verifiable source exists; claim is speculative, private, unrecorded or about the future.",N/A,speculation
1504,96 plus 590 equals 676.,Contradicted,Correct fact: 96+590=686,Computed,arithmetic
1505,926 plus 780 equals 1806.,Contradicted,Correct fact: 926+780=1706,Computed,arithmetic
1506,406 plus 933 equals 1341.,Contradicted,Correct fact: 406+933=1339,Computed,arithmetic
1507,223 plus 836 equals 1059.,Verified,223+836=1059,Computed,arithmetic
1508,262 is a composite number.,Verified,262 divisible by 2,Computed,mathematics
1509,118 plus 973 equals 1089.,Contradicted,Correct fact: 118+973=1091,Computed,arithmetic
1510,667 plus 685 equals 1352.,Verified,667+685=1352,Computed,arithmetic
1511,54 degrees Celsius equals 129.2 degrees Fahrenheit.,Verified,F=C*9/5+32=129.2,SI / standard conversion,units
1512,29 multiplied by 29 equals 842.,Contradicted,Correct fact: 29*29=841,Computed,arithmetic
1513,Dr. Ananya Das published a study in the Journal of Applied Obscure Studies in 2014 proving a cure for the common cold.,Unverified,"No verifiable source exists; claim is speculative, private, unrecorded or about the future.",N/A,unsourced-claim
1514,53 multiplied by 76 equals 4028.,Verified,53*76=4028,Computed,arithmetic
1515,739 plus 129 equals 858.,Contradicted,Correct fact: 739+129=868,Computed,arithmetic
1516,56 multiplied by 52 equals 2912.,Verified,56*52=2912,Computed,arithmetic
1517,A secret tunnel reportedly connects the main railway station of New Delhi to a hidden vault.,Unverified,"No verifiable source exists; claim is speculative, private, unrecorded or about the future.",N/A,rumor
1518,"By 2131, the population of Tanzania will exceed 200 million.",Unverified,"No verifiable source exists; claim is speculative, private, unrecorded or about the future.",N/A,future-prediction
1519,31 multiplied by 34 equals 1034.,Contradicted,Correct fact: 31*34=1054,Computed,arithmetic
1520,The capital of Bulgaria is Bucharest.,Contradicted,Correct fact: Capital of Bulgaria = Sofia,CIA World Factbook / UN,geography
1521,107 plus 424 equals 533.,Contradicted,Correct fact: 107+424=531,Computed,arithmetic
1522,A tiger sighted near Buenos Aires in 1945 weighed exactly 172 kg.,Unverified,"No verifiable source exists; claim is speculative, private, unrecorded or about the future.",N/A,unrecorded-detail
1523,16 multiplied by 57 equals 913.,Contradicted,Correct fact: 16*57=912,Computed,arithmetic
1524,The grandmother of Meera Joshi once met a famous scientist in Kuala Lumpur in 1945.,Unverified,"No verifiable source exists; claim is speculative, private, unrecorded or about the future.",N/A,personal-private
1525,14 multiplied by 98 equals 1352.,Contradicted,Correct fact: 14*98=1372,Computed,arithmetic
1526,8 hours equal 480 minutes.,Verified,1 h = 60 min,SI definition,units
1527,401 plus 557 equals 968.,Contradicted,Correct fact: 401+557=958,Computed,arithmetic
1528,786 plus 35 equals 820.,Contradicted,Correct fact: 786+35=821,Computed,arithmetic
1529,"People in Manila are, on average, 6 percent happier on Tuesdays than on Wednesdays.",Unverified,"No verifiable source exists; claim is speculative, private, unrecorded or about the future.",N/A,unsourced-claim
1530,Ancient traders from Tanzania secretly reached the Americas around the year 978.,Unverified,"No verifiable source exists; claim is speculative, private, unrecorded or about the future.",N/A,speculation
1531,The grandmother of Ahmed Siddiqui once met a famous scientist in Havana in 1943.,Unverified,"No verifiable source exists; claim is speculative, private, unrecorded or about the future.",N/A,personal-private
1532,16 multiplied by 48 equals 768.,Verified,16*48=768,Computed,arithmetic
1533,"By 2086, the population of Poland will exceed 600 million.",Unverified,"No verifiable source exists; claim is speculative, private, unrecorded or about the future.",N/A,future-prediction
1534,143 is a composite number.,Verified,143 divisible by 11,Computed,mathematics
1535,"People in Baghdad are, on average, 9 percent happier on Tuesdays than on Wednesdays.",Unverified,"No verifiable source exists; claim is speculative, private, unrecorded or about the future.",N/A,unsourced-claim
1536,The mayor of Seoul privately decided in 1980 to rename a bridge after a childhood friend.,Unverified,"No verifiable source exists; claim is speculative, private, unrecorded or about the future.",N/A,unrecorded-detail
1537,31 multiplied by 18 equals 557.,Contradicted,Correct fact: 31*18=558,Computed,arithmetic
1538,The chemical symbol for Zinc is Zn.,Verified,Zinc: symbol Zn,IUPAC Periodic Table,chemistry
1539,254 is a composite number.,Verified,254 divisible by 2,Computed,mathematics
1540,39 hours equal 3900 minutes.,Contradicted,Correct fact: 1 h = 60 min,SI definition,units
1541,"430 kilometres equals 430,000 metres.",Verified,1 km = 1000 m,SI definition,units
1542,318 is a prime number.,Contradicted,Correct fact: 318 divisible by 2,Computed,mathematics
1543,"224 kilometres equals 22,400 metres.",Contradicted,Correct fact: 1 km = 1000 m,SI definition,units
1544,285 is a composite number.,Verified,285 divisible by 3,Computed,mathematics
1545,The capital of the Indian state of Odisha is Bhubaneswar.,Verified,The capital of the Indian state of Odisha is Bhubaneswar,Standard reference texts,general knowledge
1546,348 plus 884 equals 1242.,Contradicted,Correct fact: 348+884=1232,Computed,arithmetic
1547,The square root of 961 is 33.,Contradicted,Correct fact: 31^2=961,Computed,mathematics
1548,"299 kilometres equals 299,000 metres.",Verified,1 km = 1000 m,SI definition,units
1549,285 plus 832 equals 1117.,Verified,285+832=1117,Computed,arithmetic
1550,776 plus 543 equals 1321.,Contradicted,Correct fact: 776+543=1319,Computed,arithmetic
1551,"307 kilometres equals 307,000 metres.",Verified,1 km = 1000 m,SI definition,units
1552,The capital of the Indian state of Rajasthan is Hyderabad.,Contradicted,Correct fact: The capital of the Indian state of Rajasthan is Jaipur,Standard reference texts,general knowledge
1553,Tehran is the capital city of Ghana.,Contradicted,Correct fact: Capital of Ghana = Accra,CIA World Factbook / UN,geography
1554,25 hours equal 1500 minutes.,Verified,1 h = 60 min,SI definition,units
1555,113 plus 653 equals 866.,Contradicted,Correct fact: 113+653=766,Computed,arithmetic
1556,501 plus 128 equals 729.,Contradicted,Correct fact: 501+128=629,Computed,arithmetic
1557,Zinc has 30 protons in a neutral atom's nucleus.,Verified,Zinc: Z=30,IUPAC Periodic Table,chemistry
1558,924 plus 860 equals 1784.,Verified,924+860=1784,Computed,arithmetic
1559,73 plus 181 equals 254.,Verified,73+181=254,Computed,arithmetic
1560,321 plus 909 equals 1230.,Verified,321+909=1230,Computed,arithmetic
1561,441 plus 685 equals 1126.,Verified,441+685=1126,Computed,arithmetic
1562,475 plus 338 equals 803.,Contradicted,Correct fact: 475+338=813,Computed,arithmetic
1563,109 plus 332 equals 441.,Verified,109+332=441,Computed,arithmetic
1564,329 plus 584 equals 913.,Verified,329+584=913,Computed,arithmetic
1565,"Exactly 57,585 people walked through a street market in Colombo on 20 July 1958.",Unverified,"No verifiable source exists; claim is speculative, private, unrecorded or about the future.",N/A,unrecorded-detail
1566,Ancient traders from Pakistan secretly reached the Americas around the year 1053.,Unverified,"No verifiable source exists; claim is speculative, private, unrecorded or about the future.",N/A,speculation
1567,Meera Joshi ate a cheese sandwich for lunch on 11 December 1993.,Unverified,"No verifiable source exists; claim is speculative, private, unrecorded or about the future.",N/A,personal-private
1568,"98 kilometres equals 9,800 metres.",Contradicted,Correct fact: 1 km = 1000 m,SI definition,units
1569,A secret tunnel reportedly connects the main railway station of Algiers to a hidden vault.,Unverified,"No verifiable source exists; claim is speculative, private, unrecorded or about the future.",N/A,rumor
1570,96 multiplied by 40 equals 3820.,Contradicted,Correct fact: 96*40=3840,Computed,arithmetic
1571,74 multiplied by 78 equals 5771.,Contradicted,Correct fact: 74*78=5772,Computed,arithmetic
1572,"27 kilometres equals 2,700 metres.",Contradicted,Correct fact: 1 km = 1000 m,SI definition,units
1573,"By 2117, the population of Argentina will exceed 600 million.",Unverified,"No verifiable source exists; claim is speculative, private, unrecorded or about the future.",N/A,future-prediction
1574,91 multiplied by 58 equals 5278.,Verified,91*58=5278,Computed,arithmetic
1575,Arjun Reddy ate khichdi for lunch on 26 December 1993.,Unverified,"No verifiable source exists; claim is speculative, private, unrecorded or about the future.",N/A,personal-private
1576,38 multiplied by 73 equals 2773.,Contradicted,Correct fact: 38*73=2774,Computed,arithmetic
1577,A tiger sighted near Phnom Penh in 1904 weighed exactly 222 kg.,Unverified,"No verifiable source exists; claim is speculative, private, unrecorded or about the future.",N/A,unrecorded-detail
1578,The grandmother of Imran Qureshi once met a famous scientist in Dhaka in 1969.,Unverified,"No verifiable source exists; claim is speculative, private, unrecorded or about the future.",N/A,personal-private
1579,558 plus 256 equals 814.,Verified,558+256=814,Computed,arithmetic
1580,260 is a composite number.,Verified,260 divisible by 2,Computed,mathematics
1581,368 plus 499 equals 867.,Verified,368+499=867,Computed,arithmetic
1582,53 multiplied by 79 equals 4187.,Verified,53*79=4187,Computed,arithmetic
1583,88 multiplied by 67 equals 5876.,Contradicted,Correct fact: 88*67=5896,Computed,arithmetic
1584,539 plus 587 equals 1116.,Contradicted,Correct fact: 539+587=1126,Computed,arithmetic
1585,89 is a prime number.,Verified,89 is prime,Computed,mathematics
1586,12 multiplied by 85 equals 1020.,Verified,12*85=1020,Computed,arithmetic
1587,59 multiplied by 41 equals 2419.,Verified,59*41=2419,Computed,arithmetic
1588,A secret tunnel reportedly connects the main railway station of Phnom Penh to a hidden vault.,Unverified,"No verifiable source exists; claim is speculative, private, unrecorded or about the future.",N/A,rumor
1589,706 plus 812 equals 1518.,Verified,706+812=1518,Computed,arithmetic
1590,270 plus 686 equals 956.,Verified,270+686=956,Computed,arithmetic
1591,3 hours equal 300 minutes.,Contradicted,Correct fact: 1 h = 60 min,SI definition,units
1592,317 plus 593 equals 912.,Contradicted,Correct fact: 317+593=910,Computed,arithmetic
1593,95 multiplied by 52 equals 4940.,Verified,95*52=4940,Computed,arithmetic
1594,"422 kilometres equals 422,000 metres.",Verified,1 km = 1000 m,SI definition,units
1595,523 plus 665 equals 1190.,Contradicted,Correct fact: 523+665=1188,Computed,arithmetic
1596,The square root of 1936 is 44.,Verified,44^2=1936,Computed,mathematics
1597,17 multiplied by 66 equals 1121.,Contradicted,Correct fact: 17*66=1122,Computed,arithmetic
1598,A secret tunnel reportedly connects the main railway station of Prague to a hidden vault.,Unverified,"No verifiable source exists; claim is speculative, private, unrecorded or about the future.",N/A,rumor
1599,967 plus 341 equals 1408.,Contradicted,Correct fact: 967+341=1308,Computed,arithmetic
1600,883 plus 139 equals 1021.,Contradicted,Correct fact: 883+139=1022,Computed,arithmetic
1601,93 multiplied by 67 equals 6230.,Contradicted,Correct fact: 93*67=6231,Computed,arithmetic
1602,The square root of 1936 is 43.,Contradicted,Correct fact: 44^2=1936,Computed,mathematics
1603,The square root of 1225 is 32.,Contradicted,Correct fact: 35^2=1225,Computed,mathematics
1604,The stock price of a randomly chosen company will rise exactly 16% next year.,Unverified,"No verifiable source exists; claim is speculative, private, unrecorded or about the future.",N/A,future-prediction
1605,The next major earthquake in Croatia will occur in the month of November 2037.,Unverified,"No verifiable source exists; claim is speculative, private, unrecorded or about the future.",N/A,future-prediction
1606,477 plus 985 equals 1463.,Contradicted,Correct fact: 477+985=1462,Computed,arithmetic
1607,An undiscovered manuscript in a library in Madrid contains an unknown play by Munshi Premchand.,Unverified,"No verifiable source exists; claim is speculative, private, unrecorded or about the future.",N/A,speculation
1608,775 plus 520 equals 1295.,Verified,775+520=1295,Computed,arithmetic
1609,98 is a composite number.,Verified,98 divisible by 2,Computed,mathematics
1610,The next major earthquake in Sri Lanka will occur in the month of August 2060.,Unverified,"No verifiable source exists; claim is speculative, private, unrecorded or about the future.",N/A,future-prediction
1611,31 degrees Celsius equals 96.8 degrees Fahrenheit.,Contradicted,Correct fact: F=C*9/5+32=87.8,SI / standard conversion,units
1612,20 multiplied by 56 equals 1120.,Verified,20*56=1120,Computed,arithmetic
1613,470 plus 823 equals 1293.,Verified,470+823=1293,Computed,arithmetic
1614,Dr. Fatima Khan published a study in the Regional Review of Unlisted Science in 2013 proving a cure for the common cold.,Unverified,"No verifiable source exists; claim is speculative, private, unrecorded or about the future.",N/A,unsourced-claim
1615,752 plus 882 equals 1624.,Contradicted,Correct fact: 752+882=1634,Computed,arithmetic
1616,388 plus 641 equals 1029.,Verified,388+641=1029,Computed,arithmetic
1617,The square root of 576 is 24.,Verified,24^2=576,Computed,mathematics
1618,37 hours equal 2220 minutes.,Verified,1 h = 60 min,SI definition,units
1619,"Exactly 33,272 people walked through a street market in Bogota on 5 April 2002.",Unverified,"No verifiable source exists; claim is speculative, private, unrecorded or about the future.",N/A,unrecorded-detail
1620,55 multiplied by 49 equals 2696.,Contradicted,Correct fact: 55*49=2695,Computed,arithmetic
1621,The grandmother of Vikram Sethi once met a famous scientist in Rabat in 1968.,Unverified,"No verifiable source exists; claim is speculative, private, unrecorded or about the future.",N/A,personal-private
1622,359 plus 859 equals 1218.,Verified,359+859=1218,Computed,arithmetic
1623,"People in Prague are, on average, 2 percent happier on Tuesdays than on Wednesdays.",Unverified,"No verifiable source exists; claim is speculative, private, unrecorded or about the future.",N/A,unsourced-claim
1624,Dr. Ahmed Siddiqui published a study in the Journal of Applied Obscure Studies in 2010 proving a cure for the common cold.,Unverified,"No verifiable source exists; claim is speculative, private, unrecorded or about the future.",N/A,unsourced-claim
1625,A tiger sighted near Buenos Aires in 1934 weighed exactly 216 kg.,Unverified,"No verifiable source exists; claim is speculative, private, unrecorded or about the future.",N/A,unrecorded-detail
1626,322 plus 641 equals 963.,Verified,322+641=963,Computed,arithmetic
1627,The atomic number of Helium is 9.,Contradicted,Correct fact: Helium: Z=2,IUPAC Periodic Table,chemistry
1628,39 multiplied by 44 equals 1717.,Contradicted,Correct fact: 39*44=1716,Computed,arithmetic
1629,14 degrees Celsius equals 57.2 degrees Fahrenheit.,Verified,F=C*9/5+32=57.2,SI / standard conversion,units
1630,The grandmother of Sanjay Rao once met a famous scientist in Lisbon in 1974.,Unverified,"No verifiable source exists; claim is speculative, private, unrecorded or about the future.",N/A,personal-private
1631,Dr. Meera Joshi published a study in the Regional Review of Unlisted Science in 2002 proving a cure for the common cold.,Unverified,"No verifiable source exists; claim is speculative, private, unrecorded or about the future.",N/A,unsourced-claim
1632,Dr. Neha Kulkarni published a study in the Journal of Applied Obscure Studies in 1988 proving a cure for the common cold.,Unverified,"No verifiable source exists; claim is speculative, private, unrecorded or about the future.",N/A,unsourced-claim
1633,The square root of 2401 is 51.,Contradicted,Correct fact: 49^2=2401,Computed,mathematics
1634,18 degrees Celsius equals 55.4 degrees Fahrenheit.,Contradicted,Correct fact: F=C*9/5+32=64.4,SI / standard conversion,units
1635,183 is a composite number.,Verified,183 divisible by 3,Computed,mathematics
1636,16 is a composite number.,Verified,16 divisible by 2,Computed,mathematics
1637,605 plus 633 equals 1248.,Contradicted,Correct fact: 605+633=1238,Computed,arithmetic
1638,370 plus 877 equals 1247.,Verified,370+877=1247,Computed,arithmetic
1639,67 multiplied by 42 equals 2814.,Verified,67*42=2814,Computed,arithmetic
1640,480 plus 76 equals 546.,Contradicted,Correct fact: 480+76=556,Computed,arithmetic
1641,57 is a composite number.,Verified,57 divisible by 3,Computed,mathematics
1642,An undiscovered manuscript in a library in Montevideo contains an unknown play by Homer.,Unverified,"No verifiable source exists; claim is speculative, private, unrecorded or about the future.",N/A,speculation
1643,207 is a prime number.,Contradicted,Correct fact: 207 divisible by 3,Computed,mathematics
1644,856 plus 594 equals 1449.,Contradicted,Correct fact: 856+594=1450,Computed,arithmetic
1645,141 plus 771 equals 913.,Contradicted,Correct fact: 141+771=912,Computed,arithmetic
1646,45 hours equal 2700 minutes.,Verified,1 h = 60 min,SI definition,units
1647,865 plus 263 equals 1128.,Verified,865+263=1128,Computed,arithmetic
1648,The mayor of Dakar privately decided in 2015 to rename a bridge after a childhood friend.,Unverified,"No verifiable source exists; claim is speculative, private, unrecorded or about the future.",N/A,unrecorded-detail
1649,48 multiplied by 83 equals 3994.,Contradicted,Correct fact: 48*83=3984,Computed,arithmetic
1650,84 multiplied by 84 equals 7056.,Verified,84*84=7056,Computed,arithmetic
1651,156 is a prime number.,Contradicted,Correct fact: 156 divisible by 2,Computed,mathematics
1652,90 multiplied by 43 equals 3870.,Verified,90*43=3870,Computed,arithmetic
1653,699 plus 402 equals 1201.,Contradicted,Correct fact: 699+402=1101,Computed,arithmetic
1654,57 multiplied by 39 equals 2233.,Contradicted,Correct fact: 57*39=2223,Computed,arithmetic
1655,"390 kilometres equals 39,000 metres.",Contradicted,Correct fact: 1 km = 1000 m,SI definition,units
1656,10 is a composite number.,Verified,10 divisible by 2,Computed,mathematics
1657,"People in Dodoma are, on average, 2 percent happier on Tuesdays than on Wednesdays.",Unverified,"No verifiable source exists; claim is speculative, private, unrecorded or about the future.",N/A,unsourced-claim
1658,893 plus 365 equals 1259.,Contradicted,Correct fact: 893+365=1258,Computed,arithmetic
1659,81 degrees Celsius equals 182.8 degrees Fahrenheit.,Contradicted,Correct fact: F=C*9/5+32=177.8,SI / standard conversion,units
1660,55 multiplied by 58 equals 3170.,Contradicted,Correct fact: 55*58=3190,Computed,arithmetic
1661,A secret tunnel reportedly connects the main railway station of Sofia to a hidden vault.,Unverified,"No verifiable source exists; claim is speculative, private, unrecorded or about the future.",N/A,rumor
1662,313 is a composite number.,Contradicted,Correct fact: 313 is prime,Computed,mathematics
1663,333 plus 677 equals 1010.,Verified,333+677=1010,Computed,arithmetic
1664,41 multiplied by 90 equals 3690.,Verified,41*90=3690,Computed,arithmetic
1665,187 is a composite number.,Verified,187 divisible by 11,Computed,mathematics
1666,The stock price of a randomly chosen company will rise exactly 24% next year.,Unverified,"No verifiable source exists; claim is speculative, private, unrecorded or about the future.",N/A,future-prediction
1667,184 plus 618 equals 802.,Verified,184+618=802,Computed,arithmetic
1668,874 plus 657 equals 1531.,Verified,874+657=1531,Computed,arithmetic
1669,63 degrees Celsius equals 140.4 degrees Fahrenheit.,Contradicted,Correct fact: F=C*9/5+32=145.4,SI / standard conversion,units
1670,374 plus 85 equals 460.,Contradicted,Correct fact: 374+85=459,Computed,arithmetic
1671,Dr. Ahmed Siddiqui published a study in the Regional Review of Unlisted Science in 2004 proving a cure for the common cold.,Unverified,"No verifiable source exists; claim is speculative, private, unrecorded or about the future.",N/A,unsourced-claim
1672,A tiger sighted near Belgrade in 1910 weighed exactly 156 kg.,Unverified,"No verifiable source exists; claim is speculative, private, unrecorded or about the future.",N/A,unrecorded-detail
1673,The chemical symbol for Chlorine is F.,Contradicted,Correct fact: Chlorine: symbol Cl,IUPAC Periodic Table,chemistry
1674,The grandmother of Karan Bhatia once met a famous scientist in Santiago in 1977.,Unverified,"No verifiable source exists; claim is speculative, private, unrecorded or about the future.",N/A,personal-private
1675,The next major earthquake in Tanzania will occur in the month of August 2055.,Unverified,"No verifiable source exists; claim is speculative, private, unrecorded or about the future.",N/A,future-prediction
1676,37 multiplied by 45 equals 1675.,Contradicted,Correct fact: 37*45=1665,Computed,arithmetic
1677,A tiger sighted near Budapest in 1957 weighed exactly 249 kg.,Unverified,"No verifiable source exists; claim is speculative, private, unrecorded or about the future.",N/A,unrecorded-detail
1678,291 plus 209 equals 500.,Verified,291+209=500,Computed,arithmetic
1679,87 multiplied by 44 equals 3808.,Contradicted,Correct fact: 87*44=3828,Computed,arithmetic
1680,452 plus 191 equals 643.,Verified,452+191=643,Computed,arithmetic
1681,159 plus 215 equals 374.,Verified,159+215=374,Computed,arithmetic
1682,555 plus 525 equals 1080.,Verified,555+525=1080,Computed,arithmetic
1683,828 plus 276 equals 1103.,Contradicted,Correct fact: 828+276=1104,Computed,arithmetic
1684,The chemical symbol for Iron is Ni.,Contradicted,Correct fact: Iron: symbol Fe,IUPAC Periodic Table,chemistry
1685,An undiscovered manuscript in a library in Vientiane contains an unknown play by Salman Rushdie.,Unverified,"No verifiable source exists; claim is speculative, private, unrecorded or about the future.",N/A,speculation
1686,The grandmother of Ananya Das once met a famous scientist in Havana in 1968.,Unverified,"No verifiable source exists; claim is speculative, private, unrecorded or about the future.",N/A,personal-private
1687,"Exactly 21,865 people walked through a street market in Mexico City on 19 October 2004.",Unverified,"No verifiable source exists; claim is speculative, private, unrecorded or about the future.",N/A,unrecorded-detail
1688,483 plus 184 equals 677.,Contradicted,Correct fact: 483+184=667,Computed,arithmetic
1689,The square root of 36 is 8.,Contradicted,Correct fact: 6^2=36,Computed,mathematics
1690,285 plus 987 equals 1272.,Verified,285+987=1272,Computed,arithmetic
1691,The chemical symbol for Tungsten is Pu.,Contradicted,Correct fact: Tungsten: symbol W,IUPAC Periodic Table,chemistry
1692,63 plus 309 equals 372.,Verified,63+309=372,Computed,arithmetic
1693,15 degrees Celsius equals 68 degrees Fahrenheit.,Contradicted,Correct fact: F=C*9/5+32=59,SI / standard conversion,units
1694,18 multiplied by 82 equals 1477.,Contradicted,Correct fact: 18*82=1476,Computed,arithmetic
1695,The next major earthquake in Ghana will occur in the month of February 2046.,Unverified,"No verifiable source exists; claim is speculative, private, unrecorded or about the future.",N/A,future-prediction
1696,215 plus 89 equals 306.,Contradicted,Correct fact: 215+89=304,Computed,arithmetic
1697,Dr. Deepa Menon published a study in the Journal of Applied Obscure Studies in 1977 proving a cure for the common cold.,Unverified,"No verifiable source exists; claim is speculative, private, unrecorded or about the future.",N/A,unsourced-claim
1698,Tin has 50 protons in a neutral atom's nucleus.,Verified,Tin: Z=50,IUPAC Periodic Table,chemistry
1699,688 plus 545 equals 1231.,Contradicted,Correct fact: 688+545=1233,Computed,arithmetic
1700,382 plus 649 equals 1131.,Contradicted,Correct fact: 382+649=1031,Computed,arithmetic
1701,Ancient traders from Japan secretly reached the Americas around the year 731.,Unverified,"No verifiable source exists; claim is speculative, private, unrecorded or about the future.",N/A,speculation
1702,27 multiplied by 17 equals 459.,Verified,27*17=459,Computed,arithmetic
1703,The grandmother of Rohan Mehta once met a famous scientist in Vientiane in 1947.,Unverified,"No verifiable source exists; claim is speculative, private, unrecorded or about the future.",N/A,personal-private
1704,704 plus 414 equals 1119.,Contradicted,Correct fact: 704+414=1118,Computed,arithmetic
1705,The next major earthquake in Morocco will occur in the month of November 2028.,Unverified,"No verifiable source exists; claim is speculative, private, unrecorded or about the future.",N/A,future-prediction
1706,Ancient traders from Czech Republic secretly reached the Americas around the year 654.,Unverified,"No verifiable source exists; claim is speculative, private, unrecorded or about the future.",N/A,speculation
1707,184 plus 90 equals 276.,Contradicted,Correct fact: 184+90=274,Computed,arithmetic
1708,114 plus 709 equals 923.,Contradicted,Correct fact: 114+709=823,Computed,arithmetic
1709,"70 kilometres equals 70,000 metres.",Verified,1 km = 1000 m,SI definition,units
1710,21 multiplied by 18 equals 378.,Verified,21*18=378,Computed,arithmetic
1711,Ancient traders from Norway secretly reached the Americas around the year 472.,Unverified,"No verifiable source exists; claim is speculative, private, unrecorded or about the future.",N/A,speculation
1712,"Exactly 13,695 people walked through a street market in Lisbon on 9 January 1987.",Unverified,"No verifiable source exists; claim is speculative, private, unrecorded or about the future.",N/A,unrecorded-detail
1713,A tiger sighted near Ulaanbaatar in 1916 weighed exactly 243 kg.,Unverified,"No verifiable source exists; claim is speculative, private, unrecorded or about the future.",N/A,unrecorded-detail
1714,"By 2133, the population of France will exceed 1200 million.",Unverified,"No verifiable source exists; claim is speculative, private, unrecorded or about the future.",N/A,future-prediction
1715,19 plus 221 equals 240.,Verified,19+221=240,Computed,arithmetic
1716,The square root of 784 is 25.,Contradicted,Correct fact: 28^2=784,Computed,mathematics
1717,The capital of South Africa is Pretoria.,Verified,Capital of South Africa = Pretoria,CIA World Factbook / UN,geography
1718,Dr. Priya Nair published a study in the Proceedings of the Local Research Circle in 1984 proving a cure for the common cold.,Unverified,"No verifiable source exists; claim is speculative, private, unrecorded or about the future.",N/A,unsourced-claim
1719,There is a species of beetle living only in a single cave near Colombo that has never been catalogued.,Unverified,"No verifiable source exists; claim is speculative, private, unrecorded or about the future.",N/A,speculation
1720,The chemical formula of ammonia is NH3.,Verified,The chemical formula of ammonia is NH3,Standard reference texts,general knowledge
1721,80 is a prime number.,Contradicted,Correct fact: 80 divisible by 2,Computed,mathematics
1722,0 degrees Celsius equals 50 degrees Fahrenheit.,Contradicted,Correct fact: F=C*9/5+32=32,SI / standard conversion,units
1723,18 hours equal 1800 minutes.,Contradicted,Correct fact: 1 h = 60 min,SI definition,units
1724,"People in Islamabad are, on average, 6 percent happier on Tuesdays than on Wednesdays.",Unverified,"No verifiable source exists; claim is speculative, private, unrecorded or about the future.",N/A,unsourced-claim
1725,Ancient traders from Austria secretly reached the Americas around the year 423.,Unverified,"No verifiable source exists; claim is speculative, private, unrecorded or about the future.",N/A,speculation
1726,The square root of 1849 is 46.,Contradicted,Correct fact: 43^2=1849,Computed,mathematics
1727,The mayor of Ankara privately decided in 2001 to rename a bridge after a childhood friend.,Unverified,"No verifiable source exists; claim is speculative, private, unrecorded or about the future.",N/A,unrecorded-detail
1728,The mayor of Paris privately decided in 1984 to rename a bridge after a childhood friend.,Unverified,"No verifiable source exists; claim is speculative, private, unrecorded or about the future.",N/A,unrecorded-detail
1729,477 plus 105 equals 582.,Verified,477+105=582,Computed,arithmetic
1730,924 plus 403 equals 1328.,Contradicted,Correct fact: 924+403=1327,Computed,arithmetic
1731,196 plus 710 equals 1006.,Contradicted,Correct fact: 196+710=906,Computed,arithmetic
1732,Imran Qureshi ate poha for lunch on 21 June 2014.,Unverified,"No verifiable source exists; claim is speculative, private, unrecorded or about the future.",N/A,personal-private
1733,903 plus 358 equals 1261.,Verified,903+358=1261,Computed,arithmetic
1734,Ancient traders from Poland secretly reached the Americas around the year 294.,Unverified,"No verifiable source exists; claim is speculative, private, unrecorded or about the future.",N/A,speculation
1735,303 plus 809 equals 1122.,Contradicted,Correct fact: 303+809=1112,Computed,arithmetic
1736,283 is a composite number.,Contradicted,Correct fact: 283 is prime,Computed,mathematics
1737,2 is a composite number.,Contradicted,Correct fact: 2 is prime,Computed,mathematics
1738,715 plus 957 equals 1673.,Contradicted,Correct fact: 715+957=1672,Computed,arithmetic
1739,94 multiplied by 47 equals 4419.,Contradicted,Correct fact: 94*47=4418,Computed,arithmetic
1740,82 multiplied by 70 equals 5720.,Contradicted,Correct fact: 82*70=5740,Computed,arithmetic
1741,87 multiplied by 49 equals 4263.,Verified,87*49=4263,Computed,arithmetic
1742,60 multiplied by 59 equals 3530.,Contradicted,Correct fact: 60*59=3540,Computed,arithmetic
1743,25 multiplied by 33 equals 825.,Verified,25*33=825,Computed,arithmetic
1744,775 plus 235 equals 1012.,Contradicted,Correct fact: 775+235=1010,Computed,arithmetic
1745,"Exactly 99,342 people walked through a street market in Canberra on 25 July 2005.",Unverified,"No verifiable source exists; claim is speculative, private, unrecorded or about the future.",N/A,unrecorded-detail
1746,75 plus 695 equals 760.,Contradicted,Correct fact: 75+695=770,Computed,arithmetic
1747,An undiscovered manuscript in a library in Sucre contains an unknown play by Arundhati Roy.,Unverified,"No verifiable source exists; claim is speculative, private, unrecorded or about the future.",N/A,speculation
1748,674 plus 421 equals 1195.,Contradicted,Correct fact: 674+421=1095,Computed,arithmetic
1749,"Exactly 50,682 people walked through a street market in Jakarta on 26 July 1998.",Unverified,"No verifiable source exists; claim is speculative, private, unrecorded or about the future.",N/A,unrecorded-detail
1750,142 is a prime number.,Contradicted,Correct fact: 142 divisible by 2,Computed,mathematics
1751,247 plus 400 equals 647.,Verified,247+400=647,Computed,arithmetic
1752,The square root of 529 is 23.,Verified,23^2=529,Computed,mathematics
1753,374 is a prime number.,Contradicted,Correct fact: 374 divisible by 2,Computed,mathematics
1754,"Exactly 54,887 people walked through a street market in Wellington on 22 July 1978.",Unverified,"No verifiable source exists; claim is speculative, private, unrecorded or about the future.",N/A,unrecorded-detail
1755,13 multiplied by 78 equals 1014.,Verified,13*78=1014,Computed,arithmetic
1756,800 plus 918 equals 1708.,Contradicted,Correct fact: 800+918=1718,Computed,arithmetic
1757,"235 kilometres equals 23,500 metres.",Contradicted,Correct fact: 1 km = 1000 m,SI definition,units
1758,The chemical symbol for Neon is Ar.,Contradicted,Correct fact: Neon: symbol Ne,IUPAC Periodic Table,chemistry
1759,861 plus 722 equals 1582.,Contradicted,Correct fact: 861+722=1583,Computed,arithmetic
1760,Dr. Arjun Reddy published a study in the Journal of Applied Obscure Studies in 1994 proving a cure for the common cold.,Unverified,"No verifiable source exists; claim is speculative, private, unrecorded or about the future.",N/A,unsourced-claim
1761,"People in Accra are, on average, 9 percent happier on Tuesdays than on Wednesdays.",Unverified,"No verifiable source exists; claim is speculative, private, unrecorded or about the future.",N/A,unsourced-claim
1762,5 hours equal 500 minutes.,Contradicted,Correct fact: 1 h = 60 min,SI definition,units
1763,289 plus 325 equals 613.,Contradicted,Correct fact: 289+325=614,Computed,arithmetic
1764,37 is a prime number.,Verified,37 is prime,Computed,mathematics
1765,Carbon has 6 protons in a neutral atom's nucleus.,Verified,Carbon: Z=6,IUPAC Periodic Table,chemistry
1766,817 plus 564 equals 1380.,Contradicted,Correct fact: 817+564=1381,Computed,arithmetic
1767,-12 degrees Celsius equals 10.4 degrees Fahrenheit.,Verified,F=C*9/5+32=10.4,SI / standard conversion,units
1768,The mayor of Colombo privately decided in 1978 to rename a bridge after a childhood friend.,Unverified,"No verifiable source exists; claim is speculative, private, unrecorded or about the future.",N/A,unrecorded-detail
1769,An undiscovered manuscript in a library in Phnom Penh contains an unknown play by Salman Rushdie.,Unverified,"No verifiable source exists; claim is speculative, private, unrecorded or about the future.",N/A,speculation
1770,"People in Santiago are, on average, 4 percent happier on Tuesdays than on Wednesdays.",Unverified,"No verifiable source exists; claim is speculative, private, unrecorded or about the future.",N/A,unsourced-claim
1771,The capital of Poland is Warsaw.,Verified,Capital of Poland = Warsaw,CIA World Factbook / UN,geography
1772,"248 kilometres equals 24,800 metres.",Contradicted,Correct fact: 1 km = 1000 m,SI definition,units
1773,There is a species of beetle living only in a single cave near Bogota that has never been catalogued.,Unverified,"No verifiable source exists; claim is speculative, private, unrecorded or about the future.",N/A,speculation
1774,66 multiplied by 92 equals 6062.,Contradicted,Correct fact: 66*92=6072,Computed,arithmetic
1775,732 plus 905 equals 1627.,Contradicted,Correct fact: 732+905=1637,Computed,arithmetic
1776,624 plus 502 equals 1126.,Verified,624+502=1126,Computed,arithmetic
1777,An undiscovered manuscript in a library in Baghdad contains an unknown play by Rabindranath Tagore.,Unverified,"No verifiable source exists; claim is speculative, private, unrecorded or about the future.",N/A,speculation
1778,The square root of 961 is 32.,Contradicted,Correct fact: 31^2=961,Computed,mathematics
1779,"470 kilometres equals 47,000 metres.",Contradicted,Correct fact: 1 km = 1000 m,SI definition,units
1780,303 is a composite number.,Verified,303 divisible by 3,Computed,mathematics
1781,155 plus 500 equals 654.,Contradicted,Correct fact: 155+500=655,Computed,arithmetic
1782,615 plus 422 equals 1039.,Contradicted,Correct fact: 615+422=1037,Computed,arithmetic
1783,731 plus 187 equals 908.,Contradicted,Correct fact: 731+187=918,Computed,arithmetic
1784,23 degrees Celsius equals 73.4 degrees Fahrenheit.,Verified,F=C*9/5+32=73.4,SI / standard conversion,units
1785,216 plus 618 equals 834.,Verified,216+618=834,Computed,arithmetic
1786,794 plus 438 equals 1234.,Contradicted,Correct fact: 794+438=1232,Computed,arithmetic
1787,89 multiplied by 40 equals 3540.,Contradicted,Correct fact: 89*40=3560,Computed,arithmetic
1788,Vikram Sethi ate poha for lunch on 15 September 2014.,Unverified,"No verifiable source exists; claim is speculative, private, unrecorded or about the future.",N/A,personal-private
1789,"Exactly 61,015 people walked through a street market in Baghdad on 20 April 1981.",Unverified,"No verifiable source exists; claim is speculative, private, unrecorded or about the future.",N/A,unrecorded-detail
1790,The square root of 2209 is 45.,Contradicted,Correct fact: 47^2=2209,Computed,mathematics
1791,A tiger sighted near Jerusalem in 1957 weighed exactly 150 kg.,Unverified,"No verifiable source exists; claim is speculative, private, unrecorded or about the future.",N/A,unrecorded-detail
1792,40 hours equal 2400 minutes.,Verified,1 h = 60 min,SI definition,units
1793,"People in Mexico City are, on average, 2 percent happier on Tuesdays than on Wednesdays.",Unverified,"No verifiable source exists; claim is speculative, private, unrecorded or about the future.",N/A,unsourced-claim
1794,300 plus 808 equals 1108.,Verified,300+808=1108,Computed,arithmetic
1795,701 plus 523 equals 1224.,Verified,701+523=1224,Computed,arithmetic
1796,45 degrees Celsius equals 131 degrees Fahrenheit.,Contradicted,Correct fact: F=C*9/5+32=113,SI / standard conversion,units
1797,Dr. Meera Joshi published a study in the Journal of Applied Obscure Studies in 1996 proving a cure for the common cold.,Unverified,"No verifiable source exists; claim is speculative, private, unrecorded or about the future.",N/A,unsourced-claim
1798,The currency of Japan is the Amritsar.,Contradicted,Correct fact: The currency of Japan is the yen,Standard reference texts,general knowledge
1799,"Exactly 7,962 people walked through a street market in Santiago on 15 October 1991.",Unverified,"No verifiable source exists; claim is speculative, private, unrecorded or about the future.",N/A,unrecorded-detail
1800,The next major earthquake in Portugal will occur in the month of May 2027.,Unverified,"No verifiable source exists; claim is speculative, private, unrecorded or about the future.",N/A,future-prediction
1801,764 plus 571 equals 1335.,Verified,764+571=1335,Computed,arithmetic
1802,557 plus 450 equals 1017.,Contradicted,Correct fact: 557+450=1007,Computed,arithmetic
1803,608 plus 752 equals 1360.,Verified,608+752=1360,Computed,arithmetic
1804,A tiger sighted near Tokyo in 1930 weighed exactly 253 kg.,Unverified,"No verifiable source exists; claim is speculative, private, unrecorded or about the future.",N/A,unrecorded-detail
1805,Ancient traders from Kenya secretly reached the Americas around the year 897.,Unverified,"No verifiable source exists; claim is speculative, private, unrecorded or about the future.",N/A,speculation
1806,Ancient traders from Saudi Arabia secretly reached the Americas around the year 833.,Unverified,"No verifiable source exists; claim is speculative, private, unrecorded or about the future.",N/A,speculation
1807,Dr. Rohan Mehta published a study in the Journal of Applied Obscure Studies in 2007 proving a cure for the common cold.,Unverified,"No verifiable source exists; claim is speculative, private, unrecorded or about the future.",N/A,unsourced-claim
1808,The next major earthquake in Portugal will occur in the month of November 2057.,Unverified,"No verifiable source exists; claim is speculative, private, unrecorded or about the future.",N/A,future-prediction
1809,460 plus 94 equals 554.,Verified,460+94=554,Computed,arithmetic
1810,Ancient traders from Austria secretly reached the Americas around the year 807.,Unverified,"No verifiable source exists; claim is speculative, private, unrecorded or about the future.",N/A,speculation
1811,The grandmother of Arjun Reddy once met a famous scientist in Hanoi in 1980.,Unverified,"No verifiable source exists; claim is speculative, private, unrecorded or about the future.",N/A,personal-private
1812,24 hours equal 1440 minutes.,Verified,1 h = 60 min,SI definition,units
1813,Kyiv is the capital city of Ukraine.,Verified,Capital of Ukraine = Kyiv,CIA World Factbook / UN,geography
1814,89 degrees Celsius equals 210.2 degrees Fahrenheit.,Contradicted,Correct fact: F=C*9/5+32=192.2,SI / standard conversion,units
1815,"176 kilometres equals 17,600 metres.",Contradicted,Correct fact: 1 km = 1000 m,SI definition,units
1816,13 is a prime number.,Verified,13 is prime,Computed,mathematics
1817,-29 degrees Celsius equals -25.2 degrees Fahrenheit.,Contradicted,Correct fact: F=C*9/5+32=-20.2,SI / standard conversion,units
1818,145 plus 790 equals 935.,Verified,145+790=935,Computed,arithmetic
1819,53 multiplied by 47 equals 2491.,Verified,53*47=2491,Computed,arithmetic
1820,501 plus 168 equals 670.,Contradicted,Correct fact: 501+168=669,Computed,arithmetic
1821,460 plus 56 equals 516.,Verified,460+56=516,Computed,arithmetic
1822,The square root of 49 is 4.,Contradicted,Correct fact: 7^2=49,Computed,mathematics
1823,56 plus 822 equals 878.,Verified,56+822=878,Computed,arithmetic
1824,42 multiplied by 18 equals 756.,Verified,42*18=756,Computed,arithmetic
1825,Vikram Sethi ate a banana for lunch on 9 September 2010.,Unverified,"No verifiable source exists; claim is speculative, private, unrecorded or about the future.",N/A,personal-private
1826,There is a species of beetle living only in a single cave near Sofia that has never been catalogued.,Unverified,"No verifiable source exists; claim is speculative, private, unrecorded or about the future.",N/A,speculation
1827,61 multiplied by 31 equals 1891.,Verified,61*31=1891,Computed,arithmetic
1828,17 degrees Celsius equals 67.6 degrees Fahrenheit.,Contradicted,Correct fact: F=C*9/5+32=62.6,SI / standard conversion,units
1829,419 plus 235 equals 654.,Verified,419+235=654,Computed,arithmetic
1830,18 multiplied by 33 equals 604.,Contradicted,Correct fact: 18*33=594,Computed,arithmetic
1831,97 multiplied by 95 equals 9205.,Contradicted,Correct fact: 97*95=9215,Computed,arithmetic
1832,69 multiplied by 32 equals 2208.,Verified,69*32=2208,Computed,arithmetic
1833,The grandmother of Neha Kulkarni once met a famous scientist in Amsterdam in 1964.,Unverified,"No verifiable source exists; claim is speculative, private, unrecorded or about the future.",N/A,personal-private
1834,"Exactly 94,240 people walked through a street market in Buenos Aires on 26 July 1971.",Unverified,"No verifiable source exists; claim is speculative, private, unrecorded or about the future.",N/A,unrecorded-detail
1835,"By 2102, the population of Norway will exceed 800 million.",Unverified,"No verifiable source exists; claim is speculative, private, unrecorded or about the future.",N/A,future-prediction
1836,35 multiplied by 34 equals 1190.,Verified,35*34=1190,Computed,arithmetic
1837,The mayor of Vienna privately decided in 1996 to rename a bridge after a childhood friend.,Unverified,"No verifiable source exists; claim is speculative, private, unrecorded or about the future.",N/A,unrecorded-detail
1838,620 plus 493 equals 1113.,Verified,620+493=1113,Computed,arithmetic
1839,23 multiplied by 43 equals 989.,Verified,23*43=989,Computed,arithmetic
1840,The capital of Nigeria is Abuja.,Verified,Capital of Nigeria = Abuja,CIA World Factbook / UN,geography
1841,255 plus 466 equals 723.,Contradicted,Correct fact: 255+466=721,Computed,arithmetic
1842,The mayor of Tokyo privately decided in 1968 to rename a bridge after a childhood friend.,Unverified,"No verifiable source exists; claim is speculative, private, unrecorded or about the future.",N/A,unrecorded-detail
1843,"By 2113, the population of Indonesia will exceed 400 million.",Unverified,"No verifiable source exists; claim is speculative, private, unrecorded or about the future.",N/A,future-prediction
1844,A tiger sighted near Belgrade in 1958 weighed exactly 169 kg.,Unverified,"No verifiable source exists; claim is speculative, private, unrecorded or about the future.",N/A,unrecorded-detail
1845,17 multiplied by 49 equals 833.,Verified,17*49=833,Computed,arithmetic
1846,41 multiplied by 95 equals 3895.,Verified,41*95=3895,Computed,arithmetic
1847,Arjun Reddy ate dal and rice for lunch on 22 September 1993.,Unverified,"No verifiable source exists; claim is speculative, private, unrecorded or about the future.",N/A,personal-private
1848,101 degrees Celsius equals 213.8 degrees Fahrenheit.,Verified,F=C*9/5+32=213.8,SI / standard conversion,units
1849,41 multiplied by 78 equals 3199.,Contradicted,Correct fact: 41*78=3198,Computed,arithmetic
1850,Magnesium has 17 protons in a neutral atom's nucleus.,Contradicted,Correct fact: Magnesium: Z=12,IUPAC Periodic Table,chemistry
1851,"By 2107, the population of Turkey will exceed 400 million.",Unverified,"No verifiable source exists; claim is speculative, private, unrecorded or about the future.",N/A,future-prediction
1852,782 plus 138 equals 920.,Verified,782+138=920,Computed,arithmetic
1853,The mayor of Athens privately decided in 1969 to rename a bridge after a childhood friend.,Unverified,"No verifiable source exists; claim is speculative, private, unrecorded or about the future.",N/A,unrecorded-detail
1854,"People in Oslo are, on average, 8 percent happier on Tuesdays than on Wednesdays.",Unverified,"No verifiable source exists; claim is speculative, private, unrecorded or about the future.",N/A,unsourced-claim
1855,Deepa Menon ate poha for lunch on 21 March 2018.,Unverified,"No verifiable source exists; claim is speculative, private, unrecorded or about the future.",N/A,personal-private
1856,"407 kilometres equals 407,000 metres.",Verified,1 km = 1000 m,SI definition,units
1857,Ahmed Siddiqui ate a cheese sandwich for lunch on 22 June 1990.,Unverified,"No verifiable source exists; claim is speculative, private, unrecorded or about the future.",N/A,personal-private
1858,Pretoria is the capital city of Switzerland.,Contradicted,Correct fact: Capital of Switzerland = Bern,CIA World Factbook / UN,geography
1859,45 multiplied by 83 equals 3735.,Verified,45*83=3735,Computed,arithmetic
1860,75 multiplied by 81 equals 6075.,Verified,75*81=6075,Computed,arithmetic
1861,A tiger sighted near Addis Ababa in 1935 weighed exactly 193 kg.,Unverified,"No verifiable source exists; claim is speculative, private, unrecorded or about the future.",N/A,unrecorded-detail
1862,The square root of 1444 is 35.,Contradicted,Correct fact: 38^2=1444,Computed,mathematics
1863,An undiscovered manuscript in a library in Addis Ababa contains an unknown play by Paulo Coelho.,Unverified,"No verifiable source exists; claim is speculative, private, unrecorded or about the future.",N/A,speculation
1864,Ancient traders from Mexico secretly reached the Americas around the year 671.,Unverified,"No verifiable source exists; claim is speculative, private, unrecorded or about the future.",N/A,speculation
1865,398 plus 87 equals 486.,Contradicted,Correct fact: 398+87=485,Computed,arithmetic
1866,423 plus 448 equals 881.,Contradicted,Correct fact: 423+448=871,Computed,arithmetic
1867,182 is a composite number.,Verified,182 divisible by 2,Computed,mathematics
1868,44 multiplied by 72 equals 3168.,Verified,44*72=3168,Computed,arithmetic
1869,74 multiplied by 41 equals 3034.,Verified,74*41=3034,Computed,arithmetic
1870,The next major earthquake in Afghanistan will occur in the month of November 2055.,Unverified,"No verifiable source exists; claim is speculative, private, unrecorded or about the future.",N/A,future-prediction
1871,"142 kilometres equals 14,200 metres.",Contradicted,Correct fact: 1 km = 1000 m,SI definition,units
1872,"Exactly 70,434 people walked through a street market in Canberra on 4 April 2005.",Unverified,"No verifiable source exists; claim is speculative, private, unrecorded or about the future.",N/A,unrecorded-detail
1873,"By 2071, the population of Australia will exceed 1200 million.",Unverified,"No verifiable source exists; claim is speculative, private, unrecorded or about the future.",N/A,future-prediction
1874,The square root of 64 is 8.,Verified,8^2=64,Computed,mathematics
1875,22 multiplied by 72 equals 1584.,Verified,22*72=1584,Computed,arithmetic
1876,There is a species of beetle living only in a single cave near Stockholm that has never been catalogued.,Unverified,"No verifiable source exists; claim is speculative, private, unrecorded or about the future.",N/A,speculation
1877,"By 2097, the population of Denmark will exceed 700 million.",Unverified,"No verifiable source exists; claim is speculative, private, unrecorded or about the future.",N/A,future-prediction
1878,"67 kilometres equals 6,700 metres.",Contradicted,Correct fact: 1 km = 1000 m,SI definition,units
1879,77 multiplied by 83 equals 6401.,Contradicted,Correct fact: 77*83=6391,Computed,arithmetic
1880,"37 kilometres equals 37,000 metres.",Verified,1 km = 1000 m,SI definition,units
1881,Earth is the eighth planet from the Sun.,Contradicted,Correct fact: Earth: position 3,NASA,astronomy
1882,Dr. Ananya Das published a study in the Journal of Applied Obscure Studies in 1982 proving a cure for the common cold.,Unverified,"No verifiable source exists; claim is speculative, private, unrecorded or about the future.",N/A,unsourced-claim
1883,"By 2145, the population of Egypt will exceed 800 million.",Unverified,"No verifiable source exists; claim is speculative, private, unrecorded or about the future.",N/A,future-prediction
1884,A secret tunnel reportedly connects the main railway station of Bern to a hidden vault.,Unverified,"No verifiable source exists; claim is speculative, private, unrecorded or about the future.",N/A,rumor
1885,191 plus 217 equals 406.,Contradicted,Correct fact: 191+217=408,Computed,arithmetic
1886,Deepa Menon ate a banana for lunch on 24 June 2006.,Unverified,"No verifiable source exists; claim is speculative, private, unrecorded or about the future.",N/A,personal-private
1887,"People in Kuala Lumpur are, on average, 3 percent happier on Tuesdays than on Wednesdays.",Unverified,"No verifiable source exists; claim is speculative, private, unrecorded or about the future.",N/A,unsourced-claim
1888,147 plus 501 equals 648.,Verified,147+501=648,Computed,arithmetic
1889,81 multiplied by 93 equals 7532.,Contradicted,Correct fact: 81*93=7533,Computed,arithmetic
1890,A secret tunnel reportedly connects the main railway station of Kyiv to a hidden vault.,Unverified,"No verifiable source exists; claim is speculative, private, unrecorded or about the future.",N/A,rumor
1891,-22 degrees Celsius equals -7.6 degrees Fahrenheit.,Verified,F=C*9/5+32=-7.6,SI / standard conversion,units
1892,The capital of Laos is Dhaka.,Contradicted,Correct fact: Capital of Laos = Vientiane,CIA World Factbook / UN,geography
1893,2 kilometres equals 200 metres.,Contradicted,Correct fact: 1 km = 1000 m,SI definition,units
1894,The grandmother of Vikram Sethi once met a famous scientist in Mexico City in 1944.,Unverified,"No verifiable source exists; claim is speculative, private, unrecorded or about the future.",N/A,personal-private
1895,The Magna Carta was sealed in 1215.,Verified,The Magna Carta was sealed: 1215,Encyclopaedia Britannica,history
1896,"By 2073, the population of Bolivia will exceed 200 million.",Unverified,"No verifiable source exists; claim is speculative, private, unrecorded or about the future.",N/A,future-prediction
1897,11 hours equal 1100 minutes.,Contradicted,Correct fact: 1 h = 60 min,SI definition,units
1898,478 plus 394 equals 872.,Verified,478+394=872,Computed,arithmetic
1899,The next major earthquake in Japan will occur in the month of November 2057.,Unverified,"No verifiable source exists; claim is speculative, private, unrecorded or about the future.",N/A,future-prediction
1900,81 is a prime number.,Contradicted,Correct fact: 81 divisible by 3,Computed,mathematics
1901,"Exactly 7,003 people walked through a street market in Buenos Aires on 12 October 1998.",Unverified,"No verifiable source exists; claim is speculative, private, unrecorded or about the future.",N/A,unrecorded-detail
1902,Franz Kafka is the author of The Trial.,Verified,The Trial -> Franz Kafka,Library of Congress catalogue,literature
1903,The square root of 676 is 26.,Verified,26^2=676,Computed,mathematics
1904,276 is a prime number.,Contradicted,Correct fact: 276 divisible by 2,Computed,mathematics
1905,452 plus 142 equals 594.,Verified,452+142=594,Computed,arithmetic
1906,"151 kilometres equals 151,000 metres.",Verified,1 km = 1000 m,SI definition,units
1907,A tiger sighted near Athens in 1921 weighed exactly 160 kg.,Unverified,"No verifiable source exists; claim is speculative, private, unrecorded or about the future.",N/A,unrecorded-detail
1908,360 is a composite number.,Verified,360 divisible by 2,Computed,mathematics
1909,576 plus 26 equals 604.,Contradicted,Correct fact: 576+26=602,Computed,arithmetic
1910,61 multiplied by 68 equals 4168.,Contradicted,Correct fact: 61*68=4148,Computed,arithmetic
1911,Ancient traders from Ecuador secretly reached the Americas around the year 828.,Unverified,"No verifiable source exists; claim is speculative, private, unrecorded or about the future.",N/A,speculation
1912,30 multiplied by 86 equals 2580.,Verified,30*86=2580,Computed,arithmetic
1913,Dr. Karan Bhatia published a study in the Journal of Applied Obscure Studies in 1980 proving a cure for the common cold.,Unverified,"No verifiable source exists; claim is speculative, private, unrecorded or about the future.",N/A,unsourced-claim
1914,The square root of 2916 is 53.,Contradicted,Correct fact: 54^2=2916,Computed,mathematics
1915,31 multiplied by 47 equals 1437.,Contradicted,Correct fact: 31*47=1457,Computed,arithmetic
1916,57 multiplied by 87 equals 4939.,Contradicted,Correct fact: 57*87=4959,Computed,arithmetic
1917,583 plus 317 equals 900.,Verified,583+317=900,Computed,arithmetic
1918,The square root of 1849 is 43.,Verified,43^2=1849,Computed,mathematics
1919,959 plus 299 equals 1260.,Contradicted,Correct fact: 959+299=1258,Computed,arithmetic
1920,The square root of 3025 is 52.,Contradicted,Correct fact: 55^2=3025,Computed,mathematics
1921,963 plus 173 equals 1137.,Contradicted,Correct fact: 963+173=1136,Computed,arithmetic
1922,A secret tunnel reportedly connects the main railway station of Manila to a hidden vault.,Unverified,"No verifiable source exists; claim is speculative, private, unrecorded or about the future.",N/A,rumor
1923,Ancient traders from Japan secretly reached the Americas around the year 840.,Unverified,"No verifiable source exists; claim is speculative, private, unrecorded or about the future.",N/A,speculation
1924,423 plus 461 equals 882.,Contradicted,Correct fact: 423+461=884,Computed,arithmetic
1925,803 plus 820 equals 1723.,Contradicted,Correct fact: 803+820=1623,Computed,arithmetic
1926,Ancient traders from New Zealand secretly reached the Americas around the year 541.,Unverified,"No verifiable source exists; claim is speculative, private, unrecorded or about the future.",N/A,speculation
1927,The atomic number of Neon is 8.,Contradicted,Correct fact: Neon: Z=10,IUPAC Periodic Table,chemistry
1928,The square root of 64 is 9.,Contradicted,Correct fact: 8^2=64,Computed,mathematics
1929,The grandmother of Priya Nair once met a famous scientist in Bern in 1978.,Unverified,"No verifiable source exists; claim is speculative, private, unrecorded or about the future.",N/A,personal-private
1930,Karan Bhatia ate a banana for lunch on 13 September 2015.,Unverified,"No verifiable source exists; claim is speculative, private, unrecorded or about the future.",N/A,personal-private
1931,98 multiplied by 94 equals 9212.,Verified,98*94=9212,Computed,arithmetic
1932,The chemical symbol for Boron is K.,Contradicted,Correct fact: Boron: symbol B,IUPAC Periodic Table,chemistry
1933,79 multiplied by 22 equals 1718.,Contradicted,Correct fact: 79*22=1738,Computed,arithmetic
1934,The grandmother of Karan Bhatia once met a famous scientist in Oslo in 1963.,Unverified,"No verifiable source exists; claim is speculative, private, unrecorded or about the future.",N/A,personal-private
1935,274 plus 232 equals 506.,Verified,274+232=506,Computed,arithmetic
1936,57 multiplied by 98 equals 5586.,Verified,57*98=5586,Computed,arithmetic
1937,358 is a composite number.,Verified,358 divisible by 2,Computed,mathematics
1938,The grandmother of Ananya Das once met a famous scientist in Tokyo in 1965.,Unverified,"No verifiable source exists; claim is speculative, private, unrecorded or about the future.",N/A,personal-private
1939,96 multiplied by 78 equals 7487.,Contradicted,Correct fact: 96*78=7488,Computed,arithmetic
1940,Harper Lee is the author of To Kill a Mockingbird.,Verified,To Kill a Mockingbird -> Harper Lee,Library of Congress catalogue,literature
1941,A secret tunnel reportedly connects the main railway station of Montevideo to a hidden vault.,Unverified,"No verifiable source exists; claim is speculative, private, unrecorded or about the future.",N/A,rumor
1942,434 plus 438 equals 872.,Verified,434+438=872,Computed,arithmetic
1943,The next major earthquake in Uruguay will occur in the month of February 2048.,Unverified,"No verifiable source exists; claim is speculative, private, unrecorded or about the future.",N/A,future-prediction
1944,16 multiplied by 76 equals 1226.,Contradicted,Correct fact: 16*76=1216,Computed,arithmetic
1945,141 plus 496 equals 647.,Contradicted,Correct fact: 141+496=637,Computed,arithmetic
1946,Dr. Karan Bhatia published a study in the Journal of Applied Obscure Studies in 2010 proving a cure for the common cold.,Unverified,"No verifiable source exists; claim is speculative, private, unrecorded or about the future.",N/A,unsourced-claim
1947,Fatima Khan ate poha for lunch on 20 March 2006.,Unverified,"No verifiable source exists; claim is speculative, private, unrecorded or about the future.",N/A,personal-private
1948,The chemical symbol for Bromine is Ar.,Contradicted,Correct fact: Bromine: symbol Br,IUPAC Periodic Table,chemistry
1949,323 plus 18 equals 341.,Verified,323+18=341,Computed,arithmetic
1950,"People in Helsinki are, on average, 8 percent happier on Tuesdays than on Wednesdays.",Unverified,"No verifiable source exists; claim is speculative, private, unrecorded or about the future.",N/A,unsourced-claim
1951,"By 2096, the population of Canada will exceed 150 million.",Unverified,"No verifiable source exists; claim is speculative, private, unrecorded or about the future.",N/A,future-prediction
1952,A secret tunnel reportedly connects the main railway station of Lisbon to a hidden vault.,Unverified,"No verifiable source exists; claim is speculative, private, unrecorded or about the future.",N/A,rumor
1953,Meera Joshi ate idli and sambar for lunch on 1 December 2005.,Unverified,"No verifiable source exists; claim is speculative, private, unrecorded or about the future.",N/A,personal-private
1954,205 plus 726 equals 929.,Contradicted,Correct fact: 205+726=931,Computed,arithmetic
1955,The grandmother of Lakshmi Iyer once met a famous scientist in Kyiv in 1964.,Unverified,"No verifiable source exists; claim is speculative, private, unrecorded or about the future.",N/A,personal-private
1956,601 plus 401 equals 1003.,Contradicted,Correct fact: 601+401=1002,Computed,arithmetic
1957,Chromium has 24 protons in a neutral atom's nucleus.,Verified,Chromium: Z=24,IUPAC Periodic Table,chemistry
1958,40 multiplied by 39 equals 1559.,Contradicted,Correct fact: 40*39=1560,Computed,arithmetic
1959,"362 kilometres equals 362,000 metres.",Verified,1 km = 1000 m,SI definition,units
1960,The Euro was introduced as physical currency in 2013.,Contradicted,Correct fact: The Euro was introduced as physical currency: 2002,Encyclopaedia Britannica,history
1961,The capital of Bangladesh is Dhaka.,Verified,Capital of Bangladesh = Dhaka,CIA World Factbook / UN,geography
1962,576 plus 750 equals 1426.,Contradicted,Correct fact: 576+750=1326,Computed,arithmetic
1963,The American Declaration of Independence was signed in 1785.,Contradicted,Correct fact: The American Declaration of Independence was signed: 1776,Encyclopaedia Britannica,history
1964,Fatima Khan ate idli and sambar for lunch on 19 December 2013.,Unverified,"No verifiable source exists; claim is speculative, private, unrecorded or about the future.",N/A,personal-private
1965,The square root of 361 is 19.,Verified,19^2=361,Computed,mathematics
1966,863 plus 305 equals 1168.,Verified,863+305=1168,Computed,arithmetic
1967,820 plus 819 equals 1637.,Contradicted,Correct fact: 820+819=1639,Computed,arithmetic
1968,247 is a prime number.,Contradicted,Correct fact: 247 divisible by 13,Computed,mathematics
1969,39 is a composite number.,Verified,39 divisible by 3,Computed,mathematics
1970,484 plus 977 equals 1471.,Contradicted,Correct fact: 484+977=1461,Computed,arithmetic
1971,352 is a prime number.,Contradicted,Correct fact: 352 divisible by 2,Computed,mathematics
1972,Charlotte Bronte is the author of Animal Farm.,Contradicted,Correct fact: Animal Farm -> George Orwell,Library of Congress catalogue,literature
1973,96 multiplied by 62 equals 5952.,Verified,96*62=5952,Computed,arithmetic
1974,A tiger sighted near Lima in 1947 weighed exactly 253 kg.,Unverified,"No verifiable source exists; claim is speculative, private, unrecorded or about the future.",N/A,unrecorded-detail
1975,48 multiplied by 68 equals 3264.,Verified,48*68=3264,Computed,arithmetic
1976,"People in Abuja are, on average, 4 percent happier on Tuesdays than on Wednesdays.",Unverified,"No verifiable source exists; claim is speculative, private, unrecorded or about the future.",N/A,unsourced-claim
1977,609 plus 503 equals 1112.,Verified,609+503=1112,Computed,arithmetic
1978,Arjun Reddy ate a salad for lunch on 18 March 1997.,Unverified,"No verifiable source exists; claim is speculative, private, unrecorded or about the future.",N/A,personal-private
1979,The square root of 400 is 20.,Verified,20^2=400,Computed,mathematics
1980,An undiscovered manuscript in a library in Helsinki contains an unknown play by George Orwell.,Unverified,"No verifiable source exists; claim is speculative, private, unrecorded or about the future.",N/A,speculation
1981,193 plus 999 equals 1193.,Contradicted,Correct fact: 193+999=1192,Computed,arithmetic
1982,"Exactly 14,396 people walked through a street market in Tehran on 5 April 1972.",Unverified,"No verifiable source exists; claim is speculative, private, unrecorded or about the future.",N/A,unrecorded-detail
1983,287 plus 654 equals 941.,Verified,287+654=941,Computed,arithmetic
1984,154 is a prime number.,Contradicted,Correct fact: 154 divisible by 2,Computed,mathematics
1985,The grandmother of Rohan Mehta once met a famous scientist in Algiers in 1941.,Unverified,"No verifiable source exists; claim is speculative, private, unrecorded or about the future.",N/A,personal-private
1986,The theory of evolution by natural selection is credited to Charles Darwin.,Verified,the theory of evolution by natural selection -> Charles Darwin,Encyclopaedia Britannica,science history
1987,An undiscovered manuscript in a library in Budapest contains an unknown play by Charlotte Bronte.,Unverified,"No verifiable source exists; claim is speculative, private, unrecorded or about the future.",N/A,speculation
1988,"220 kilometres equals 220,000 metres.",Verified,1 km = 1000 m,SI definition,units
1989,The mayor of Moscow privately decided in 1988 to rename a bridge after a childhood friend.,Unverified,"No verifiable source exists; claim is speculative, private, unrecorded or about the future.",N/A,unrecorded-detail
1990,861 plus 686 equals 1547.,Verified,861+686=1547,Computed,arithmetic
1991,319 plus 480 equals 799.,Verified,319+480=799,Computed,arithmetic
1992,947 plus 955 equals 1900.,Contradicted,Correct fact: 947+955=1902,Computed,arithmetic
1993,Ahmed Siddiqui ate poha for lunch on 2 September 2015.,Unverified,"No verifiable source exists; claim is speculative, private, unrecorded or about the future.",N/A,personal-private
1994,The square root of 900 is 32.,Contradicted,Correct fact: 30^2=900,Computed,mathematics
1995,992 plus 679 equals 1671.,Verified,992+679=1671,Computed,arithmetic
1996,381 is a composite number.,Verified,381 divisible by 3,Computed,mathematics
1997,89 multiplied by 77 equals 6852.,Contradicted,Correct fact: 89*77=6853,Computed,arithmetic
1998,The next major earthquake in Uganda will occur in the month of February 2037.,Unverified,"No verifiable source exists; claim is speculative, private, unrecorded or about the future.",N/A,future-prediction
1999,There is a species of beetle living only in a single cave near Jakarta that has never been catalogued.,Unverified,"No verifiable source exists; claim is speculative, private, unrecorded or about the future.",N/A,speculation
2000,19 multiplied by 43 equals 817.,Verified,19*43=817,Computed,arithmetic
2001,99 multiplied by 28 equals 2773.,Contradicted,Correct fact: 99*28=2772,Computed,arithmetic
2002,A tiger sighted near Vienna in 1928 weighed exactly 240 kg.,Unverified,"No verifiable source exists; claim is speculative, private, unrecorded or about the future.",N/A,unrecorded-detail
2003,An undiscovered manuscript in a library in Kathmandu contains an unknown play by F. Scott Fitzgerald.,Unverified,"No verifiable source exists; claim is speculative, private, unrecorded or about the future.",N/A,speculation
2004,There is a species of beetle living only in a single cave near Belgrade that has never been catalogued.,Unverified,"No verifiable source exists; claim is speculative, private, unrecorded or about the future.",N/A,speculation
2005,The grandmother of Rohan Mehta once met a famous scientist in Nairobi in 1930.,Unverified,"No verifiable source exists; claim is speculative, private, unrecorded or about the future.",N/A,personal-private
2006,275 plus 747 equals 1020.,Contradicted,Correct fact: 275+747=1022,Computed,arithmetic
2007,The square root of 2116 is 45.,Contradicted,Correct fact: 46^2=2116,Computed,mathematics
2008,117 is a composite number.,Verified,117 divisible by 3,Computed,mathematics
2009,71 plus 584 equals 655.,Verified,71+584=655,Computed,arithmetic
2010,732 plus 109 equals 831.,Contradicted,Correct fact: 732+109=841,Computed,arithmetic
2011,Ancient traders from Mongolia secretly reached the Americas around the year 424.,Unverified,"No verifiable source exists; claim is speculative, private, unrecorded or about the future.",N/A,speculation
2012,533 plus 205 equals 748.,Contradicted,Correct fact: 533+205=738,Computed,arithmetic
2013,63 multiplied by 42 equals 2646.,Verified,63*42=2646,Computed,arithmetic
2014,812 plus 283 equals 1095.,Verified,812+283=1095,Computed,arithmetic
2015,736 plus 168 equals 905.,Contradicted,Correct fact: 736+168=904,Computed,arithmetic
2016,179 is a prime number.,Verified,179 is prime,Computed,mathematics
2017,There is a species of beetle living only in a single cave near Phnom Penh that has never been catalogued.,Unverified,"No verifiable source exists; claim is speculative, private, unrecorded or about the future.",N/A,speculation
2018,Harish Gupta ate idli and sambar for lunch on 15 September 2005.,Unverified,"No verifiable source exists; claim is speculative, private, unrecorded or about the future.",N/A,personal-private
2019,Karan Bhatia ate poha for lunch on 11 September 2011.,Unverified,"No verifiable source exists; claim is speculative, private, unrecorded or about the future.",N/A,personal-private
2020,The neutron is credited to Henri Becquerel.,Contradicted,Correct fact: the neutron -> James Chadwick,Encyclopaedia Britannica,science history
2021,23 multiplied by 26 equals 598.,Verified,23*26=598,Computed,arithmetic
2022,Ahmed Siddiqui ate poha for lunch on 20 June 2009.,Unverified,"No verifiable source exists; claim is speculative, private, unrecorded or about the future.",N/A,personal-private
2023,The grandmother of Neha Kulkarni once met a famous scientist in Madrid in 1932.,Unverified,"No verifiable source exists; claim is speculative, private, unrecorded or about the future.",N/A,personal-private
2024,881 plus 363 equals 1244.,Verified,881+363=1244,Computed,arithmetic
2025,64 plus 306 equals 372.,Contradicted,Correct fact: 64+306=370,Computed,arithmetic
2026,983 plus 323 equals 1296.,Contradicted,Correct fact: 983+323=1306,Computed,arithmetic
2027,159 plus 837 equals 996.,Verified,159+837=996,Computed,arithmetic
2028,646 plus 805 equals 1551.,Contradicted,Correct fact: 646+805=1451,Computed,arithmetic
2029,The next major earthquake in Peru will occur in the month of May 2036.,Unverified,"No verifiable source exists; claim is speculative, private, unrecorded or about the future.",N/A,future-prediction
2030,Ancient traders from Senegal secretly reached the Americas around the year 965.,Unverified,"No verifiable source exists; claim is speculative, private, unrecorded or about the future.",N/A,speculation
2031,349 plus 698 equals 1047.,Verified,349+698=1047,Computed,arithmetic
2032,345 is a composite number.,Verified,345 divisible by 3,Computed,mathematics
2033,"416 kilometres equals 41,600 metres.",Contradicted,Correct fact: 1 km = 1000 m,SI definition,units
2034,980 plus 724 equals 1694.,Contradicted,Correct fact: 980+724=1704,Computed,arithmetic
2035,An undiscovered manuscript in a library in Dublin contains an unknown play by Chinua Achebe.,Unverified,"No verifiable source exists; claim is speculative, private, unrecorded or about the future.",N/A,speculation
2036,190 is a prime number.,Contradicted,Correct fact: 190 divisible by 2,Computed,mathematics
2037,72 plus 941 equals 1113.,Contradicted,Correct fact: 72+941=1013,Computed,arithmetic
2038,66 multiplied by 25 equals 1640.,Contradicted,Correct fact: 66*25=1650,Computed,arithmetic
2039,The mayor of Kathmandu privately decided in 1970 to rename a bridge after a childhood friend.,Unverified,"No verifiable source exists; claim is speculative, private, unrecorded or about the future.",N/A,unrecorded-detail
2040,Gitanjali was written by Rabindranath Tagore.,Verified,Gitanjali -> Rabindranath Tagore,Library of Congress catalogue,literature
2041,942 plus 899 equals 1841.,Verified,942+899=1841,Computed,arithmetic
2042,"By 2088, the population of Bulgaria will exceed 800 million.",Unverified,"No verifiable source exists; claim is speculative, private, unrecorded or about the future.",N/A,future-prediction
2043,An undiscovered manuscript in a library in Tokyo contains an unknown play by Charlotte Bronte.,Unverified,"No verifiable source exists; claim is speculative, private, unrecorded or about the future.",N/A,speculation
2044,"By 2134, the population of Indonesia will exceed 200 million.",Unverified,"No verifiable source exists; claim is speculative, private, unrecorded or about the future.",N/A,future-prediction
2045,93 multiplied by 50 equals 4640.,Contradicted,Correct fact: 93*50=4650,Computed,arithmetic
2046,Platinum has 78 protons in a neutral atom's nucleus.,Verified,Platinum: Z=78,IUPAC Periodic Table,chemistry
2047,795 plus 700 equals 1595.,Contradicted,Correct fact: 795+700=1495,Computed,arithmetic
2048,The mayor of Seoul privately decided in 2011 to rename a bridge after a childhood friend.,Unverified,"No verifiable source exists; claim is speculative, private, unrecorded or about the future.",N/A,unrecorded-detail
2049,"207 kilometres equals 207,000 metres.",Verified,1 km = 1000 m,SI definition,units
2050,There is a species of beetle living only in a single cave near Athens that has never been catalogued.,Unverified,"No verifiable source exists; claim is speculative, private, unrecorded or about the future.",N/A,speculation
2051,Dr. Fatima Khan published a study in the Regional Review of Unlisted Science in 2005 proving a cure for the common cold.,Unverified,"No verifiable source exists; claim is speculative, private, unrecorded or about the future.",N/A,unsourced-claim
2052,"Exactly 84,208 people walked through a street market in Dakar on 4 October 1980.",Unverified,"No verifiable source exists; claim is speculative, private, unrecorded or about the future.",N/A,unrecorded-detail
2053,A secret tunnel reportedly connects the main railway station of Stockholm to a hidden vault.,Unverified,"No verifiable source exists; claim is speculative, private, unrecorded or about the future.",N/A,rumor
2054,An undiscovered manuscript in a library in Seoul contains an unknown play by Miguel de Cervantes.,Unverified,"No verifiable source exists; claim is speculative, private, unrecorded or about the future.",N/A,speculation
2055,28 multiplied by 23 equals 643.,Contradicted,Correct fact: 28*23=644,Computed,arithmetic
2056,21 multiplied by 49 equals 1029.,Verified,21*49=1029,Computed,arithmetic
2057,731 plus 860 equals 1601.,Contradicted,Correct fact: 731+860=1591,Computed,arithmetic
2058,39 multiplied by 69 equals 2701.,Contradicted,Correct fact: 39*69=2691,Computed,arithmetic
2059,Macbeth was written by William Shakespeare.,Verified,Macbeth -> William Shakespeare,Library of Congress catalogue,literature
2060,12 multiplied by 69 equals 827.,Contradicted,Correct fact: 12*69=828,Computed,arithmetic
2061,The grandmother of Meera Joshi once met a famous scientist in Kyiv in 1976.,Unverified,"No verifiable source exists; claim is speculative, private, unrecorded or about the future.",N/A,personal-private
2062,An undiscovered manuscript in a library in Montevideo contains an unknown play by Gustave Flaubert.,Unverified,"No verifiable source exists; claim is speculative, private, unrecorded or about the future.",N/A,speculation
2063,A tiger sighted near Madrid in 1928 weighed exactly 227 kg.,Unverified,"No verifiable source exists; claim is speculative, private, unrecorded or about the future.",N/A,unrecorded-detail
2064,209 plus 335 equals 544.,Verified,209+335=544,Computed,arithmetic
2065,78 multiplied by 96 equals 7468.,Contradicted,Correct fact: 78*96=7488,Computed,arithmetic
2066,The next major earthquake in Vietnam will occur in the month of August 2047.,Unverified,"No verifiable source exists; claim is speculative, private, unrecorded or about the future.",N/A,future-prediction
2067,Dr. Sanjay Rao published a study in the Regional Review of Unlisted Science in 2004 proving a cure for the common cold.,Unverified,"No verifiable source exists; claim is speculative, private, unrecorded or about the future.",N/A,unsourced-claim
2068,Dr. Priya Nair published a study in the Regional Review of Unlisted Science in 1999 proving a cure for the common cold.,Unverified,"No verifiable source exists; claim is speculative, private, unrecorded or about the future.",N/A,unsourced-claim
2069,"By 2072, the population of Egypt will exceed 400 million.",Unverified,"No verifiable source exists; claim is speculative, private, unrecorded or about the future.",N/A,future-prediction
2070,The next major earthquake in Australia will occur in the month of February 2045.,Unverified,"No verifiable source exists; claim is speculative, private, unrecorded or about the future.",N/A,future-prediction
2071,79 multiplied by 84 equals 6636.,Verified,79*84=6636,Computed,arithmetic
2072,The stock price of a randomly chosen company will rise exactly 18% next year.,Unverified,"No verifiable source exists; claim is speculative, private, unrecorded or about the future.",N/A,future-prediction
2073,Ancient traders from Saudi Arabia secretly reached the Americas around the year 981.,Unverified,"No verifiable source exists; claim is speculative, private, unrecorded or about the future.",N/A,speculation
2074,13 multiplied by 12 equals 166.,Contradicted,Correct fact: 13*12=156,Computed,arithmetic
2075,Manganese has 25 protons in a neutral atom's nucleus.,Verified,Manganese: Z=25,IUPAC Periodic Table,chemistry
2076,The capital of Ukraine is Caracas.,Contradicted,Correct fact: Capital of Ukraine = Kyiv,CIA World Factbook / UN,geography
2077,433 plus 24 equals 457.,Verified,433+24=457,Computed,arithmetic
2078,A tiger sighted near Caracas in 1935 weighed exactly 242 kg.,Unverified,"No verifiable source exists; claim is speculative, private, unrecorded or about the future.",N/A,unrecorded-detail
2079,238 plus 353 equals 591.,Verified,238+353=591,Computed,arithmetic
2080,An undiscovered manuscript in a library in Brasilia contains an unknown play by Herman Melville.,Unverified,"No verifiable source exists; claim is speculative, private, unrecorded or about the future.",N/A,speculation
2081,The mayor of Bangkok privately decided in 1988 to rename a bridge after a childhood friend.,Unverified,"No verifiable source exists; claim is speculative, private, unrecorded or about the future.",N/A,unrecorded-detail
2082,"Exactly 11,637 people walked through a street market in Jerusalem on 11 January 1981.",Unverified,"No verifiable source exists; claim is speculative, private, unrecorded or about the future.",N/A,unrecorded-detail
2083,14 hours equal 840 minutes.,Verified,1 h = 60 min,SI definition,units
2084,452 plus 847 equals 1299.,Verified,452+847=1299,Computed,arithmetic
2085,96 multiplied by 57 equals 5471.,Contradicted,Correct fact: 96*57=5472,Computed,arithmetic
2086,The square root of 2116 is 46.,Verified,46^2=2116,Computed,mathematics
2087,914 plus 318 equals 1232.,Verified,914+318=1232,Computed,arithmetic
2088,Dr. Deepa Menon published a study in the Regional Review of Unlisted Science in 2007 proving a cure for the common cold.,Unverified,"No verifiable source exists; claim is speculative, private, unrecorded or about the future.",N/A,unsourced-claim
2089,33 is a composite number.,Verified,33 divisible by 3,Computed,mathematics
2090,32 multiplied by 24 equals 768.,Verified,32*24=768,Computed,arithmetic
2091,598 plus 389 equals 988.,Contradicted,Correct fact: 598+389=987,Computed,arithmetic
2092,"478 kilometres equals 47,800 metres.",Contradicted,Correct fact: 1 km = 1000 m,SI definition,units
2093,"People in Beijing are, on average, 9 percent happier on Tuesdays than on Wednesdays.",Unverified,"No verifiable source exists; claim is speculative, private, unrecorded or about the future.",N/A,unsourced-claim
2094,Dr. Meera Joshi published a study in the Regional Review of Unlisted Science in 1987 proving a cure for the common cold.,Unverified,"No verifiable source exists; claim is speculative, private, unrecorded or about the future.",N/A,unsourced-claim
2095,Dr. Fatima Khan published a study in the Proceedings of the Local Research Circle in 1983 proving a cure for the common cold.,Unverified,"No verifiable source exists; claim is speculative, private, unrecorded or about the future.",N/A,unsourced-claim
2096,The mayor of Lisbon privately decided in 2004 to rename a bridge after a childhood friend.,Unverified,"No verifiable source exists; claim is speculative, private, unrecorded or about the future.",N/A,unrecorded-detail
2097,"116 kilometres equals 116,000 metres.",Verified,1 km = 1000 m,SI definition,units
2098,982 plus 644 equals 1627.,Contradicted,Correct fact: 982+644=1626,Computed,arithmetic
2099,936 plus 181 equals 1127.,Contradicted,Correct fact: 936+181=1117,Computed,arithmetic
2100,The stock price of a randomly chosen company will rise exactly 11% next year.,Unverified,"No verifiable source exists; claim is speculative, private, unrecorded or about the future.",N/A,future-prediction
2101,49 multiplied by 62 equals 3038.,Verified,49*62=3038,Computed,arithmetic
2102,180 plus 964 equals 1144.,Verified,180+964=1144,Computed,arithmetic
2103,"People in Wellington are, on average, 7 percent happier on Tuesdays than on Wednesdays.",Unverified,"No verifiable source exists; claim is speculative, private, unrecorded or about the future.",N/A,unsourced-claim
2104,94 plus 681 equals 875.,Contradicted,Correct fact: 94+681=775,Computed,arithmetic
2105,28 multiplied by 28 equals 784.,Verified,28*28=784,Computed,arithmetic
2106,Rohan Mehta ate poha for lunch on 7 March 2015.,Unverified,"No verifiable source exists; claim is speculative, private, unrecorded or about the future.",N/A,personal-private
2107,A secret tunnel reportedly connects the main railway station of Jakarta to a hidden vault.,Unverified,"No verifiable source exists; claim is speculative, private, unrecorded or about the future.",N/A,rumor
2108,The grandmother of Sanjay Rao once met a famous scientist in Ulaanbaatar in 1956.,Unverified,"No verifiable source exists; claim is speculative, private, unrecorded or about the future.",N/A,personal-private
2109,"181 kilometres equals 18,100 metres.",Contradicted,Correct fact: 1 km = 1000 m,SI definition,units
2110,Ahmed Siddiqui ate dal and rice for lunch on 2 March 1994.,Unverified,"No verifiable source exists; claim is speculative, private, unrecorded or about the future.",N/A,personal-private
2111,The mayor of Bangkok privately decided in 1974 to rename a bridge after a childhood friend.,Unverified,"No verifiable source exists; claim is speculative, private, unrecorded or about the future.",N/A,unrecorded-detail
2112,167 plus 434 equals 601.,Verified,167+434=601,Computed,arithmetic
2113,The first iPhone was released in 1995.,Contradicted,Correct fact: The first iPhone was released: 2007,Encyclopaedia Britannica,history
2114,254 plus 821 equals 1076.,Contradicted,Correct fact: 254+821=1075,Computed,arithmetic
2115,A tiger sighted near Buenos Aires in 1939 weighed exactly 243 kg.,Unverified,"No verifiable source exists; claim is speculative, private, unrecorded or about the future.",N/A,unrecorded-detail
2116,20 hours equal 1200 minutes.,Verified,1 h = 60 min,SI definition,units
2117,"By 2128, the population of Israel will exceed 800 million.",Unverified,"No verifiable source exists; claim is speculative, private, unrecorded or about the future.",N/A,future-prediction
2118,"People in Riyadh are, on average, 3 percent happier on Tuesdays than on Wednesdays.",Unverified,"No verifiable source exists; claim is speculative, private, unrecorded or about the future.",N/A,unsourced-claim
2119,587 plus 211 equals 797.,Contradicted,Correct fact: 587+211=798,Computed,arithmetic
2120,"Exactly 92,828 people walked through a street market in Rabat on 2 January 1975.",Unverified,"No verifiable source exists; claim is speculative, private, unrecorded or about the future.",N/A,unrecorded-detail
2121,"By 2122, the population of Poland will exceed 1600 million.",Unverified,"No verifiable source exists; claim is speculative, private, unrecorded or about the future.",N/A,future-prediction
2122,601 plus 812 equals 1413.,Verified,601+812=1413,Computed,arithmetic
2123,"238 kilometres equals 23,800 metres.",Contradicted,Correct fact: 1 km = 1000 m,SI definition,units
2124,"Exactly 39,318 people walked through a street market in Kathmandu on 12 October 1951.",Unverified,"No verifiable source exists; claim is speculative, private, unrecorded or about the future.",N/A,unrecorded-detail
2125,142 plus 208 equals 351.,Contradicted,Correct fact: 142+208=350,Computed,arithmetic
2126,"60 kilometres equals 6,000 metres.",Contradicted,Correct fact: 1 km = 1000 m,SI definition,units
2127,25 hours equal 2500 minutes.,Contradicted,Correct fact: 1 h = 60 min,SI definition,units
2128,An undiscovered manuscript in a library in Dakar contains an unknown play by Ernest Hemingway.,Unverified,"No verifiable source exists; claim is speculative, private, unrecorded or about the future.",N/A,speculation
2129,"People in Montevideo are, on average, 8 percent happier on Tuesdays than on Wednesdays.",Unverified,"No verifiable source exists; claim is speculative, private, unrecorded or about the future.",N/A,unsourced-claim
2130,Harish Gupta ate idli and sambar for lunch on 22 September 1995.,Unverified,"No verifiable source exists; claim is speculative, private, unrecorded or about the future.",N/A,personal-private
2131,451 plus 324 equals 777.,Contradicted,Correct fact: 451+324=775,Computed,arithmetic
2132,The next major earthquake in Mongolia will occur in the month of November 2036.,Unverified,"No verifiable source exists; claim is speculative, private, unrecorded or about the future.",N/A,future-prediction
2133,7 is a composite number.,Contradicted,Correct fact: 7 is prime,Computed,mathematics
2134,328 is a composite number.,Verified,328 divisible by 2,Computed,mathematics
2135,The square root of 225 is 14.,Contradicted,Correct fact: 15^2=225,Computed,mathematics
2136,656 plus 200 equals 856.,Verified,656+200=856,Computed,arithmetic
2137,"By 2065, the population of Iran will exceed 600 million.",Unverified,"No verifiable source exists; claim is speculative, private, unrecorded or about the future.",N/A,future-prediction
2138,The next major earthquake in France will occur in the month of November 2039.,Unverified,"No verifiable source exists; claim is speculative, private, unrecorded or about the future.",N/A,future-prediction
2139,"69 kilometres equals 6,900 metres.",Contradicted,Correct fact: 1 km = 1000 m,SI definition,units
2140,362 is a composite number.,Verified,362 divisible by 2,Computed,mathematics
2141,The square root of 3025 is 57.,Contradicted,Correct fact: 55^2=3025,Computed,mathematics
2142,784 plus 562 equals 1347.,Contradicted,Correct fact: 784+562=1346,Computed,arithmetic
2143,Dr. Deepa Menon published a study in the Regional Review of Unlisted Science in 1997 proving a cure for the common cold.,Unverified,"No verifiable source exists; claim is speculative, private, unrecorded or about the future.",N/A,unsourced-claim
2144,684 plus 655 equals 1339.,Verified,684+655=1339,Computed,arithmetic
2145,The next major earthquake in Iceland will occur in the month of August 2038.,Unverified,"No verifiable source exists; claim is speculative, private, unrecorded or about the future.",N/A,future-prediction
2146,804 plus 346 equals 1150.,Verified,804+346=1150,Computed,arithmetic
2147,69 multiplied by 52 equals 3568.,Contradicted,Correct fact: 69*52=3588,Computed,arithmetic
2148,A secret tunnel reportedly connects the main railway station of Oslo to a hidden vault.,Unverified,"No verifiable source exists; claim is speculative, private, unrecorded or about the future.",N/A,rumor
2149,92 plus 366 equals 459.,Contradicted,Correct fact: 92+366=458,Computed,arithmetic
2150,Ankara is the capital city of Turkey.,Verified,Capital of Turkey = Ankara,CIA World Factbook / UN,geography
2151,103 degrees Celsius equals 208.4 degrees Fahrenheit.,Contradicted,Correct fact: F=C*9/5+32=217.4,SI / standard conversion,units
2152,99 multiplied by 67 equals 6623.,Contradicted,Correct fact: 99*67=6633,Computed,arithmetic
2153,"By 2097, the population of Egypt will exceed 1000 million.",Unverified,"No verifiable source exists; claim is speculative, private, unrecorded or about the future.",N/A,future-prediction
2154,Dr. Karan Bhatia published a study in the Proceedings of the Local Research Circle in 2000 proving a cure for the common cold.,Unverified,"No verifiable source exists; claim is speculative, private, unrecorded or about the future.",N/A,unsourced-claim
2155,973 plus 40 equals 1013.,Verified,973+40=1013,Computed,arithmetic
2156,A tiger sighted near Cairo in 1912 weighed exactly 229 kg.,Unverified,"No verifiable source exists; claim is speculative, private, unrecorded or about the future.",N/A,unrecorded-detail
2157,94 plus 153 equals 245.,Contradicted,Correct fact: 94+153=247,Computed,arithmetic
2158,96 multiplied by 88 equals 8448.,Verified,96*88=8448,Computed,arithmetic
2159,"By 2105, the population of Brazil will exceed 500 million.",Unverified,"No verifiable source exists; claim is speculative, private, unrecorded or about the future.",N/A,future-prediction
2160,Lakshmi Iyer ate poha for lunch on 21 March 1999.,Unverified,"No verifiable source exists; claim is speculative, private, unrecorded or about the future.",N/A,personal-private
2161,59 multiplied by 22 equals 1298.,Verified,59*22=1298,Computed,arithmetic
2162,233 is a prime number.,Verified,233 is prime,Computed,mathematics
2163,A tiger sighted near Jakarta in 1905 weighed exactly 235 kg.,Unverified,"No verifiable source exists; claim is speculative, private, unrecorded or about the future.",N/A,unrecorded-detail
2164,27 multiplied by 62 equals 1664.,Contradicted,Correct fact: 27*62=1674,Computed,arithmetic
2165,40 multiplied by 28 equals 1120.,Verified,40*28=1120,Computed,arithmetic
2166,78 plus 422 equals 500.,Verified,78+422=500,Computed,arithmetic
2167,213 is a composite number.,Verified,213 divisible by 3,Computed,mathematics
2168,68 degrees Celsius equals 154.4 degrees Fahrenheit.,Verified,F=C*9/5+32=154.4,SI / standard conversion,units
2169,The square root of 625 is 26.,Contradicted,Correct fact: 25^2=625,Computed,mathematics
2170,865 plus 696 equals 1661.,Contradicted,Correct fact: 865+696=1561,Computed,arithmetic
2171,37 multiplied by 42 equals 1554.,Verified,37*42=1554,Computed,arithmetic
2172,"160 kilometres equals 16,000 metres.",Contradicted,Correct fact: 1 km = 1000 m,SI definition,units
2173,There is a species of beetle living only in a single cave near Wellington that has never been catalogued.,Unverified,"No verifiable source exists; claim is speculative, private, unrecorded or about the future.",N/A,speculation
2174,Harish Gupta ate khichdi for lunch on 15 December 2009.,Unverified,"No verifiable source exists; claim is speculative, private, unrecorded or about the future.",N/A,personal-private
2175,-1 degrees Celsius equals 30.2 degrees Fahrenheit.,Verified,F=C*9/5+32=30.2,SI / standard conversion,units
2176,"By 2089, the population of Sri Lanka will exceed 400 million.",Unverified,"No verifiable source exists; claim is speculative, private, unrecorded or about the future.",N/A,future-prediction
2177,The grandmother of Sanjay Rao once met a famous scientist in Dublin in 1980.,Unverified,"No verifiable source exists; claim is speculative, private, unrecorded or about the future.",N/A,personal-private
2178,The mayor of Dodoma privately decided in 1964 to rename a bridge after a childhood friend.,Unverified,"No verifiable source exists; claim is speculative, private, unrecorded or about the future.",N/A,unrecorded-detail
2179,"Exactly 92,793 people walked through a street market in Rome on 6 July 1967.",Unverified,"No verifiable source exists; claim is speculative, private, unrecorded or about the future.",N/A,unrecorded-detail
2180,There is a species of beetle living only in a single cave near Canberra that has never been catalogued.,Unverified,"No verifiable source exists; claim is speculative, private, unrecorded or about the future.",N/A,speculation
2181,94 multiplied by 67 equals 6298.,Verified,94*67=6298,Computed,arithmetic
2182,256 plus 293 equals 550.,Contradicted,Correct fact: 256+293=549,Computed,arithmetic
2183,Nickel has 30 protons in a neutral atom's nucleus.,Contradicted,Correct fact: Nickel: Z=28,IUPAC Periodic Table,chemistry
2184,A secret tunnel reportedly connects the main railway station of Bogota to a hidden vault.,Unverified,"No verifiable source exists; claim is speculative, private, unrecorded or about the future.",N/A,rumor
2185,109 is a prime number.,Verified,109 is prime,Computed,mathematics
2186,786 plus 352 equals 1138.,Verified,786+352=1138,Computed,arithmetic
2187,790 plus 64 equals 854.,Verified,790+64=854,Computed,arithmetic
2188,"People in Buenos Aires are, on average, 3 percent happier on Tuesdays than on Wednesdays.",Unverified,"No verifiable source exists; claim is speculative, private, unrecorded or about the future.",N/A,unsourced-claim
2189,622 plus 906 equals 1528.,Verified,622+906=1528,Computed,arithmetic
2190,252 is a composite number.,Verified,252 divisible by 2,Computed,mathematics
2191,An undiscovered manuscript in a library in Reykjavik contains an unknown play by Jane Austen.,Unverified,"No verifiable source exists; claim is speculative, private, unrecorded or about the future.",N/A,speculation
2192,A tiger sighted near Prague in 1922 weighed exactly 215 kg.,Unverified,"No verifiable source exists; claim is speculative, private, unrecorded or about the future.",N/A,unrecorded-detail
2193,33 hours equal 3300 minutes.,Contradicted,Correct fact: 1 h = 60 min,SI definition,units
2194,295 plus 753 equals 1048.,Verified,295+753=1048,Computed,arithmetic
2195,741 plus 525 equals 1266.,Verified,741+525=1266,Computed,arithmetic
2196,430 plus 346 equals 776.,Verified,430+346=776,Computed,arithmetic
2197,34 is a composite number.,Verified,34 divisible by 2,Computed,mathematics
2198,468 plus 930 equals 1396.,Contradicted,Correct fact: 468+930=1398,Computed,arithmetic
2199,"People in Ankara are, on average, 6 percent happier on Tuesdays than on Wednesdays.",Unverified,"No verifiable source exists; claim is speculative, private, unrecorded or about the future.",N/A,unsourced-claim
2200,The chemical symbol for Oxygen is O.,Verified,Oxygen: symbol O,IUPAC Periodic Table,chemistry
2201,"People in Kampala are, on average, 2 percent happier on Tuesdays than on Wednesdays.",Unverified,"No verifiable source exists; claim is speculative, private, unrecorded or about the future.",N/A,unsourced-claim
2202,Dr. Imran Qureshi published a study in the Regional Review of Unlisted Science in 1999 proving a cure for the common cold.,Unverified,"No verifiable source exists; claim is speculative, private, unrecorded or about the future.",N/A,unsourced-claim
2203,87 multiplied by 27 equals 2350.,Contradicted,Correct fact: 87*27=2349,Computed,arithmetic
2204,Arundhati Roy is the author of Emma.,Contradicted,Correct fact: Emma -> Jane Austen,Library of Congress catalogue,literature
2205,The atomic number of Tin is 47.,Contradicted,Correct fact: Tin: Z=50,IUPAC Periodic Table,chemistry
2206,The square root of 36 is 5.,Contradicted,Correct fact: 6^2=36,Computed,mathematics
2207,There is a species of beetle living only in a single cave near Montevideo that has never been catalogued.,Unverified,"No verifiable source exists; claim is speculative, private, unrecorded or about the future.",N/A,speculation
2208,18 multiplied by 97 equals 1746.,Verified,18*97=1746,Computed,arithmetic
2209,29 hours equal 1740 minutes.,Verified,1 h = 60 min,SI definition,units
2210,274 is a composite number.,Verified,274 divisible by 2,Computed,mathematics
2211,697 plus 745 equals 1441.,Contradicted,Correct fact: 697+745=1442,Computed,arithmetic
2212,"By 2079, the population of Sweden will exceed 1200 million.",Unverified,"No verifiable source exists; claim is speculative, private, unrecorded or about the future.",N/A,future-prediction
2213,The square root of 1521 is 39.,Verified,39^2=1521,Computed,mathematics
2214,305 plus 430 equals 735.,Verified,305+430=735,Computed,arithmetic
2215,31 multiplied by 72 equals 2212.,Contradicted,Correct fact: 31*72=2232,Computed,arithmetic
2216,The capital of Indonesia is Jakarta.,Verified,Capital of Indonesia = Jakarta,CIA World Factbook / UN,geography
2217,"288 kilometres equals 28,800 metres.",Contradicted,Correct fact: 1 km = 1000 m,SI definition,units
2218,103 is a prime number.,Verified,103 is prime,Computed,mathematics
2219,137 plus 285 equals 423.,Contradicted,Correct fact: 137+285=422,Computed,arithmetic
2220,741 plus 344 equals 1086.,Contradicted,Correct fact: 741+344=1085,Computed,arithmetic
2221,633 plus 464 equals 1097.,Verified,633+464=1097,Computed,arithmetic
2222,332 is a composite number.,Verified,332 divisible by 2,Computed,mathematics
2223,97 multiplied by 55 equals 5345.,Contradicted,Correct fact: 97*55=5335,Computed,arithmetic
2224,242 plus 562 equals 803.,Contradicted,Correct fact: 242+562=804,Computed,arithmetic
2225,Jane Eyre was written by Charlotte Bronte.,Verified,Jane Eyre -> Charlotte Bronte,Library of Congress catalogue,literature
2226,Ancient traders from Russia secretly reached the Americas around the year 652.,Unverified,"No verifiable source exists; claim is speculative, private, unrecorded or about the future.",N/A,speculation
2227,79 is a prime number.,Verified,79 is prime,Computed,mathematics
2228,Dr. Harish Gupta published a study in the Journal of Applied Obscure Studies in 1999 proving a cure for the common cold.,Unverified,"No verifiable source exists; claim is speculative, private, unrecorded or about the future.",N/A,unsourced-claim
2229,"Exactly 86,180 people walked through a street market in Cairo on 21 January 1987.",Unverified,"No verifiable source exists; claim is speculative, private, unrecorded or about the future.",N/A,unrecorded-detail
2230,The square root of 3025 is 55.,Verified,55^2=3025,Computed,mathematics
2231,316 plus 892 equals 1208.,Verified,316+892=1208,Computed,arithmetic
2232,Ancient traders from Mongolia secretly reached the Americas around the year 819.,Unverified,"No verifiable source exists; claim is speculative, private, unrecorded or about the future.",N/A,speculation
2233,280 is a composite number.,Verified,280 divisible by 2,Computed,mathematics
2234,99 is a prime number.,Contradicted,Correct fact: 99 divisible by 3,Computed,mathematics
2235,An undiscovered manuscript in a library in Santiago contains an unknown play by F. Scott Fitzgerald.,Unverified,"No verifiable source exists; claim is speculative, private, unrecorded or about the future.",N/A,speculation
2236,670 plus 582 equals 1242.,Contradicted,Correct fact: 670+582=1252,Computed,arithmetic
2237,"By 2110, the population of Hungary will exceed 1800 million.",Unverified,"No verifiable source exists; claim is speculative, private, unrecorded or about the future.",N/A,future-prediction
2238,108 degrees Celsius equals 226.4 degrees Fahrenheit.,Verified,F=C*9/5+32=226.4,SI / standard conversion,units
2239,Arjun Reddy ate poha for lunch on 13 September 2007.,Unverified,"No verifiable source exists; claim is speculative, private, unrecorded or about the future.",N/A,personal-private
2240,"By 2138, the population of South Korea will exceed 200 million.",Unverified,"No verifiable source exists; claim is speculative, private, unrecorded or about the future.",N/A,future-prediction
2241,The capital of Morocco is Lima.,Contradicted,Correct fact: Capital of Morocco = Rabat,CIA World Factbook / UN,geography
2242,545 plus 320 equals 865.,Verified,545+320=865,Computed,arithmetic
2243,75 degrees Celsius equals 167 degrees Fahrenheit.,Verified,F=C*9/5+32=167,SI / standard conversion,units
2244,An undiscovered manuscript in a library in New Delhi contains an unknown play by Rabindranath Tagore.,Unverified,"No verifiable source exists; claim is speculative, private, unrecorded or about the future.",N/A,speculation
2245,59 multiplied by 37 equals 2183.,Verified,59*37=2183,Computed,arithmetic
2246,The grandmother of Ahmed Siddiqui once met a famous scientist in Mexico City in 1969.,Unverified,"No verifiable source exists; claim is speculative, private, unrecorded or about the future.",N/A,personal-private
2247,"By 2066, the population of Portugal will exceed 600 million.",Unverified,"No verifiable source exists; claim is speculative, private, unrecorded or about the future.",N/A,future-prediction
2248,"People in Havana are, on average, 4 percent happier on Tuesdays than on Wednesdays.",Unverified,"No verifiable source exists; claim is speculative, private, unrecorded or about the future.",N/A,unsourced-claim
2249,"By 2149, the population of Ukraine will exceed 100 million.",Unverified,"No verifiable source exists; claim is speculative, private, unrecorded or about the future.",N/A,future-prediction
2250,The grandmother of Fatima Khan once met a famous scientist in Buenos Aires in 1935.,Unverified,"No verifiable source exists; claim is speculative, private, unrecorded or about the future.",N/A,personal-private
2251,45 multiplied by 81 equals 3655.,Contradicted,Correct fact: 45*81=3645,Computed,arithmetic
2252,"People in Paris are, on average, 5 percent happier on Tuesdays than on Wednesdays.",Unverified,"No verifiable source exists; claim is speculative, private, unrecorded or about the future.",N/A,unsourced-claim
2253,"209 kilometres equals 20,900 metres.",Contradicted,Correct fact: 1 km = 1000 m,SI definition,units
2254,311 plus 45 equals 355.,Contradicted,Correct fact: 311+45=356,Computed,arithmetic
2255,The mayor of Colombo privately decided in 2015 to rename a bridge after a childhood friend.,Unverified,"No verifiable source exists; claim is speculative, private, unrecorded or about the future.",N/A,unrecorded-detail
2256,332 plus 693 equals 1024.,Contradicted,Correct fact: 332+693=1025,Computed,arithmetic
2257,80 degrees Celsius equals 176 degrees Fahrenheit.,Verified,F=C*9/5+32=176,SI / standard conversion,units
2258,The grandmother of Karan Bhatia once met a famous scientist in Copenhagen in 1979.,Unverified,"No verifiable source exists; claim is speculative, private, unrecorded or about the future.",N/A,personal-private
2259,Ulysses was written by Miguel de Cervantes.,Contradicted,Correct fact: Ulysses -> James Joyce,Library of Congress catalogue,literature
2260,13 degrees Celsius equals 73.4 degrees Fahrenheit.,Contradicted,Correct fact: F=C*9/5+32=55.4,SI / standard conversion,units
2261,750 plus 652 equals 1403.,Contradicted,Correct fact: 750+652=1402,Computed,arithmetic
2262,"Exactly 90,526 people walked through a street market in Helsinki on 19 April 1956.",Unverified,"No verifiable source exists; claim is speculative, private, unrecorded or about the future.",N/A,unrecorded-detail
2263,Lima is the capital city of Mongolia.,Contradicted,Correct fact: Capital of Mongolia = Ulaanbaatar,CIA World Factbook / UN,geography
2264,An undiscovered manuscript in a library in Madrid contains an unknown play by Charlotte Bronte.,Unverified,"No verifiable source exists; claim is speculative, private, unrecorded or about the future.",N/A,speculation
2265,Brussels is the capital city of Myanmar.,Contradicted,Correct fact: Capital of Myanmar = Naypyidaw,CIA World Factbook / UN,geography
2266,18 hours equal 1080 minutes.,Verified,1 h = 60 min,SI definition,units
2267,85 degrees Celsius equals 185 degrees Fahrenheit.,Verified,F=C*9/5+32=185,SI / standard conversion,units
2268,77 plus 436 equals 513.,Verified,77+436=513,Computed,arithmetic
2269,146 plus 699 equals 845.,Verified,146+699=845,Computed,arithmetic
2270,60 plus 256 equals 317.,Contradicted,Correct fact: 60+256=316,Computed,arithmetic
2271,"People in Tehran are, on average, 6 percent happier on Tuesdays than on Wednesdays.",Unverified,"No verifiable source exists; claim is speculative, private, unrecorded or about the future.",N/A,unsourced-claim
2272,The square root of 49 is 8.,Contradicted,Correct fact: 7^2=49,Computed,mathematics
2273,"People in Copenhagen are, on average, 9 percent happier on Tuesdays than on Wednesdays.",Unverified,"No verifiable source exists; claim is speculative, private, unrecorded or about the future.",N/A,unsourced-claim
2274,There is a species of beetle living only in a single cave near Caracas that has never been catalogued.,Unverified,"No verifiable source exists; claim is speculative, private, unrecorded or about the future.",N/A,speculation
2275,The grandmother of Arjun Reddy once met a famous scientist in Cairo in 1938.,Unverified,"No verifiable source exists; claim is speculative, private, unrecorded or about the future.",N/A,personal-private
2276,"222 kilometres equals 22,200 metres.",Contradicted,Correct fact: 1 km = 1000 m,SI definition,units
2277,Priya Nair ate idli and sambar for lunch on 12 September 2016.,Unverified,"No verifiable source exists; claim is speculative, private, unrecorded or about the future.",N/A,personal-private
2278,171 plus 173 equals 344.,Verified,171+173=344,Computed,arithmetic
2279,"By 2094, the population of Morocco will exceed 600 million.",Unverified,"No verifiable source exists; claim is speculative, private, unrecorded or about the future.",N/A,future-prediction
2280,726 plus 978 equals 1704.,Verified,726+978=1704,Computed,arithmetic
2281,Ancient traders from Venezuela secretly reached the Americas around the year 674.,Unverified,"No verifiable source exists; claim is speculative, private, unrecorded or about the future.",N/A,speculation
2282,The mayor of Dodoma privately decided in 1981 to rename a bridge after a childhood friend.,Unverified,"No verifiable source exists; claim is speculative, private, unrecorded or about the future.",N/A,unrecorded-detail
2283,285 plus 574 equals 857.,Contradicted,Correct fact: 285+574=859,Computed,arithmetic
2284,"255 kilometres equals 25,500 metres.",Contradicted,Correct fact: 1 km = 1000 m,SI definition,units
2285,12 multiplied by 79 equals 968.,Contradicted,Correct fact: 12*79=948,Computed,arithmetic
2286,"102 kilometres equals 10,200 metres.",Contradicted,Correct fact: 1 km = 1000 m,SI definition,units
2287,988 plus 349 equals 1336.,Contradicted,Correct fact: 988+349=1337,Computed,arithmetic
2288,The mayor of Athens privately decided in 2006 to rename a bridge after a childhood friend.,Unverified,"No verifiable source exists; claim is speculative, private, unrecorded or about the future.",N/A,unrecorded-detail
2289,"157 kilometres equals 15,700 metres.",Contradicted,Correct fact: 1 km = 1000 m,SI definition,units
2290,-19 degrees Celsius equals -2.2 degrees Fahrenheit.,Verified,F=C*9/5+32=-2.2,SI / standard conversion,units
2291,The next major earthquake in Denmark will occur in the month of November 2039.,Unverified,"No verifiable source exists; claim is speculative, private, unrecorded or about the future.",N/A,future-prediction
2292,177 is a prime number.,Contradicted,Correct fact: 177 divisible by 3,Computed,mathematics
2293,33 multiplied by 45 equals 1475.,Contradicted,Correct fact: 33*45=1485,Computed,arithmetic
2294,The square root of 100 is 9.,Contradicted,Correct fact: 10^2=100,Computed,mathematics
2295,281 is a composite number.,Contradicted,Correct fact: 281 is prime,Computed,mathematics
2296,Dr. Deepa Menon published a study in the Proceedings of the Local Research Circle in 1982 proving a cure for the common cold.,Unverified,"No verifiable source exists; claim is speculative, private, unrecorded or about the future.",N/A,unsourced-claim
2297,The mayor of Tehran privately decided in 2008 to rename a bridge after a childhood friend.,Unverified,"No verifiable source exists; claim is speculative, private, unrecorded or about the future.",N/A,unrecorded-detail
2298,66 multiplied by 34 equals 2244.,Verified,66*34=2244,Computed,arithmetic
2299,There is a species of beetle living only in a single cave near Warsaw that has never been catalogued.,Unverified,"No verifiable source exists; claim is speculative, private, unrecorded or about the future.",N/A,speculation
2300,The next major earthquake in Myanmar will occur in the month of November 2049.,Unverified,"No verifiable source exists; claim is speculative, private, unrecorded or about the future.",N/A,future-prediction
2301,51 multiplied by 25 equals 1275.,Verified,51*25=1275,Computed,arithmetic
2302,A tiger sighted near Brussels in 1923 weighed exactly 168 kg.,Unverified,"No verifiable source exists; claim is speculative, private, unrecorded or about the future.",N/A,unrecorded-detail
2303,The square root of 100 is 11.,Contradicted,Correct fact: 10^2=100,Computed,mathematics
2304,"By 2069, the population of Croatia will exceed 300 million.",Unverified,"No verifiable source exists; claim is speculative, private, unrecorded or about the future.",N/A,future-prediction
2305,33 multiplied by 96 equals 3168.,Verified,33*96=3168,Computed,arithmetic
2306,Beryllium has 4 protons in a neutral atom's nucleus.,Verified,Beryllium: Z=4,IUPAC Periodic Table,chemistry
2307,441 plus 563 equals 1014.,Contradicted,Correct fact: 441+563=1004,Computed,arithmetic
2308,Tokyo is the capital city of Japan.,Verified,Capital of Japan = Tokyo,CIA World Factbook / UN,geography
2309,20 plus 695 equals 715.,Verified,20+695=715,Computed,arithmetic
2310,25 multiplied by 73 equals 1805.,Contradicted,Correct fact: 25*73=1825,Computed,arithmetic
2311,631 plus 169 equals 800.,Verified,631+169=800,Computed,arithmetic
2312,437 plus 479 equals 916.,Verified,437+479=916,Computed,arithmetic
2313,A tiger sighted near Tokyo in 1952 weighed exactly 199 kg.,Unverified,"No verifiable source exists; claim is speculative, private, unrecorded or about the future.",N/A,unrecorded-detail
2314,Dr. Ananya Das published a study in the Proceedings of the Local Research Circle in 2012 proving a cure for the common cold.,Unverified,"No verifiable source exists; claim is speculative, private, unrecorded or about the future.",N/A,unsourced-claim
2315,The square root of 2916 is 54.,Verified,54^2=2916,Computed,mathematics
2316,A tiger sighted near Baghdad in 1937 weighed exactly 235 kg.,Unverified,"No verifiable source exists; claim is speculative, private, unrecorded or about the future.",N/A,unrecorded-detail
2317,42 multiplied by 45 equals 1890.,Verified,42*45=1890,Computed,arithmetic
2318,78 multiplied by 65 equals 5080.,Contradicted,Correct fact: 78*65=5070,Computed,arithmetic
2319,141 plus 292 equals 433.,Verified,141+292=433,Computed,arithmetic
2320,The grandmother of Karan Bhatia once met a famous scientist in Warsaw in 1953.,Unverified,"No verifiable source exists; claim is speculative, private, unrecorded or about the future.",N/A,personal-private
2321,"By 2096, the population of Brazil will exceed 1400 million.",Unverified,"No verifiable source exists; claim is speculative, private, unrecorded or about the future.",N/A,future-prediction
2322,506 plus 495 equals 999.,Contradicted,Correct fact: 506+495=1001,Computed,arithmetic
2323,"Exactly 45,601 people walked through a street market in Abuja on 11 January 1957.",Unverified,"No verifiable source exists; claim is speculative, private, unrecorded or about the future.",N/A,unrecorded-detail
2324,81 multiplied by 80 equals 6480.,Verified,81*80=6480,Computed,arithmetic
2325,An undiscovered manuscript in a library in Lisbon contains an unknown play by Salman Rushdie.,Unverified,"No verifiable source exists; claim is speculative, private, unrecorded or about the future.",N/A,speculation
2326,403 plus 646 equals 1059.,Contradicted,Correct fact: 403+646=1049,Computed,arithmetic
2327,26 multiplied by 73 equals 1918.,Contradicted,Correct fact: 26*73=1898,Computed,arithmetic
2328,"People in Tehran are, on average, 5 percent happier on Tuesdays than on Wednesdays.",Unverified,"No verifiable source exists; claim is speculative, private, unrecorded or about the future.",N/A,unsourced-claim
2329,"By 2062, the population of Iraq will exceed 450 million.",Unverified,"No verifiable source exists; claim is speculative, private, unrecorded or about the future.",N/A,future-prediction
2330,The mayor of Lima privately decided in 1971 to rename a bridge after a childhood friend.,Unverified,"No verifiable source exists; claim is speculative, private, unrecorded or about the future.",N/A,unrecorded-detail
2331,30 multiplied by 84 equals 2520.,Verified,30*84=2520,Computed,arithmetic
2332,"472 kilometres equals 47,200 metres.",Contradicted,Correct fact: 1 km = 1000 m,SI definition,units
2333,Imran Qureshi ate dal and rice for lunch on 7 March 1998.,Unverified,"No verifiable source exists; claim is speculative, private, unrecorded or about the future.",N/A,personal-private
2334,31 degrees Celsius equals 87.8 degrees Fahrenheit.,Verified,F=C*9/5+32=87.8,SI / standard conversion,units
2335,404 plus 207 equals 611.,Verified,404+207=611,Computed,arithmetic
2336,81 plus 736 equals 817.,Verified,81+736=817,Computed,arithmetic
2337,61 multiplied by 41 equals 2502.,Contradicted,Correct fact: 61*41=2501,Computed,arithmetic
2338,70 multiplied by 18 equals 1259.,Contradicted,Correct fact: 70*18=1260,Computed,arithmetic
2339,Homer is the author of The Iliad.,Verified,The Iliad -> Homer,Library of Congress catalogue,literature
2340,29 plus 613 equals 632.,Contradicted,Correct fact: 29+613=642,Computed,arithmetic
2341,"295 kilometres equals 295,000 metres.",Verified,1 km = 1000 m,SI definition,units
2342,An undiscovered manuscript in a library in Kuala Lumpur contains an unknown play by Charles Dickens.,Unverified,"No verifiable source exists; claim is speculative, private, unrecorded or about the future.",N/A,speculation
2343,913 plus 727 equals 1641.,Contradicted,Correct fact: 913+727=1640,Computed,arithmetic
2344,An undiscovered manuscript in a library in Accra contains an unknown play by Salman Rushdie.,Unverified,"No verifiable source exists; claim is speculative, private, unrecorded or about the future.",N/A,speculation
2345,The capital of Chile is Kathmandu.,Contradicted,Correct fact: Capital of Chile = Santiago,CIA World Factbook / UN,geography
2346,817 plus 353 equals 1170.,Verified,817+353=1170,Computed,arithmetic
2347,An undiscovered manuscript in a library in Tokyo contains an unknown play by Emily Bronte.,Unverified,"No verifiable source exists; claim is speculative, private, unrecorded or about the future.",N/A,speculation
2348,"By 2062, the population of Germany will exceed 200 million.",Unverified,"No verifiable source exists; claim is speculative, private, unrecorded or about the future.",N/A,future-prediction
2349,The capital of Japan is Tokyo.,Verified,Capital of Japan = Tokyo,CIA World Factbook / UN,geography
2350,91 multiplied by 55 equals 5025.,Contradicted,Correct fact: 91*55=5005,Computed,arithmetic
2351,"Exactly 99,502 people walked through a street market in Sucre on 28 April 1950.",Unverified,"No verifiable source exists; claim is speculative, private, unrecorded or about the future.",N/A,unrecorded-detail
2352,There is a species of beetle living only in a single cave near Jerusalem that has never been catalogued.,Unverified,"No verifiable source exists; claim is speculative, private, unrecorded or about the future.",N/A,speculation
2353,The capital of Turkey is Ankara.,Verified,Capital of Turkey = Ankara,CIA World Factbook / UN,geography
2354,The square root of 1444 is 41.,Contradicted,Correct fact: 38^2=1444,Computed,mathematics
2355,603 plus 531 equals 1134.,Verified,603+531=1134,Computed,arithmetic
2356,804 plus 163 equals 967.,Verified,804+163=967,Computed,arithmetic
2357,838 plus 681 equals 1521.,Contradicted,Correct fact: 838+681=1519,Computed,arithmetic
2358,673 plus 740 equals 1413.,Verified,673+740=1413,Computed,arithmetic
2359,104 is a prime number.,Contradicted,Correct fact: 104 divisible by 2,Computed,mathematics
2360,91 multiplied by 62 equals 5652.,Contradicted,Correct fact: 91*62=5642,Computed,arithmetic
2361,Dr. Deepa Menon published a study in the Journal of Applied Obscure Studies in 2015 proving a cure for the common cold.,Unverified,"No verifiable source exists; claim is speculative, private, unrecorded or about the future.",N/A,unsourced-claim
2362,95 degrees Celsius equals 194 degrees Fahrenheit.,Contradicted,Correct fact: F=C*9/5+32=203,SI / standard conversion,units
2363,A tiger sighted near Seoul in 1952 weighed exactly 191 kg.,Unverified,"No verifiable source exists; claim is speculative, private, unrecorded or about the future.",N/A,unrecorded-detail
2364,168 plus 323 equals 489.,Contradicted,Correct fact: 168+323=491,Computed,arithmetic
2365,"People in Canberra are, on average, 3 percent happier on Tuesdays than on Wednesdays.",Unverified,"No verifiable source exists; claim is speculative, private, unrecorded or about the future.",N/A,unsourced-claim
2366,12 multiplied by 45 equals 540.,Verified,12*45=540,Computed,arithmetic
2367,95 multiplied by 74 equals 7040.,Contradicted,Correct fact: 95*74=7030,Computed,arithmetic
2368,794 plus 575 equals 1368.,Contradicted,Correct fact: 794+575=1369,Computed,arithmetic
2369,469 plus 783 equals 1252.,Verified,469+783=1252,Computed,arithmetic
2370,"By 2062, the population of Colombia will exceed 800 million.",Unverified,"No verifiable source exists; claim is speculative, private, unrecorded or about the future.",N/A,future-prediction
2371,"By 2101, the population of Australia will exceed 1600 million.",Unverified,"No verifiable source exists; claim is speculative, private, unrecorded or about the future.",N/A,future-prediction
2372,44 hours equal 4400 minutes.,Contradicted,Correct fact: 1 h = 60 min,SI definition,units
2373,-24 degrees Celsius equals 6.8 degrees Fahrenheit.,Contradicted,Correct fact: F=C*9/5+32=-11.2,SI / standard conversion,units
2374,The square root of 1089 is 36.,Contradicted,Correct fact: 33^2=1089,Computed,mathematics
2375,An undiscovered manuscript in a library in Kuala Lumpur contains an unknown play by Emily Bronte.,Unverified,"No verifiable source exists; claim is speculative, private, unrecorded or about the future.",N/A,speculation
2376,468 plus 840 equals 1298.,Contradicted,Correct fact: 468+840=1308,Computed,arithmetic
2377,27 multiplied by 41 equals 1108.,Contradicted,Correct fact: 27*41=1107,Computed,arithmetic
2378,The stock price of a randomly chosen company will rise exactly 21% next year.,Unverified,"No verifiable source exists; claim is speculative, private, unrecorded or about the future.",N/A,future-prediction
2379,71 multiplied by 25 equals 1775.,Verified,71*25=1775,Computed,arithmetic
2380,The capital of Cuba is Havana.,Verified,Capital of Cuba = Havana,CIA World Factbook / UN,geography
2381,968 plus 495 equals 1463.,Verified,968+495=1463,Computed,arithmetic
2382,760 plus 837 equals 1587.,Contradicted,Correct fact: 760+837=1597,Computed,arithmetic
2383,55 plus 306 equals 371.,Contradicted,Correct fact: 55+306=361,Computed,arithmetic
2384,61 degrees Celsius equals 146.8 degrees Fahrenheit.,Contradicted,Correct fact: F=C*9/5+32=141.8,SI / standard conversion,units
2385,47 hours equal 2820 minutes.,Verified,1 h = 60 min,SI definition,units
2386,The chemical formula of water is H2O.,Verified,The chemical formula of water is H2O,Standard reference texts,general knowledge
2387,28 multiplied by 94 equals 2632.,Verified,28*94=2632,Computed,arithmetic
2388,128 is a prime number.,Contradicted,Correct fact: 128 divisible by 2,Computed,mathematics
2389,53 degrees Celsius equals 136.4 degrees Fahrenheit.,Contradicted,Correct fact: F=C*9/5+32=127.4,SI / standard conversion,units
2390,674 plus 354 equals 1028.,Verified,674+354=1028,Computed,arithmetic
2391,31 is a composite number.,Contradicted,Correct fact: 31 is prime,Computed,mathematics
2392,227 plus 746 equals 972.,Contradicted,Correct fact: 227+746=973,Computed,arithmetic
2393,An undiscovered manuscript in a library in Baghdad contains an unknown play by James Joyce.,Unverified,"No verifiable source exists; claim is speculative, private, unrecorded or about the future.",N/A,speculation
2394,108 is a prime number.,Contradicted,Correct fact: 108 divisible by 2,Computed,mathematics
2395,335 is a prime number.,Contradicted,Correct fact: 335 divisible by 5,Computed,mathematics
2396,297 plus 599 equals 894.,Contradicted,Correct fact: 297+599=896,Computed,arithmetic
2397,The grandmother of Meera Joshi once met a famous scientist in Canberra in 1958.,Unverified,"No verifiable source exists; claim is speculative, private, unrecorded or about the future.",N/A,personal-private
2398,51 is a composite number.,Verified,51 divisible by 3,Computed,mathematics
2399,A tiger sighted near Baghdad in 1910 weighed exactly 188 kg.,Unverified,"No verifiable source exists; claim is speculative, private, unrecorded or about the future.",N/A,unrecorded-detail
2400,"Exactly 30,881 people walked through a street market in Dublin on 12 October 2005.",Unverified,"No verifiable source exists; claim is speculative, private, unrecorded or about the future.",N/A,unrecorded-detail
2401,75 multiplied by 39 equals 2925.,Verified,75*39=2925,Computed,arithmetic
2402,"Exactly 7,673 people walked through a street market in Vientiane on 19 January 1978.",Unverified,"No verifiable source exists; claim is speculative, private, unrecorded or about the future.",N/A,unrecorded-detail
2403,A secret tunnel reportedly connects the main railway station of Rome to a hidden vault.,Unverified,"No verifiable source exists; claim is speculative, private, unrecorded or about the future.",N/A,rumor
2404,Neha Kulkarni ate khichdi for lunch on 12 December 1990.,Unverified,"No verifiable source exists; claim is speculative, private, unrecorded or about the future.",N/A,personal-private
2405,Crime and Punishment was written by Charles Dickens.,Contradicted,Correct fact: Crime and Punishment -> Fyodor Dostoevsky,Library of Congress catalogue,literature
2406,The atomic number of Neodymium is 60.,Verified,Neodymium: Z=60,IUPAC Periodic Table,chemistry
2407,357 is a composite number.,Verified,357 divisible by 3,Computed,mathematics
2408,59 plus 344 equals 403.,Verified,59+344=403,Computed,arithmetic
2409,Ancient traders from Bulgaria secretly reached the Americas around the year 954.,Unverified,"No verifiable source exists; claim is speculative, private, unrecorded or about the future.",N/A,speculation
2410,Dr. Meera Joshi published a study in the Journal of Applied Obscure Studies in 1976 proving a cure for the common cold.,Unverified,"No verifiable source exists; claim is speculative, private, unrecorded or about the future.",N/A,unsourced-claim
2411,Arundhati Roy is the author of The God of Small Things.,Verified,The God of Small Things -> Arundhati Roy,Library of Congress catalogue,literature
2412,"People in Kathmandu are, on average, 2 percent happier on Tuesdays than on Wednesdays.",Unverified,"No verifiable source exists; claim is speculative, private, unrecorded or about the future.",N/A,unsourced-claim
2413,An undiscovered manuscript in a library in Warsaw contains an unknown play by Gabriel Garcia Marquez.,Unverified,"No verifiable source exists; claim is speculative, private, unrecorded or about the future.",N/A,speculation
2414,358 plus 707 equals 1067.,Contradicted,Correct fact: 358+707=1065,Computed,arithmetic
2415,There is a species of beetle living only in a single cave near Dakar that has never been catalogued.,Unverified,"No verifiable source exists; claim is speculative, private, unrecorded or about the future.",N/A,speculation
2416,527 plus 238 equals 765.,Verified,527+238=765,Computed,arithmetic
2417,"Exactly 24,467 people walked through a street market in Ankara on 18 October 1978.",Unverified,"No verifiable source exists; claim is speculative, private, unrecorded or about the future.",N/A,unrecorded-detail
2418,259 plus 747 equals 1006.,Verified,259+747=1006,Computed,arithmetic
2419,"463 kilometres equals 463,000 metres.",Verified,1 km = 1000 m,SI definition,units
2420,350 plus 674 equals 1024.,Verified,350+674=1024,Computed,arithmetic
2421,"Exactly 95,995 people walked through a street market in Canberra on 26 April 1973.",Unverified,"No verifiable source exists; claim is speculative, private, unrecorded or about the future.",N/A,unrecorded-detail
2422,70 degrees Celsius equals 153 degrees Fahrenheit.,Contradicted,Correct fact: F=C*9/5+32=158,SI / standard conversion,units
2423,20 multiplied by 38 equals 780.,Contradicted,Correct fact: 20*38=760,Computed,arithmetic
2424,Colombo is the capital city of Thailand.,Contradicted,Correct fact: Capital of Thailand = Bangkok,CIA World Factbook / UN,geography
2425,Salman Rushdie is the author of Midnight's Children.,Verified,Midnight's Children -> Salman Rushdie,Library of Congress catalogue,literature
2426,449 plus 586 equals 1035.,Verified,449+586=1035,Computed,arithmetic
2427,863 plus 718 equals 1581.,Verified,863+718=1581,Computed,arithmetic
2428,19 multiplied by 54 equals 1025.,Contradicted,Correct fact: 19*54=1026,Computed,arithmetic
2429,86 multiplied by 73 equals 6288.,Contradicted,Correct fact: 86*73=6278,Computed,arithmetic
2430,The square root of 484 is 22.,Verified,22^2=484,Computed,mathematics
2431,88 plus 172 equals 260.,Verified,88+172=260,Computed,arithmetic
2432,48 multiplied by 99 equals 4752.,Verified,48*99=4752,Computed,arithmetic
2433,The square root of 1225 is 35.,Verified,35^2=1225,Computed,mathematics
2434,97 multiplied by 93 equals 9041.,Contradicted,Correct fact: 97*93=9021,Computed,arithmetic
2435,100 is a composite number.,Verified,100 divisible by 2,Computed,mathematics
2436,"People in Santiago are, on average, 8 percent happier on Tuesdays than on Wednesdays.",Unverified,"No verifiable source exists; claim is speculative, private, unrecorded or about the future.",N/A,unsourced-claim
2437,The grandmother of Meera Joshi once met a famous scientist in Athens in 1950.,Unverified,"No verifiable source exists; claim is speculative, private, unrecorded or about the future.",N/A,personal-private
2438,14 multiplied by 78 equals 1092.,Verified,14*78=1092,Computed,arithmetic
2439,881 plus 410 equals 1291.,Verified,881+410=1291,Computed,arithmetic
2440,692 plus 937 equals 1639.,Contradicted,Correct fact: 692+937=1629,Computed,arithmetic
2441,The grandmother of Ahmed Siddiqui once met a famous scientist in Zagreb in 1936.,Unverified,"No verifiable source exists; claim is speculative, private, unrecorded or about the future.",N/A,personal-private
2442,Arjun Reddy ate a salad for lunch on 26 June 1998.,Unverified,"No verifiable source exists; claim is speculative, private, unrecorded or about the future.",N/A,personal-private
2443,87 degrees Celsius equals 188.6 degrees Fahrenheit.,Verified,F=C*9/5+32=188.6,SI / standard conversion,units
2444,Priya Nair ate khichdi for lunch on 12 March 2009.,Unverified,"No verifiable source exists; claim is speculative, private, unrecorded or about the future.",N/A,personal-private
2445,"By 2103, the population of Turkey will exceed 150 million.",Unverified,"No verifiable source exists; claim is speculative, private, unrecorded or about the future.",N/A,future-prediction
2446,"324 kilometres equals 324,000 metres.",Verified,1 km = 1000 m,SI definition,units
2447,Ancient traders from Turkey secretly reached the Americas around the year 1032.,Unverified,"No verifiable source exists; claim is speculative, private, unrecorded or about the future.",N/A,speculation
2448,96 multiplied by 48 equals 4588.,Contradicted,Correct fact: 96*48=4608,Computed,arithmetic
2449,The polio vaccine (inactivated) is credited to Karl Landsteiner.,Contradicted,Correct fact: the polio vaccine (inactivated) -> Jonas Salk,Encyclopaedia Britannica,science history
2450,46 hours equal 2760 minutes.,Verified,1 h = 60 min,SI definition,units
2451,144 plus 455 equals 601.,Contradicted,Correct fact: 144+455=599,Computed,arithmetic
2452,42 multiplied by 12 equals 484.,Contradicted,Correct fact: 42*12=504,Computed,arithmetic
2453,181 plus 642 equals 821.,Contradicted,Correct fact: 181+642=823,Computed,arithmetic
2454,114 plus 550 equals 664.,Verified,114+550=664,Computed,arithmetic
2455,68 is a composite number.,Verified,68 divisible by 2,Computed,mathematics
2456,937 plus 867 equals 1804.,Verified,937+867=1804,Computed,arithmetic
2457,29 multiplied by 13 equals 367.,Contradicted,Correct fact: 29*13=377,Computed,arithmetic
2458,Fatima Khan ate paratha for lunch on 18 December 1996.,Unverified,"No verifiable source exists; claim is speculative, private, unrecorded or about the future.",N/A,personal-private
2459,The grandmother of Meera Joshi once met a famous scientist in Belgrade in 1970.,Unverified,"No verifiable source exists; claim is speculative, private, unrecorded or about the future.",N/A,personal-private
2460,The grandmother of Lakshmi Iyer once met a famous scientist in Kabul in 1950.,Unverified,"No verifiable source exists; claim is speculative, private, unrecorded or about the future.",N/A,personal-private
2461,88 degrees Celsius equals 190.4 degrees Fahrenheit.,Verified,F=C*9/5+32=190.4,SI / standard conversion,units
2462,34 multiplied by 27 equals 918.,Verified,34*27=918,Computed,arithmetic
2463,The square root of 484 is 24.,Contradicted,Correct fact: 22^2=484,Computed,mathematics
2464,"People in Baghdad are, on average, 5 percent happier on Tuesdays than on Wednesdays.",Unverified,"No verifiable source exists; claim is speculative, private, unrecorded or about the future.",N/A,unsourced-claim
2465,The grandmother of Meera Joshi once met a famous scientist in Dodoma in 1962.,Unverified,"No verifiable source exists; claim is speculative, private, unrecorded or about the future.",N/A,personal-private
2466,480 plus 121 equals 599.,Contradicted,Correct fact: 480+121=601,Computed,arithmetic
2467,180 plus 462 equals 642.,Verified,180+462=642,Computed,arithmetic
2468,The square root of 3364 is 60.,Contradicted,Correct fact: 58^2=3364,Computed,mathematics
2469,928 plus 552 equals 1470.,Contradicted,Correct fact: 928+552=1480,Computed,arithmetic
2470,"By 2127, the population of Austria will exceed 800 million.",Unverified,"No verifiable source exists; claim is speculative, private, unrecorded or about the future.",N/A,future-prediction
2471,842 plus 193 equals 1036.,Contradicted,Correct fact: 842+193=1035,Computed,arithmetic
2472,There is a species of beetle living only in a single cave near Nairobi that has never been catalogued.,Unverified,"No verifiable source exists; claim is speculative, private, unrecorded or about the future.",N/A,speculation
2473,151 plus 319 equals 470.,Verified,151+319=470,Computed,arithmetic
2474,Ancient traders from Nigeria secretly reached the Americas around the year 826.,Unverified,"No verifiable source exists; claim is speculative, private, unrecorded or about the future.",N/A,speculation
2475,The mayor of Athens privately decided in 1970 to rename a bridge after a childhood friend.,Unverified,"No verifiable source exists; claim is speculative, private, unrecorded or about the future.",N/A,unrecorded-detail
2476,A secret tunnel reportedly connects the main railway station of Santiago to a hidden vault.,Unverified,"No verifiable source exists; claim is speculative, private, unrecorded or about the future.",N/A,rumor
2477,A tiger sighted near Lima in 1945 weighed exactly 151 kg.,Unverified,"No verifiable source exists; claim is speculative, private, unrecorded or about the future.",N/A,unrecorded-detail
2478,The grandmother of Meera Joshi once met a famous scientist in Quito in 1977.,Unverified,"No verifiable source exists; claim is speculative, private, unrecorded or about the future.",N/A,personal-private
2479,642 plus 715 equals 1358.,Contradicted,Correct fact: 642+715=1357,Computed,arithmetic
2480,A tiger sighted near Hanoi in 1920 weighed exactly 255 kg.,Unverified,"No verifiable source exists; claim is speculative, private, unrecorded or about the future.",N/A,unrecorded-detail
2481,"People in Vientiane are, on average, 4 percent happier on Tuesdays than on Wednesdays.",Unverified,"No verifiable source exists; claim is speculative, private, unrecorded or about the future.",N/A,unsourced-claim
2482,87 plus 602 equals 699.,Contradicted,Correct fact: 87+602=689,Computed,arithmetic
2483,The square root of 49 is 7.,Verified,7^2=49,Computed,mathematics
2484,989 plus 336 equals 1335.,Contradicted,Correct fact: 989+336=1325,Computed,arithmetic
2485,A tiger sighted near Astana in 1915 weighed exactly 150 kg.,Unverified,"No verifiable source exists; claim is speculative, private, unrecorded or about the future.",N/A,unrecorded-detail
2486,905 plus 880 equals 1785.,Verified,905+880=1785,Computed,arithmetic
2487,40 multiplied by 93 equals 3720.,Verified,40*93=3720,Computed,arithmetic
2488,"By 2147, the population of Iraq will exceed 200 million.",Unverified,"No verifiable source exists; claim is speculative, private, unrecorded or about the future.",N/A,future-prediction
2489,"People in Dhaka are, on average, 4 percent happier on Tuesdays than on Wednesdays.",Unverified,"No verifiable source exists; claim is speculative, private, unrecorded or about the future.",N/A,unsourced-claim
2490,The atomic number of Gold is 79.,Verified,Gold: Z=79,IUPAC Periodic Table,chemistry
2491,"By 2140, the population of Bulgaria will exceed 1800 million.",Unverified,"No verifiable source exists; claim is speculative, private, unrecorded or about the future.",N/A,future-prediction
2492,64 multiplied by 49 equals 3126.,Contradicted,Correct fact: 64*49=3136,Computed,arithmetic
2493,A tiger sighted near Caracas in 1955 weighed exactly 247 kg.,Unverified,"No verifiable source exists; claim is speculative, private, unrecorded or about the future.",N/A,unrecorded-detail
2494,17 multiplied by 40 equals 681.,Contradicted,Correct fact: 17*40=680,Computed,arithmetic
2495,An undiscovered manuscript in a library in Colombo contains an unknown play by Chinua Achebe.,Unverified,"No verifiable source exists; claim is speculative, private, unrecorded or about the future.",N/A,speculation
2496,"181 kilometres equals 181,000 metres.",Verified,1 km = 1000 m,SI definition,units
2497,65 degrees Celsius equals 154 degrees Fahrenheit.,Contradicted,Correct fact: F=C*9/5+32=149,SI / standard conversion,units
2498,13 multiplied by 82 equals 1066.,Verified,13*82=1066,Computed,arithmetic
2499,90 multiplied by 45 equals 4040.,Contradicted,Correct fact: 90*45=4050,Computed,arithmetic
2500,"By 2107, the population of Pakistan will exceed 200 million.",Unverified,"No verifiable source exists; claim is speculative, private, unrecorded or about the future.",N/A,future-prediction
2501,53 multiplied by 88 equals 4644.,Contradicted,Correct fact: 53*88=4664,Computed,arithmetic
2502,Dr. Vikram Sethi published a study in the Proceedings of the Local Research Circle in 1986 proving a cure for the common cold.,Unverified,"No verifiable source exists; claim is speculative, private, unrecorded or about the future.",N/A,unsourced-claim
2503,Dr. Fatima Khan published a study in the Journal of Applied Obscure Studies in 1995 proving a cure for the common cold.,Unverified,"No verifiable source exists; claim is speculative, private, unrecorded or about the future.",N/A,unsourced-claim
2504,A tiger sighted near Sucre in 1902 weighed exactly 153 kg.,Unverified,"No verifiable source exists; claim is speculative, private, unrecorded or about the future.",N/A,unrecorded-detail
2505,45 plus 249 equals 293.,Contradicted,Correct fact: 45+249=294,Computed,arithmetic
2506,997 plus 771 equals 1768.,Verified,997+771=1768,Computed,arithmetic
2507,"By 2108, the population of Croatia will exceed 250 million.",Unverified,"No verifiable source exists; claim is speculative, private, unrecorded or about the future.",N/A,future-prediction
2508,31 hours equal 3100 minutes.,Contradicted,Correct fact: 1 h = 60 min,SI definition,units
2509,Ancient traders from Belgium secretly reached the Americas around the year 707.,Unverified,"No verifiable source exists; claim is speculative, private, unrecorded or about the future.",N/A,speculation
2510,World War II ended in 1945.,Verified,World War II ended: 1945,Encyclopaedia Britannica,history
2511,23 plus 279 equals 312.,Contradicted,Correct fact: 23+279=302,Computed,arithmetic
2512,24 plus 599 equals 622.,Contradicted,Correct fact: 24+599=623,Computed,arithmetic
2513,The rh blood group (co-discoverer) is credited to Karl Landsteiner.,Verified,the Rh blood group (co-discoverer) -> Karl Landsteiner,Encyclopaedia Britannica,science history
2514,"275 kilometres equals 27,500 metres.",Contradicted,Correct fact: 1 km = 1000 m,SI definition,units
2515,A secret tunnel reportedly connects the main railway station of Helsinki to a hidden vault.,Unverified,"No verifiable source exists; claim is speculative, private, unrecorded or about the future.",N/A,rumor
2516,A tiger sighted near New Delhi in 1925 weighed exactly 260 kg.,Unverified,"No verifiable source exists; claim is speculative, private, unrecorded or about the future.",N/A,unrecorded-detail
2517,"People in Zagreb are, on average, 3 percent happier on Tuesdays than on Wednesdays.",Unverified,"No verifiable source exists; claim is speculative, private, unrecorded or about the future.",N/A,unsourced-claim
2518,-29 degrees Celsius equals -20.2 degrees Fahrenheit.,Verified,F=C*9/5+32=-20.2,SI / standard conversion,units
2519,Iron has 26 protons in a neutral atom's nucleus.,Verified,Iron: Z=26,IUPAC Periodic Table,chemistry
2520,693 plus 975 equals 1668.,Verified,693+975=1668,Computed,arithmetic
2521,The mayor of Algiers privately decided in 1991 to rename a bridge after a childhood friend.,Unverified,"No verifiable source exists; claim is speculative, private, unrecorded or about the future.",N/A,unrecorded-detail
2522,125 plus 806 equals 931.,Verified,125+806=931,Computed,arithmetic
2523,58 multiplied by 62 equals 3586.,Contradicted,Correct fact: 58*62=3596,Computed,arithmetic
2524,Ancient traders from Italy secretly reached the Americas around the year 820.,Unverified,"No verifiable source exists; claim is speculative, private, unrecorded or about the future.",N/A,speculation
2525,59 multiplied by 28 equals 1652.,Verified,59*28=1652,Computed,arithmetic
2526,65 multiplied by 51 equals 3316.,Contradicted,Correct fact: 65*51=3315,Computed,arithmetic
2527,"People in New Delhi are, on average, 9 percent happier on Tuesdays than on Wednesdays.",Unverified,"No verifiable source exists; claim is speculative, private, unrecorded or about the future.",N/A,unsourced-claim
2528,420 plus 348 equals 767.,Contradicted,Correct fact: 420+348=768,Computed,arithmetic
2529,15 hours equal 900 minutes.,Verified,1 h = 60 min,SI definition,units
2530,The square root of 900 is 29.,Contradicted,Correct fact: 30^2=900,Computed,mathematics
2531,A tiger sighted near Copenhagen in 1911 weighed exactly 163 kg.,Unverified,"No verifiable source exists; claim is speculative, private, unrecorded or about the future.",N/A,unrecorded-detail
2532,"Exactly 61,788 people walked through a street market in Beijing on 21 April 1986.",Unverified,"No verifiable source exists; claim is speculative, private, unrecorded or about the future.",N/A,unrecorded-detail
2533,The grandmother of Priya Nair once met a famous scientist in Dublin in 1944.,Unverified,"No verifiable source exists; claim is speculative, private, unrecorded or about the future.",N/A,personal-private
2534,"By 2130, the population of Uganda will exceed 300 million.",Unverified,"No verifiable source exists; claim is speculative, private, unrecorded or about the future.",N/A,future-prediction
2535,Dr. Deepa Menon published a study in the Journal of Applied Obscure Studies in 1998 proving a cure for the common cold.,Unverified,"No verifiable source exists; claim is speculative, private, unrecorded or about the future.",N/A,unsourced-claim
2536,848 plus 473 equals 1321.,Verified,848+473=1321,Computed,arithmetic
2537,806 plus 830 equals 1636.,Verified,806+830=1636,Computed,arithmetic
2538,13 multiplied by 54 equals 702.,Verified,13*54=702,Computed,arithmetic
2539,The chemical symbol for Titanium is Pu.,Contradicted,Correct fact: Titanium: symbol Ti,IUPAC Periodic Table,chemistry
2540,28 is a prime number.,Contradicted,Correct fact: 28 divisible by 2,Computed,mathematics
2541,An undiscovered manuscript in a library in Kathmandu contains an unknown play by J. D. Salinger.,Unverified,"No verifiable source exists; claim is speculative, private, unrecorded or about the future.",N/A,speculation
2542,The next major earthquake in Romania will occur in the month of August 2051.,Unverified,"No verifiable source exists; claim is speculative, private, unrecorded or about the future.",N/A,future-prediction
2543,Dr. Priya Nair published a study in the Proceedings of the Local Research Circle in 1975 proving a cure for the common cold.,Unverified,"No verifiable source exists; claim is speculative, private, unrecorded or about the future.",N/A,unsourced-claim
2544,78 multiplied by 88 equals 6864.,Verified,78*88=6864,Computed,arithmetic
2545,325 plus 468 equals 795.,Contradicted,Correct fact: 325+468=793,Computed,arithmetic
2546,Ancient traders from Cuba secretly reached the Americas around the year 1018.,Unverified,"No verifiable source exists; claim is speculative, private, unrecorded or about the future.",N/A,speculation
2547,The next major earthquake in Mexico will occur in the month of August 2050.,Unverified,"No verifiable source exists; claim is speculative, private, unrecorded or about the future.",N/A,future-prediction
2548,443 plus 270 equals 813.,Contradicted,Correct fact: 443+270=713,Computed,arithmetic
2549,35 hours equal 2100 minutes.,Verified,1 h = 60 min,SI definition,units
2550,61 plus 63 equals 124.,Verified,61+63=124,Computed,arithmetic
2551,70 multiplied by 13 equals 910.,Verified,70*13=910,Computed,arithmetic
2552,"184 kilometres equals 18,400 metres.",Contradicted,Correct fact: 1 km = 1000 m,SI definition,units
2553,An undiscovered manuscript in a library in Reykjavik contains an unknown play by Munshi Premchand.,Unverified,"No verifiable source exists; claim is speculative, private, unrecorded or about the future.",N/A,speculation
2554,331 plus 372 equals 703.,Verified,331+372=703,Computed,arithmetic
2555,809 plus 98 equals 917.,Contradicted,Correct fact: 809+98=907,Computed,arithmetic
2556,479 plus 164 equals 645.,Contradicted,Correct fact: 479+164=643,Computed,arithmetic
2557,The grandmother of Neha Kulkarni once met a famous scientist in Wellington in 1960.,Unverified,"No verifiable source exists; claim is speculative, private, unrecorded or about the future.",N/A,personal-private
2558,The stock price of a randomly chosen company will rise exactly 7% next year.,Unverified,"No verifiable source exists; claim is speculative, private, unrecorded or about the future.",N/A,future-prediction
2559,The grandmother of Arjun Reddy once met a famous scientist in Pretoria in 1943.,Unverified,"No verifiable source exists; claim is speculative, private, unrecorded or about the future.",N/A,personal-private
2560,749 plus 439 equals 1187.,Contradicted,Correct fact: 749+439=1188,Computed,arithmetic
2561,The square root of 625 is 25.,Verified,25^2=625,Computed,mathematics
2562,"103 kilometres equals 103,000 metres.",Verified,1 km = 1000 m,SI definition,units
2563,The capital of Serbia is Warsaw.,Contradicted,Correct fact: Capital of Serbia = Belgrade,CIA World Factbook / UN,geography
2564,The square root of 169 is 14.,Contradicted,Correct fact: 13^2=169,Computed,mathematics
2565,16 multiplied by 76 equals 1216.,Verified,16*76=1216,Computed,arithmetic
2566,21 multiplied by 99 equals 2079.,Verified,21*99=2079,Computed,arithmetic
2567,The grandmother of Sanjay Rao once met a famous scientist in Kuala Lumpur in 1971.,Unverified,"No verifiable source exists; claim is speculative, private, unrecorded or about the future.",N/A,personal-private
2568,"484 kilometres equals 48,400 metres.",Contradicted,Correct fact: 1 km = 1000 m,SI definition,units
2569,957 plus 954 equals 2011.,Contradicted,Correct fact: 957+954=1911,Computed,arithmetic
2570,"Exactly 85,833 people walked through a street market in Kathmandu on 11 October 1998.",Unverified,"No verifiable source exists; claim is speculative, private, unrecorded or about the future.",N/A,unrecorded-detail
2571,333 plus 691 equals 1024.,Verified,333+691=1024,Computed,arithmetic
2572,379 is a prime number.,Verified,379 is prime,Computed,mathematics
2573,23 multiplied by 56 equals 1288.,Verified,23*56=1288,Computed,arithmetic
2574,The capital of South Korea is Seoul.,Verified,Capital of South Korea = Seoul,CIA World Factbook / UN,geography
2575,809 plus 447 equals 1256.,Verified,809+447=1256,Computed,arithmetic
2576,Jupiter is the fifth planet from the Sun.,Verified,Jupiter: position 5,NASA,astronomy
2577,The capital of China is Beijing.,Verified,Capital of China = Beijing,CIA World Factbook / UN,geography
2578,649 plus 558 equals 1197.,Contradicted,Correct fact: 649+558=1207,Computed,arithmetic
2579,Dr. Arjun Reddy published a study in the Journal of Applied Obscure Studies in 1999 proving a cure for the common cold.,Unverified,"No verifiable source exists; claim is speculative, private, unrecorded or about the future.",N/A,unsourced-claim
2580,Arjun Reddy ate poha for lunch on 22 December 1993.,Unverified,"No verifiable source exists; claim is speculative, private, unrecorded or about the future.",N/A,personal-private
2581,684 plus 999 equals 1683.,Verified,684+999=1683,Computed,arithmetic
2582,437 plus 730 equals 1167.,Verified,437+730=1167,Computed,arithmetic
2583,44 is a composite number.,Verified,44 divisible by 2,Computed,mathematics
2584,"People in Havana are, on average, 3 percent happier on Tuesdays than on Wednesdays.",Unverified,"No verifiable source exists; claim is speculative, private, unrecorded or about the future.",N/A,unsourced-claim
2585,-17 degrees Celsius equals 1.4 degrees Fahrenheit.,Verified,F=C*9/5+32=1.4,SI / standard conversion,units
2586,"Exactly 3,348 people walked through a street market in Jerusalem on 19 January 1980.",Unverified,"No verifiable source exists; claim is speculative, private, unrecorded or about the future.",N/A,unrecorded-detail
2587,The atomic number of Nickel is 30.,Contradicted,Correct fact: Nickel: Z=28,IUPAC Periodic Table,chemistry
2588,The capital of Mexico is Mexico City.,Verified,Capital of Mexico = Mexico City,CIA World Factbook / UN,geography
2589,28 degrees Celsius equals 91.4 degrees Fahrenheit.,Contradicted,Correct fact: F=C*9/5+32=82.4,SI / standard conversion,units
2590,529 plus 680 equals 1209.,Verified,529+680=1209,Computed,arithmetic
2591,The mayor of Nairobi privately decided in 1993 to rename a bridge after a childhood friend.,Unverified,"No verifiable source exists; claim is speculative, private, unrecorded or about the future.",N/A,unrecorded-detail
2592,192 plus 835 equals 1027.,Verified,192+835=1027,Computed,arithmetic
2593,519 plus 202 equals 721.,Verified,519+202=721,Computed,arithmetic
2594,"People in Prague are, on average, 7 percent happier on Tuesdays than on Wednesdays.",Unverified,"No verifiable source exists; claim is speculative, private, unrecorded or about the future.",N/A,unsourced-claim
2595,74 plus 582 equals 658.,Contradicted,Correct fact: 74+582=656,Computed,arithmetic
2596,51 multiplied by 58 equals 2958.,Verified,51*58=2958,Computed,arithmetic
2597,976 plus 316 equals 1292.,Verified,976+316=1292,Computed,arithmetic
2598,The mayor of Rome privately decided in 1962 to rename a bridge after a childhood friend.,Unverified,"No verifiable source exists; claim is speculative, private, unrecorded or about the future.",N/A,unrecorded-detail
2599,110 plus 774 equals 894.,Contradicted,Correct fact: 110+774=884,Computed,arithmetic
2600,A secret tunnel reportedly connects the main railway station of Baghdad to a hidden vault.,Unverified,"No verifiable source exists; claim is speculative, private, unrecorded or about the future.",N/A,rumor
2601,The Catcher in the Rye was written by Fyodor Dostoevsky.,Contradicted,Correct fact: The Catcher in the Rye -> J. D. Salinger,Library of Congress catalogue,literature
2602,552 plus 732 equals 1283.,Contradicted,Correct fact: 552+732=1284,Computed,arithmetic
2603,Ahmed Siddiqui ate a cheese sandwich for lunch on 4 March 1993.,Unverified,"No verifiable source exists; claim is speculative, private, unrecorded or about the future.",N/A,personal-private
2604,The capital of the Indian state of Telangana is Hyderabad.,Verified,The capital of the Indian state of Telangana is Hyderabad,Standard reference texts,general knowledge
2605,The grandmother of Priya Nair once met a famous scientist in Pretoria in 1939.,Unverified,"No verifiable source exists; claim is speculative, private, unrecorded or about the future.",N/A,personal-private
2606,"360 kilometres equals 36,000 metres.",Contradicted,Correct fact: 1 km = 1000 m,SI definition,units
2607,153 plus 543 equals 694.,Contradicted,Correct fact: 153+543=696,Computed,arithmetic
2608,91 multiplied by 20 equals 1820.,Verified,91*20=1820,Computed,arithmetic
2609,Lakshmi Iyer ate dal and rice for lunch on 15 December 2019.,Unverified,"No verifiable source exists; claim is speculative, private, unrecorded or about the future.",N/A,personal-private
2610,318 plus 619 equals 937.,Verified,318+619=937,Computed,arithmetic
2611,"Exactly 90,277 people walked through a street market in Tokyo on 7 January 1979.",Unverified,"No verifiable source exists; claim is speculative, private, unrecorded or about the future.",N/A,unrecorded-detail
2612,The capital of Saudi Arabia is Tokyo.,Contradicted,Correct fact: Capital of Saudi Arabia = Riyadh,CIA World Factbook / UN,geography
2613,Ancient traders from Greece secretly reached the Americas around the year 1054.,Unverified,"No verifiable source exists; claim is speculative, private, unrecorded or about the future.",N/A,speculation
2614,701 plus 631 equals 1332.,Verified,701+631=1332,Computed,arithmetic
2615,"By 2073, the population of Venezuela will exceed 1800 million.",Unverified,"No verifiable source exists; claim is speculative, private, unrecorded or about the future.",N/A,future-prediction
2616,The stock price of a randomly chosen company will rise exactly 5% next year.,Unverified,"No verifiable source exists; claim is speculative, private, unrecorded or about the future.",N/A,future-prediction
2617,1 degrees Celsius equals 51.8 degrees Fahrenheit.,Contradicted,Correct fact: F=C*9/5+32=33.8,SI / standard conversion,units
2618,951 plus 861 equals 1812.,Verified,951+861=1812,Computed,arithmetic
2619,A tiger sighted near Dakar in 1923 weighed exactly 221 kg.,Unverified,"No verifiable source exists; claim is speculative, private, unrecorded or about the future.",N/A,unrecorded-detail
2620,An undiscovered manuscript in a library in Amsterdam contains an unknown play by Mary Shelley.,Unverified,"No verifiable source exists; claim is speculative, private, unrecorded or about the future.",N/A,speculation
2621,An undiscovered manuscript in a library in Sucre contains an unknown play by Dante Alighieri.,Unverified,"No verifiable source exists; claim is speculative, private, unrecorded or about the future.",N/A,speculation
2622,An undiscovered manuscript in a library in Berlin contains an unknown play by James Joyce.,Unverified,"No verifiable source exists; claim is speculative, private, unrecorded or about the future.",N/A,speculation
2623,The mayor of Tokyo privately decided in 1989 to rename a bridge after a childhood friend.,Unverified,"No verifiable source exists; claim is speculative, private, unrecorded or about the future.",N/A,unrecorded-detail
2624,Nairobi is the capital city of Kenya.,Verified,Capital of Kenya = Nairobi,CIA World Factbook / UN,geography
2625,16 multiplied by 54 equals 844.,Contradicted,Correct fact: 16*54=864,Computed,arithmetic
2626,4 degrees Celsius equals 30.2 degrees Fahrenheit.,Contradicted,Correct fact: F=C*9/5+32=39.2,SI / standard conversion,units
2627,798 plus 86 equals 884.,Verified,798+86=884,Computed,arithmetic
2628,The mayor of Lima privately decided in 1972 to rename a bridge after a childhood friend.,Unverified,"No verifiable source exists; claim is speculative, private, unrecorded or about the future.",N/A,unrecorded-detail
2629,95 multiplied by 80 equals 7600.,Verified,95*80=7600,Computed,arithmetic
2630,An undiscovered manuscript in a library in Oslo contains an unknown play by J. R. R. Tolkien.,Unverified,"No verifiable source exists; claim is speculative, private, unrecorded or about the future.",N/A,speculation
2631,"332 kilometres equals 33,200 metres.",Contradicted,Correct fact: 1 km = 1000 m,SI definition,units
2632,19 hours equal 1140 minutes.,Verified,1 h = 60 min,SI definition,units
2633,"By 2115, the population of Kenya will exceed 350 million.",Unverified,"No verifiable source exists; claim is speculative, private, unrecorded or about the future.",N/A,future-prediction
2634,Miguel de Cervantes is the author of The Great Gatsby.,Contradicted,Correct fact: The Great Gatsby -> F. Scott Fitzgerald,Library of Congress catalogue,literature
2635,An undiscovered manuscript in a library in Buenos Aires contains an unknown play by William Shakespeare.,Unverified,"No verifiable source exists; claim is speculative, private, unrecorded or about the future.",N/A,speculation
2636,86 multiplied by 27 equals 2323.,Contradicted,Correct fact: 86*27=2322,Computed,arithmetic
2637,The grandmother of Arjun Reddy once met a famous scientist in Belgrade in 1951.,Unverified,"No verifiable source exists; claim is speculative, private, unrecorded or about the future.",N/A,personal-private
2638,747 plus 920 equals 1767.,Contradicted,Correct fact: 747+920=1667,Computed,arithmetic
2639,"320 kilometres equals 32,000 metres.",Contradicted,Correct fact: 1 km = 1000 m,SI definition,units
2640,581 plus 22 equals 603.,Verified,581+22=603,Computed,arithmetic
2641,The mayor of Bogota privately decided in 1982 to rename a bridge after a childhood friend.,Unverified,"No verifiable source exists; claim is speculative, private, unrecorded or about the future.",N/A,unrecorded-detail
2642,66 plus 898 equals 964.,Verified,66+898=964,Computed,arithmetic
2643,"283 kilometres equals 283,000 metres.",Verified,1 km = 1000 m,SI definition,units
2644,437 plus 445 equals 892.,Contradicted,Correct fact: 437+445=882,Computed,arithmetic
2645,298 is a prime number.,Contradicted,Correct fact: 298 divisible by 2,Computed,mathematics
2646,21 plus 235 equals 256.,Verified,21+235=256,Computed,arithmetic
2647,795 plus 127 equals 922.,Verified,795+127=922,Computed,arithmetic
2648,282 plus 130 equals 412.,Verified,282+130=412,Computed,arithmetic
2649,842 plus 150 equals 982.,Contradicted,Correct fact: 842+150=992,Computed,arithmetic
2650,144 is a composite number.,Verified,144 divisible by 2,Computed,mathematics
2651,There is a species of beetle living only in a single cave near Brussels that has never been catalogued.,Unverified,"No verifiable source exists; claim is speculative, private, unrecorded or about the future.",N/A,speculation
2652,43 hours equal 2580 minutes.,Verified,1 h = 60 min,SI definition,units
2653,44 multiplied by 45 equals 1980.,Verified,44*45=1980,Computed,arithmetic
2654,533 plus 421 equals 954.,Verified,533+421=954,Computed,arithmetic
2655,An undiscovered manuscript in a library in Caracas contains an unknown play by Bram Stoker.,Unverified,"No verifiable source exists; claim is speculative, private, unrecorded or about the future.",N/A,speculation
2656,333 is a prime number.,Contradicted,Correct fact: 333 divisible by 3,Computed,mathematics
2657,94 multiplied by 88 equals 8272.,Verified,94*88=8272,Computed,arithmetic
2658,J. D. Salinger is the author of The Catcher in the Rye.,Verified,The Catcher in the Rye -> J. D. Salinger,Library of Congress catalogue,literature
2659,101 plus 841 equals 942.,Verified,101+841=942,Computed,arithmetic
2660,591 plus 710 equals 1301.,Verified,591+710=1301,Computed,arithmetic
2661,33 multiplied by 26 equals 858.,Verified,33*26=858,Computed,arithmetic
2662,The mayor of Accra privately decided in 1971 to rename a bridge after a childhood friend.,Unverified,"No verifiable source exists; claim is speculative, private, unrecorded or about the future.",N/A,unrecorded-detail
2663,Meera Joshi ate idli and sambar for lunch on 8 March 2010.,Unverified,"No verifiable source exists; claim is speculative, private, unrecorded or about the future.",N/A,personal-private
2664,The periodic table is credited to Karl Landsteiner.,Contradicted,Correct fact: the periodic table -> Dmitri Mendeleev,Encyclopaedia Britannica,science history
2665,Dr. Lakshmi Iyer published a study in the Journal of Applied Obscure Studies in 2006 proving a cure for the common cold.,Unverified,"No verifiable source exists; claim is speculative, private, unrecorded or about the future.",N/A,unsourced-claim
2666,378 is a composite number.,Verified,378 divisible by 2,Computed,mathematics
2667,Dr. Fatima Khan published a study in the Proceedings of the Local Research Circle in 2015 proving a cure for the common cold.,Unverified,"No verifiable source exists; claim is speculative, private, unrecorded or about the future.",N/A,unsourced-claim
2668,"People in Canberra are, on average, 6 percent happier on Tuesdays than on Wednesdays.",Unverified,"No verifiable source exists; claim is speculative, private, unrecorded or about the future.",N/A,unsourced-claim
2669,The atomic number of Uranium is 94.,Contradicted,Correct fact: Uranium: Z=92,IUPAC Periodic Table,chemistry
2670,58 multiplied by 25 equals 1440.,Contradicted,Correct fact: 58*25=1450,Computed,arithmetic
2671,99 multiplied by 54 equals 5346.,Verified,99*54=5346,Computed,arithmetic
2672,28 degrees Celsius equals 82.4 degrees Fahrenheit.,Verified,F=C*9/5+32=82.4,SI / standard conversion,units
2673,"Exactly 47,634 people walked through a street market in Beijing on 27 October 1982.",Unverified,"No verifiable source exists; claim is speculative, private, unrecorded or about the future.",N/A,unrecorded-detail
2674,"By 2091, the population of Tanzania will exceed 1200 million.",Unverified,"No verifiable source exists; claim is speculative, private, unrecorded or about the future.",N/A,future-prediction
2675,530 plus 305 equals 845.,Contradicted,Correct fact: 530+305=835,Computed,arithmetic
2676,"People in Montevideo are, on average, 6 percent happier on Tuesdays than on Wednesdays.",Unverified,"No verifiable source exists; claim is speculative, private, unrecorded or about the future.",N/A,unsourced-claim
2677,"286 kilometres equals 286,000 metres.",Verified,1 km = 1000 m,SI definition,units
2678,The capital of Bolivia is Sucre.,Verified,Capital of Bolivia = Sucre,CIA World Factbook / UN,geography
2679,Ancient traders from Morocco secretly reached the Americas around the year 480.,Unverified,"No verifiable source exists; claim is speculative, private, unrecorded or about the future.",N/A,speculation
2680,11 degrees Celsius equals 42.8 degrees Fahrenheit.,Contradicted,Correct fact: F=C*9/5+32=51.8,SI / standard conversion,units
2681,"By 2068, the population of South Korea will exceed 200 million.",Unverified,"No verifiable source exists; claim is speculative, private, unrecorded or about the future.",N/A,future-prediction
2682,701 plus 734 equals 1535.,Contradicted,Correct fact: 701+734=1435,Computed,arithmetic
2683,"57 kilometres equals 5,700 metres.",Contradicted,Correct fact: 1 km = 1000 m,SI definition,units
2684,68 multiplied by 36 equals 2428.,Contradicted,Correct fact: 68*36=2448,Computed,arithmetic
2685,The square root of 961 is 31.,Verified,31^2=961,Computed,mathematics
2686,304 plus 561 equals 855.,Contradicted,Correct fact: 304+561=865,Computed,arithmetic
2687,217 plus 823 equals 1038.,Contradicted,Correct fact: 217+823=1040,Computed,arithmetic
2688,Bram Stoker is the author of Dracula.,Verified,Dracula -> Bram Stoker,Library of Congress catalogue,literature
2689,408 plus 430 equals 938.,Contradicted,Correct fact: 408+430=838,Computed,arithmetic
2690,Ancient traders from Algeria secretly reached the Americas around the year 1052.,Unverified,"No verifiable source exists; claim is speculative, private, unrecorded or about the future.",N/A,speculation
2691,"47 kilometres equals 47,000 metres.",Verified,1 km = 1000 m,SI definition,units
2692,61 multiplied by 93 equals 5653.,Contradicted,Correct fact: 61*93=5673,Computed,arithmetic
2693,An undiscovered manuscript in a library in Brussels contains an unknown play by Aldous Huxley.,Unverified,"No verifiable source exists; claim is speculative, private, unrecorded or about the future.",N/A,speculation
2694,"By 2077, the population of Denmark will exceed 800 million.",Unverified,"No verifiable source exists; claim is speculative, private, unrecorded or about the future.",N/A,future-prediction
2695,"Exactly 87,715 people walked through a street market in Riyadh on 1 July 1971.",Unverified,"No verifiable source exists; claim is speculative, private, unrecorded or about the future.",N/A,unrecorded-detail
2696,A tiger sighted near Bern in 1900 weighed exactly 150 kg.,Unverified,"No verifiable source exists; claim is speculative, private, unrecorded or about the future.",N/A,unrecorded-detail
2697,64 multiplied by 87 equals 5568.,Verified,64*87=5568,Computed,arithmetic
2698,687 plus 709 equals 1496.,Contradicted,Correct fact: 687+709=1396,Computed,arithmetic
2699,553 plus 142 equals 695.,Verified,553+142=695,Computed,arithmetic
2700,253 is a composite number.,Verified,253 divisible by 11,Computed,mathematics
2701,62 is a composite number.,Verified,62 divisible by 2,Computed,mathematics
2702,An undiscovered manuscript in a library in Warsaw contains an unknown play by Dante Alighieri.,Unverified,"No verifiable source exists; claim is speculative, private, unrecorded or about the future.",N/A,speculation
2703,The mayor of Sucre privately decided in 1997 to rename a bridge after a childhood friend.,Unverified,"No verifiable source exists; claim is speculative, private, unrecorded or about the future.",N/A,unrecorded-detail
2704,Dr. Arjun Reddy published a study in the Proceedings of the Local Research Circle in 1989 proving a cure for the common cold.,Unverified,"No verifiable source exists; claim is speculative, private, unrecorded or about the future.",N/A,unsourced-claim
2705,349 is a prime number.,Verified,349 is prime,Computed,mathematics
2706,407 plus 528 equals 935.,Verified,407+528=935,Computed,arithmetic
2707,367 is a composite number.,Contradicted,Correct fact: 367 is prime,Computed,mathematics
2708,136 is a composite number.,Verified,136 divisible by 2,Computed,mathematics
2709,The Battle of Waterloo was fought in 1810.,Contradicted,Correct fact: The Battle of Waterloo was fought: 1815,Encyclopaedia Britannica,history
2710,"By 2068, the population of Mexico will exceed 1800 million.",Unverified,"No verifiable source exists; claim is speculative, private, unrecorded or about the future.",N/A,future-prediction
2711,An undiscovered manuscript in a library in Sofia contains an unknown play by Harper Lee.,Unverified,"No verifiable source exists; claim is speculative, private, unrecorded or about the future.",N/A,speculation
2712,393 is a prime number.,Contradicted,Correct fact: 393 divisible by 3,Computed,mathematics
2713,12 multiplied by 16 equals 192.,Verified,12*16=192,Computed,arithmetic
2714,356 is a prime number.,Contradicted,Correct fact: 356 divisible by 2,Computed,mathematics
2715,954 plus 350 equals 1306.,Contradicted,Correct fact: 954+350=1304,Computed,arithmetic
2716,681 plus 700 equals 1381.,Verified,681+700=1381,Computed,arithmetic
2717,50 multiplied by 64 equals 3200.,Verified,50*64=3200,Computed,arithmetic
2718,719 plus 862 equals 1581.,Verified,719+862=1581,Computed,arithmetic
2719,"Exactly 99,740 people walked through a street market in Prague on 18 April 1951.",Unverified,"No verifiable source exists; claim is speculative, private, unrecorded or about the future.",N/A,unrecorded-detail
2720,155 plus 821 equals 986.,Contradicted,Correct fact: 155+821=976,Computed,arithmetic
2721,67 degrees Celsius equals 152.6 degrees Fahrenheit.,Verified,F=C*9/5+32=152.6,SI / standard conversion,units
2722,291 is a composite number.,Verified,291 divisible by 3,Computed,mathematics
2723,139 plus 963 equals 1202.,Contradicted,Correct fact: 139+963=1102,Computed,arithmetic
2724,588 plus 114 equals 692.,Contradicted,Correct fact: 588+114=702,Computed,arithmetic
2725,364 plus 976 equals 1350.,Contradicted,Correct fact: 364+976=1340,Computed,arithmetic
2726,"134 kilometres equals 134,000 metres.",Verified,1 km = 1000 m,SI definition,units
2727,347 plus 100 equals 448.,Contradicted,Correct fact: 347+100=447,Computed,arithmetic
2728,The stock price of a randomly chosen company will rise exactly 32% next year.,Unverified,"No verifiable source exists; claim is speculative, private, unrecorded or about the future.",N/A,future-prediction
2729,The stock price of a randomly chosen company will rise exactly 10% next year.,Unverified,"No verifiable source exists; claim is speculative, private, unrecorded or about the future.",N/A,future-prediction
2730,Ancient traders from Cuba secretly reached the Americas around the year 874.,Unverified,"No verifiable source exists; claim is speculative, private, unrecorded or about the future.",N/A,speculation
2731,662 plus 991 equals 1653.,Verified,662+991=1653,Computed,arithmetic
2732,910 plus 279 equals 1189.,Verified,910+279=1189,Computed,arithmetic
2733,The square root of 100 is 13.,Contradicted,Correct fact: 10^2=100,Computed,mathematics
2734,825 plus 359 equals 1184.,Verified,825+359=1184,Computed,arithmetic
2735,"451 kilometres equals 451,000 metres.",Verified,1 km = 1000 m,SI definition,units
2736,The mayor of Sucre privately decided in 1967 to rename a bridge after a childhood friend.,Unverified,"No verifiable source exists; claim is speculative, private, unrecorded or about the future.",N/A,unrecorded-detail
2737,The capital of the Indian state of Assam is Dispur.,Verified,The capital of the Indian state of Assam is Dispur,Standard reference texts,general knowledge
2738,Ancient traders from Tanzania secretly reached the Americas around the year 641.,Unverified,"No verifiable source exists; claim is speculative, private, unrecorded or about the future.",N/A,speculation
2739,317 is a prime number.,Verified,317 is prime,Computed,mathematics
2740,The grandmother of Rohan Mehta once met a famous scientist in Accra in 1958.,Unverified,"No verifiable source exists; claim is speculative, private, unrecorded or about the future.",N/A,personal-private
2741,The grandmother of Arjun Reddy once met a famous scientist in Ulaanbaatar in 1975.,Unverified,"No verifiable source exists; claim is speculative, private, unrecorded or about the future.",N/A,personal-private
2742,790 plus 549 equals 1339.,Verified,790+549=1339,Computed,arithmetic
2743,90 multiplied by 95 equals 8560.,Contradicted,Correct fact: 90*95=8550,Computed,arithmetic
2744,A secret tunnel reportedly connects the main railway station of Accra to a hidden vault.,Unverified,"No verifiable source exists; claim is speculative, private, unrecorded or about the future.",N/A,rumor
2745,The grandmother of Ahmed Siddiqui once met a famous scientist in Berlin in 1966.,Unverified,"No verifiable source exists; claim is speculative, private, unrecorded or about the future.",N/A,personal-private
2746,24 multiplied by 46 equals 1104.,Verified,24*46=1104,Computed,arithmetic
2747,265 plus 736 equals 1001.,Verified,265+736=1001,Computed,arithmetic
2748,"292 kilometres equals 292,000 metres.",Verified,1 km = 1000 m,SI definition,units
2749,"Exactly 49,076 people walked through a street market in Phnom Penh on 28 October 1976.",Unverified,"No verifiable source exists; claim is speculative, private, unrecorded or about the future.",N/A,unrecorded-detail
2750,400 plus 347 equals 745.,Contradicted,Correct fact: 400+347=747,Computed,arithmetic
2751,26 hours equal 2600 minutes.,Contradicted,Correct fact: 1 h = 60 min,SI definition,units
2752,A secret tunnel reportedly connects the main railway station of Naypyidaw to a hidden vault.,Unverified,"No verifiable source exists; claim is speculative, private, unrecorded or about the future.",N/A,rumor
2753,64 multiplied by 76 equals 4844.,Contradicted,Correct fact: 64*76=4864,Computed,arithmetic
2754,"357 kilometres equals 35,700 metres.",Contradicted,Correct fact: 1 km = 1000 m,SI definition,units
2755,"Exactly 6,735 people walked through a street market in Sucre on 1 April 1971.",Unverified,"No verifiable source exists; claim is speculative, private, unrecorded or about the future.",N/A,unrecorded-detail
2756,"Exactly 67,972 people walked through a street market in Bangkok on 13 April 1989.",Unverified,"No verifiable source exists; claim is speculative, private, unrecorded or about the future.",N/A,unrecorded-detail
2757,39 multiplied by 36 equals 1404.,Verified,39*36=1404,Computed,arithmetic
2758,813 plus 54 equals 866.,Contradicted,Correct fact: 813+54=867,Computed,arithmetic
2759,"By 2142, the population of Venezuela will exceed 450 million.",Unverified,"No verifiable source exists; claim is speculative, private, unrecorded or about the future.",N/A,future-prediction
2760,42 multiplied by 19 equals 798.,Verified,42*19=798,Computed,arithmetic
2761,747 plus 129 equals 976.,Contradicted,Correct fact: 747+129=876,Computed,arithmetic
2762,241 plus 879 equals 1110.,Contradicted,Correct fact: 241+879=1120,Computed,arithmetic
2763,644 plus 62 equals 706.,Verified,644+62=706,Computed,arithmetic
2764,"By 2067, the population of Indonesia will exceed 1600 million.",Unverified,"No verifiable source exists; claim is speculative, private, unrecorded or about the future.",N/A,future-prediction
2765,The square root of 2025 is 45.,Verified,45^2=2025,Computed,mathematics
2766,271 is a prime number.,Verified,271 is prime,Computed,mathematics
2767,666 plus 930 equals 1596.,Verified,666+930=1596,Computed,arithmetic
2768,38 multiplied by 72 equals 2736.,Verified,38*72=2736,Computed,arithmetic
2769,18 plus 977 equals 994.,Contradicted,Correct fact: 18+977=995,Computed,arithmetic
2770,Priya Nair ate a cheese sandwich for lunch on 6 September 2012.,Unverified,"No verifiable source exists; claim is speculative, private, unrecorded or about the future.",N/A,personal-private
2771,76 multiplied by 29 equals 2205.,Contradicted,Correct fact: 76*29=2204,Computed,arithmetic
2772,The square root of 1849 is 42.,Contradicted,Correct fact: 43^2=1849,Computed,mathematics
2773,230 is a composite number.,Verified,230 divisible by 2,Computed,mathematics
2774,The mayor of Accra privately decided in 1963 to rename a bridge after a childhood friend.,Unverified,"No verifiable source exists; claim is speculative, private, unrecorded or about the future.",N/A,unrecorded-detail
2775,97 multiplied by 96 equals 9332.,Contradicted,Correct fact: 97*96=9312,Computed,arithmetic
2776,424 plus 386 equals 810.,Verified,424+386=810,Computed,arithmetic
2777,75 multiplied by 23 equals 1745.,Contradicted,Correct fact: 75*23=1725,Computed,arithmetic
2778,259 plus 749 equals 1008.,Verified,259+749=1008,Computed,arithmetic
2779,430 plus 473 equals 903.,Verified,430+473=903,Computed,arithmetic
2780,There is a species of beetle living only in a single cave near Kyiv that has never been catalogued.,Unverified,"No verifiable source exists; claim is speculative, private, unrecorded or about the future.",N/A,speculation
2781,18 multiplied by 34 equals 602.,Contradicted,Correct fact: 18*34=612,Computed,arithmetic
2782,"By 2088, the population of Finland will exceed 500 million.",Unverified,"No verifiable source exists; claim is speculative, private, unrecorded or about the future.",N/A,future-prediction
2783,44 multiplied by 58 equals 2552.,Verified,44*58=2552,Computed,arithmetic
2784,64 multiplied by 27 equals 1728.,Verified,64*27=1728,Computed,arithmetic
2785,Ancient traders from Bolivia secretly reached the Americas around the year 987.,Unverified,"No verifiable source exists; claim is speculative, private, unrecorded or about the future.",N/A,speculation
2786,61 multiplied by 18 equals 1098.,Verified,61*18=1098,Computed,arithmetic
2787,The square root of 81 is 7.,Contradicted,Correct fact: 9^2=81,Computed,mathematics
2788,The grandmother of Rohan Mehta once met a famous scientist in Seoul in 1980.,Unverified,"No verifiable source exists; claim is speculative, private, unrecorded or about the future.",N/A,personal-private
2789,The grandmother of Neha Kulkarni once met a famous scientist in Accra in 1951.,Unverified,"No verifiable source exists; claim is speculative, private, unrecorded or about the future.",N/A,personal-private
2790,902 plus 945 equals 1846.,Contradicted,Correct fact: 902+945=1847,Computed,arithmetic
2791,99 multiplied by 18 equals 1782.,Verified,99*18=1782,Computed,arithmetic
2792,746 plus 609 equals 1356.,Contradicted,Correct fact: 746+609=1355,Computed,arithmetic
2793,69 multiplied by 62 equals 4278.,Verified,69*62=4278,Computed,arithmetic
2794,932 plus 869 equals 1801.,Verified,932+869=1801,Computed,arithmetic
2795,Sodium has 11 protons in a neutral atom's nucleus.,Verified,Sodium: Z=11,IUPAC Periodic Table,chemistry
2796,"202 kilometres equals 20,200 metres.",Contradicted,Correct fact: 1 km = 1000 m,SI definition,units
2797,"Exactly 60,226 people walked through a street market in Dakar on 17 October 2001.",Unverified,"No verifiable source exists; claim is speculative, private, unrecorded or about the future.",N/A,unrecorded-detail
2798,Ananya Das ate idli and sambar for lunch on 13 June 1998.,Unverified,"No verifiable source exists; claim is speculative, private, unrecorded or about the future.",N/A,personal-private
2799,265 plus 483 equals 748.,Verified,265+483=748,Computed,arithmetic
2800,William Shakespeare is the author of Romeo and Juliet.,Verified,Romeo and Juliet -> William Shakespeare,Library of Congress catalogue,literature
2801,Dr. Ananya Das published a study in the Regional Review of Unlisted Science in 2001 proving a cure for the common cold.,Unverified,"No verifiable source exists; claim is speculative, private, unrecorded or about the future.",N/A,unsourced-claim
2802,An undiscovered manuscript in a library in Kampala contains an unknown play by Mary Shelley.,Unverified,"No verifiable source exists; claim is speculative, private, unrecorded or about the future.",N/A,speculation
2803,Dr. Neha Kulkarni published a study in the Journal of Applied Obscure Studies in 1986 proving a cure for the common cold.,Unverified,"No verifiable source exists; claim is speculative, private, unrecorded or about the future.",N/A,unsourced-claim
2804,The grandmother of Neha Kulkarni once met a famous scientist in Tokyo in 1962.,Unverified,"No verifiable source exists; claim is speculative, private, unrecorded or about the future.",N/A,personal-private
2805,The mayor of Havana privately decided in 2015 to rename a bridge after a childhood friend.,Unverified,"No verifiable source exists; claim is speculative, private, unrecorded or about the future.",N/A,unrecorded-detail
2806,"People in Addis Ababa are, on average, 9 percent happier on Tuesdays than on Wednesdays.",Unverified,"No verifiable source exists; claim is speculative, private, unrecorded or about the future.",N/A,unsourced-claim
2807,"229 kilometres equals 229,000 metres.",Verified,1 km = 1000 m,SI definition,units
2808,153 is a prime number.,Contradicted,Correct fact: 153 divisible by 3,Computed,mathematics
2809,18 multiplied by 76 equals 1358.,Contradicted,Correct fact: 18*76=1368,Computed,arithmetic
2810,"147 kilometres equals 147,000 metres.",Verified,1 km = 1000 m,SI definition,units
2811,826 plus 826 equals 1653.,Contradicted,Correct fact: 826+826=1652,Computed,arithmetic
2812,The next major earthquake in Bulgaria will occur in the month of August 2052.,Unverified,"No verifiable source exists; claim is speculative, private, unrecorded or about the future.",N/A,future-prediction
2813,"322 kilometres equals 32,200 metres.",Contradicted,Correct fact: 1 km = 1000 m,SI definition,units
2814,Ancient traders from Morocco secretly reached the Americas around the year 333.,Unverified,"No verifiable source exists; claim is speculative, private, unrecorded or about the future.",N/A,speculation
2815,Romeo and Juliet was written by William Shakespeare.,Verified,Romeo and Juliet -> William Shakespeare,Library of Congress catalogue,literature
2816,Arsenic has 38 protons in a neutral atom's nucleus.,Contradicted,Correct fact: Arsenic: Z=33,IUPAC Periodic Table,chemistry
2817,779 plus 564 equals 1343.,Verified,779+564=1343,Computed,arithmetic
2818,369 plus 371 equals 740.,Verified,369+371=740,Computed,arithmetic
2819,Ancient traders from Czech Republic secretly reached the Americas around the year 343.,Unverified,"No verifiable source exists; claim is speculative, private, unrecorded or about the future.",N/A,speculation
2820,"282 kilometres equals 282,000 metres.",Verified,1 km = 1000 m,SI definition,units
2821,176 plus 349 equals 526.,Contradicted,Correct fact: 176+349=525,Computed,arithmetic
2822,311 is a prime number.,Verified,311 is prime,Computed,mathematics
2823,Harish Gupta ate dal and rice for lunch on 9 December 2009.,Unverified,"No verifiable source exists; claim is speculative, private, unrecorded or about the future.",N/A,personal-private
2824,"80 kilometres equals 8,000 metres.",Contradicted,Correct fact: 1 km = 1000 m,SI definition,units
2825,80 multiplied by 25 equals 1990.,Contradicted,Correct fact: 80*25=2000,Computed,arithmetic
2826,45 degrees Celsius equals 113 degrees Fahrenheit.,Verified,F=C*9/5+32=113,SI / standard conversion,units
2827,A tiger sighted near Dublin in 1953 weighed exactly 209 kg.,Unverified,"No verifiable source exists; claim is speculative, private, unrecorded or about the future.",N/A,unrecorded-detail
2828,An undiscovered manuscript in a library in Bangkok contains an unknown play by Emily Bronte.,Unverified,"No verifiable source exists; claim is speculative, private, unrecorded or about the future.",N/A,speculation
2829,545 plus 508 equals 1053.,Verified,545+508=1053,Computed,arithmetic
2830,The Treaty of Versailles was signed in 1919.,Verified,The Treaty of Versailles was signed: 1919,Encyclopaedia Britannica,history
2831,The grandmother of Arjun Reddy once met a famous scientist in Dakar in 1934.,Unverified,"No verifiable source exists; claim is speculative, private, unrecorded or about the future.",N/A,personal-private
2832,Jane Austen is the author of Pride and Prejudice.,Verified,Pride and Prejudice -> Jane Austen,Library of Congress catalogue,literature
2833,An undiscovered manuscript in a library in Jerusalem contains an unknown play by Miguel de Cervantes.,Unverified,"No verifiable source exists; claim is speculative, private, unrecorded or about the future.",N/A,speculation
2834,170 plus 88 equals 259.,Contradicted,Correct fact: 170+88=258,Computed,arithmetic
2835,An undiscovered manuscript in a library in Phnom Penh contains an unknown play by William Shakespeare.,Unverified,"No verifiable source exists; claim is speculative, private, unrecorded or about the future.",N/A,speculation
2836,660 plus 322 equals 980.,Contradicted,Correct fact: 660+322=982,Computed,arithmetic
2837,391 plus 332 equals 723.,Verified,391+332=723,Computed,arithmetic
2838,350 plus 746 equals 1096.,Verified,350+746=1096,Computed,arithmetic
2839,322 plus 991 equals 1313.,Verified,322+991=1313,Computed,arithmetic
2840,51 plus 123 equals 174.,Verified,51+123=174,Computed,arithmetic
2841,Dr. Lakshmi Iyer published a study in the Proceedings of the Local Research Circle in 2005 proving a cure for the common cold.,Unverified,"No verifiable source exists; claim is speculative, private, unrecorded or about the future.",N/A,unsourced-claim
2842,The atomic number of Aluminium is 15.,Contradicted,Correct fact: Aluminium: Z=13,IUPAC Periodic Table,chemistry
2843,Meera Joshi ate paratha for lunch on 26 September 1993.,Unverified,"No verifiable source exists; claim is speculative, private, unrecorded or about the future.",N/A,personal-private
2844,464 plus 703 equals 1167.,Verified,464+703=1167,Computed,arithmetic
2845,452 plus 113 equals 665.,Contradicted,Correct fact: 452+113=565,Computed,arithmetic
2846,Sanjay Rao ate poha for lunch on 22 December 1992.,Unverified,"No verifiable source exists; claim is speculative, private, unrecorded or about the future.",N/A,personal-private
2847,"367 kilometres equals 36,700 metres.",Contradicted,Correct fact: 1 km = 1000 m,SI definition,units
2848,238 plus 468 equals 706.,Verified,238+468=706,Computed,arithmetic
2849,The mayor of Buenos Aires privately decided in 1971 to rename a bridge after a childhood friend.,Unverified,"No verifiable source exists; claim is speculative, private, unrecorded or about the future.",N/A,unrecorded-detail
2850,692 plus 974 equals 1667.,Contradicted,Correct fact: 692+974=1666,Computed,arithmetic
2851,"201 kilometres equals 20,100 metres.",Contradicted,Correct fact: 1 km = 1000 m,SI definition,units
2852,"Exactly 11,657 people walked through a street market in Dodoma on 16 October 1988.",Unverified,"No verifiable source exists; claim is speculative, private, unrecorded or about the future.",N/A,unrecorded-detail
2853,31 multiplied by 90 equals 2789.,Contradicted,Correct fact: 31*90=2790,Computed,arithmetic
2854,283 plus 147 equals 429.,Contradicted,Correct fact: 283+147=430,Computed,arithmetic
2855,A tiger sighted near Reykjavik in 1928 weighed exactly 150 kg.,Unverified,"No verifiable source exists; claim is speculative, private, unrecorded or about the future.",N/A,unrecorded-detail
2856,99 multiplied by 51 equals 5048.,Contradicted,Correct fact: 99*51=5049,Computed,arithmetic
2857,"People in Ottawa are, on average, 3 percent happier on Tuesdays than on Wednesdays.",Unverified,"No verifiable source exists; claim is speculative, private, unrecorded or about the future.",N/A,unsourced-claim
2858,623 plus 33 equals 646.,Contradicted,Correct fact: 623+33=656,Computed,arithmetic
2859,8 is a composite number.,Verified,8 divisible by 2,Computed,mathematics
2860,77 plus 499 equals 576.,Verified,77+499=576,Computed,arithmetic
2861,Ancient traders from Argentina secretly reached the Americas around the year 238.,Unverified,"No verifiable source exists; claim is speculative, private, unrecorded or about the future.",N/A,speculation
2862,The grandmother of Ahmed Siddiqui once met a famous scientist in Naypyidaw in 1961.,Unverified,"No verifiable source exists; claim is speculative, private, unrecorded or about the future.",N/A,personal-private
2863,"293 kilometres equals 293,000 metres.",Verified,1 km = 1000 m,SI definition,units
2864,730 plus 928 equals 1658.,Verified,730+928=1658,Computed,arithmetic
2865,The next major earthquake in Russia will occur in the month of February 2050.,Unverified,"No verifiable source exists; claim is speculative, private, unrecorded or about the future.",N/A,future-prediction
2866,The grandmother of Sanjay Rao once met a famous scientist in Jakarta in 1932.,Unverified,"No verifiable source exists; claim is speculative, private, unrecorded or about the future.",N/A,personal-private
2867,537 plus 915 equals 1452.,Verified,537+915=1452,Computed,arithmetic
2868,613 plus 128 equals 741.,Verified,613+128=741,Computed,arithmetic
2869,249 plus 559 equals 808.,Verified,249+559=808,Computed,arithmetic
2870,8 degrees Celsius equals 46.4 degrees Fahrenheit.,Verified,F=C*9/5+32=46.4,SI / standard conversion,units
2871,A year on Earth lasts about 365.25 days.,Verified,A year on Earth lasts about 365.25 days,Standard reference texts,general knowledge
2872,87 multiplied by 78 equals 6787.,Contradicted,Correct fact: 87*78=6786,Computed,arithmetic
2873,"By 2079, the population of Austria will exceed 900 million.",Unverified,"No verifiable source exists; claim is speculative, private, unrecorded or about the future.",N/A,future-prediction
2874,The highest mountain above sea level is Mount Everest.,Verified,The highest mountain above sea level is Mount Everest,Standard reference texts,general knowledge
2875,The square root of 900 is 27.,Contradicted,Correct fact: 30^2=900,Computed,mathematics
2876,22 multiplied by 47 equals 1034.,Verified,22*47=1034,Computed,arithmetic
2877,Ancient traders from Poland secretly reached the Americas around the year 570.,Unverified,"No verifiable source exists; claim is speculative, private, unrecorded or about the future.",N/A,speculation
2878,238 plus 675 equals 913.,Verified,238+675=913,Computed,arithmetic
2879,240 plus 866 equals 1106.,Verified,240+866=1106,Computed,arithmetic
2880,Dr. Priya Nair published a study in the Regional Review of Unlisted Science in 1993 proving a cure for the common cold.,Unverified,"No verifiable source exists; claim is speculative, private, unrecorded or about the future.",N/A,unsourced-claim
2881,383 plus 113 equals 506.,Contradicted,Correct fact: 383+113=496,Computed,arithmetic
2882,750 plus 292 equals 1041.,Contradicted,Correct fact: 750+292=1042,Computed,arithmetic
2883,330 is a prime number.,Contradicted,Correct fact: 330 divisible by 2,Computed,mathematics
2884,773 plus 894 equals 1667.,Verified,773+894=1667,Computed,arithmetic
2885,998 plus 442 equals 1439.,Contradicted,Correct fact: 998+442=1440,Computed,arithmetic
2886,92 multiplied by 30 equals 2770.,Contradicted,Correct fact: 92*30=2760,Computed,arithmetic
2887,41 plus 95 equals 126.,Contradicted,Correct fact: 41+95=136,Computed,arithmetic
2888,A tiger sighted near Mexico City in 1908 weighed exactly 224 kg.,Unverified,"No verifiable source exists; claim is speculative, private, unrecorded or about the future.",N/A,unrecorded-detail
2889,32 multiplied by 35 equals 1110.,Contradicted,Correct fact: 32*35=1120,Computed,arithmetic
2890,A tiger sighted near Tokyo in 1902 weighed exactly 178 kg.,Unverified,"No verifiable source exists; claim is speculative, private, unrecorded or about the future.",N/A,unrecorded-detail
2891,An undiscovered manuscript in a library in Accra contains an unknown play by Miguel de Cervantes.,Unverified,"No verifiable source exists; claim is speculative, private, unrecorded or about the future.",N/A,speculation
2892,915 plus 677 equals 1591.,Contradicted,Correct fact: 915+677=1592,Computed,arithmetic
2893,494 plus 37 equals 533.,Contradicted,Correct fact: 494+37=531,Computed,arithmetic
2894,340 is a prime number.,Contradicted,Correct fact: 340 divisible by 2,Computed,mathematics
2895,61 multiplied by 96 equals 5857.,Contradicted,Correct fact: 61*96=5856,Computed,arithmetic
2896,"344 kilometres equals 344,000 metres.",Verified,1 km = 1000 m,SI definition,units
2897,Ancient traders from Denmark secretly reached the Americas around the year 692.,Unverified,"No verifiable source exists; claim is speculative, private, unrecorded or about the future.",N/A,speculation
2898,83 multiplied by 90 equals 7470.,Verified,83*90=7470,Computed,arithmetic
2899,The law of universal gravitation is credited to Isaac Newton.,Verified,the law of universal gravitation -> Isaac Newton,Encyclopaedia Britannica,science history
2900,The square root of 256 is 13.,Contradicted,Correct fact: 16^2=256,Computed,mathematics
2901,909 plus 50 equals 959.,Verified,909+50=959,Computed,arithmetic
2902,30 hours equal 3000 minutes.,Contradicted,Correct fact: 1 h = 60 min,SI definition,units
2903,"People in Ulaanbaatar are, on average, 8 percent happier on Tuesdays than on Wednesdays.",Unverified,"No verifiable source exists; claim is speculative, private, unrecorded or about the future.",N/A,unsourced-claim
2904,The square root of 2916 is 56.,Contradicted,Correct fact: 54^2=2916,Computed,mathematics
2905,23 multiplied by 94 equals 2162.,Verified,23*94=2162,Computed,arithmetic
2906,"People in Cairo are, on average, 7 percent happier on Tuesdays than on Wednesdays.",Unverified,"No verifiable source exists; claim is speculative, private, unrecorded or about the future.",N/A,unsourced-claim
2907,A tiger sighted near Caracas in 1922 weighed exactly 254 kg.,Unverified,"No verifiable source exists; claim is speculative, private, unrecorded or about the future.",N/A,unrecorded-detail
2908,0 degrees Celsius equals 27 degrees Fahrenheit.,Contradicted,Correct fact: F=C*9/5+32=32,SI / standard conversion,units
2909,130 plus 803 equals 933.,Verified,130+803=933,Computed,arithmetic
2910,The square root of 784 is 28.,Verified,28^2=784,Computed,mathematics
2911,"247 kilometres equals 247,000 metres.",Verified,1 km = 1000 m,SI definition,units
2912,157 plus 368 equals 525.,Verified,157+368=525,Computed,arithmetic
2913,Dr. Vikram Sethi published a study in the Journal of Applied Obscure Studies in 2013 proving a cure for the common cold.,Unverified,"No verifiable source exists; claim is speculative, private, unrecorded or about the future.",N/A,unsourced-claim
2914,A tiger sighted near Astana in 1942 weighed exactly 209 kg.,Unverified,"No verifiable source exists; claim is speculative, private, unrecorded or about the future.",N/A,unrecorded-detail
2915,157 is a prime number.,Verified,157 is prime,Computed,mathematics
2916,403 plus 804 equals 1207.,Verified,403+804=1207,Computed,arithmetic
2917,511 plus 905 equals 1416.,Verified,511+905=1416,Computed,arithmetic
2918,Dr. Karan Bhatia published a study in the Journal of Applied Obscure Studies in 2003 proving a cure for the common cold.,Unverified,"No verifiable source exists; claim is speculative, private, unrecorded or about the future.",N/A,unsourced-claim
2919,136 plus 41 equals 177.,Verified,136+41=177,Computed,arithmetic
2920,The grandmother of Neha Kulkarni once met a famous scientist in Bern in 1977.,Unverified,"No verifiable source exists; claim is speculative, private, unrecorded or about the future.",N/A,personal-private
2921,"409 kilometres equals 409,000 metres.",Verified,1 km = 1000 m,SI definition,units
2922,"66 kilometres equals 6,600 metres.",Contradicted,Correct fact: 1 km = 1000 m,SI definition,units
2923,92 multiplied by 93 equals 8566.,Contradicted,Correct fact: 92*93=8556,Computed,arithmetic
2924,91 multiplied by 21 equals 1912.,Contradicted,Correct fact: 91*21=1911,Computed,arithmetic
2925,62 multiplied by 77 equals 4754.,Contradicted,Correct fact: 62*77=4774,Computed,arithmetic
2926,45 multiplied by 91 equals 4095.,Verified,45*91=4095,Computed,arithmetic
2927,There is a species of beetle living only in a single cave near Madrid that has never been catalogued.,Unverified,"No verifiable source exists; claim is speculative, private, unrecorded or about the future.",N/A,speculation
2928,647 plus 73 equals 722.,Contradicted,Correct fact: 647+73=720,Computed,arithmetic
2929,897 plus 538 equals 1435.,Verified,897+538=1435,Computed,arithmetic
2930,"By 2084, the population of Kenya will exceed 900 million.",Unverified,"No verifiable source exists; claim is speculative, private, unrecorded or about the future.",N/A,future-prediction
2931,"By 2138, the population of Thailand will exceed 800 million.",Unverified,"No verifiable source exists; claim is speculative, private, unrecorded or about the future.",N/A,future-prediction
2932,A tiger sighted near Helsinki in 1932 weighed exactly 150 kg.,Unverified,"No verifiable source exists; claim is speculative, private, unrecorded or about the future.",N/A,unrecorded-detail
2933,The capital of Thailand is Colombo.,Contradicted,Correct fact: Capital of Thailand = Bangkok,CIA World Factbook / UN,geography
2934,388 is a composite number.,Verified,388 divisible by 2,Computed,mathematics
2935,There is a species of beetle living only in a single cave near Paris that has never been catalogued.,Unverified,"No verifiable source exists; claim is speculative, private, unrecorded or about the future.",N/A,speculation
2936,The square root of 169 is 13.,Verified,13^2=169,Computed,mathematics
2937,362 plus 571 equals 932.,Contradicted,Correct fact: 362+571=933,Computed,arithmetic
2938,One Hundred Years of Solitude was written by Leo Tolstoy.,Contradicted,Correct fact: One Hundred Years of Solitude -> Gabriel Garcia Marquez,Library of Congress catalogue,literature
2939,The next major earthquake in United States will occur in the month of August 2051.,Unverified,"No verifiable source exists; claim is speculative, private, unrecorded or about the future.",N/A,future-prediction
2940,The mayor of Phnom Penh privately decided in 1967 to rename a bridge after a childhood friend.,Unverified,"No verifiable source exists; claim is speculative, private, unrecorded or about the future.",N/A,unrecorded-detail
2941,83 multiplied by 40 equals 3340.,Contradicted,Correct fact: 83*40=3320,Computed,arithmetic
2942,The grandmother of Priya Nair once met a famous scientist in Addis Ababa in 1971.,Unverified,"No verifiable source exists; claim is speculative, private, unrecorded or about the future.",N/A,personal-private
2943,357 plus 874 equals 1233.,Contradicted,Correct fact: 357+874=1231,Computed,arithmetic
2944,676 plus 430 equals 1106.,Verified,676+430=1106,Computed,arithmetic
2945,477 plus 346 equals 823.,Verified,477+346=823,Computed,arithmetic
2946,342 is a prime number.,Contradicted,Correct fact: 342 divisible by 2,Computed,mathematics
2947,115 is a prime number.,Contradicted,Correct fact: 115 divisible by 5,Computed,mathematics
2948,96 multiplied by 59 equals 5674.,Contradicted,Correct fact: 96*59=5664,Computed,arithmetic
2949,15 is a prime number.,Contradicted,Correct fact: 15 divisible by 3,Computed,mathematics
2950,Ancient traders from Greece secretly reached the Americas around the year 784.,Unverified,"No verifiable source exists; claim is speculative, private, unrecorded or about the future.",N/A,speculation
2951,595 plus 371 equals 968.,Contradicted,Correct fact: 595+371=966,Computed,arithmetic
2952,398 plus 577 equals 976.,Contradicted,Correct fact: 398+577=975,Computed,arithmetic
2953,"352 kilometres equals 35,200 metres.",Contradicted,Correct fact: 1 km = 1000 m,SI definition,units
2954,"Exactly 74,060 people walked through a street market in Havana on 14 January 1970.",Unverified,"No verifiable source exists; claim is speculative, private, unrecorded or about the future.",N/A,unrecorded-detail
2955,288 is a composite number.,Verified,288 divisible by 2,Computed,mathematics
2956,79 multiplied by 43 equals 3387.,Contradicted,Correct fact: 79*43=3397,Computed,arithmetic
2957,126 plus 89 equals 215.,Verified,126+89=215,Computed,arithmetic
2958,896 plus 642 equals 1539.,Contradicted,Correct fact: 896+642=1538,Computed,arithmetic
2959,45 multiplied by 95 equals 4274.,Contradicted,Correct fact: 45*95=4275,Computed,arithmetic
2960,388 plus 569 equals 967.,Contradicted,Correct fact: 388+569=957,Computed,arithmetic
2961,208 is a prime number.,Contradicted,Correct fact: 208 divisible by 2,Computed,mathematics
2962,Dr. Imran Qureshi published a study in the Journal of Applied Obscure Studies in 1982 proving a cure for the common cold.,Unverified,"No verifiable source exists; claim is speculative, private, unrecorded or about the future.",N/A,unsourced-claim
2963,There is a species of beetle living only in a single cave near Zagreb that has never been catalogued.,Unverified,"No verifiable source exists; claim is speculative, private, unrecorded or about the future.",N/A,speculation
2964,The capital of Denmark is Paris.,Contradicted,Correct fact: Capital of Denmark = Copenhagen,CIA World Factbook / UN,geography
2965,476 plus 529 equals 1005.,Verified,476+529=1005,Computed,arithmetic
2966,482 plus 590 equals 1072.,Verified,482+590=1072,Computed,arithmetic
2967,An undiscovered manuscript in a library in Kabul contains an unknown play by Emily Bronte.,Unverified,"No verifiable source exists; claim is speculative, private, unrecorded or about the future.",N/A,speculation
2968,21 plus 20 equals 51.,Contradicted,Correct fact: 21+20=41,Computed,arithmetic
2969,Dr. Karan Bhatia published a study in the Proceedings of the Local Research Circle in 1983 proving a cure for the common cold.,Unverified,"No verifiable source exists; claim is speculative, private, unrecorded or about the future.",N/A,unsourced-claim
2970,The Human Genome Project was declared complete in 2003.,Verified,The Human Genome Project was declared complete: 2003,Encyclopaedia Britannica,history
2971,"By 2077, the population of Tanzania will exceed 300 million.",Unverified,"No verifiable source exists; claim is speculative, private, unrecorded or about the future.",N/A,future-prediction
2972,The capital of Australia is Canberra.,Verified,Capital of Australia = Canberra,CIA World Factbook / UN,geography
2973,"251 kilometres equals 25,100 metres.",Contradicted,Correct fact: 1 km = 1000 m,SI definition,units
2974,47 plus 141 equals 178.,Contradicted,Correct fact: 47+141=188,Computed,arithmetic
2975,There is a species of beetle living only in a single cave near Algiers that has never been catalogued.,Unverified,"No verifiable source exists; claim is speculative, private, unrecorded or about the future.",N/A,speculation
2976,"Exactly 92,989 people walked through a street market in Kathmandu on 19 July 1982.",Unverified,"No verifiable source exists; claim is speculative, private, unrecorded or about the future.",N/A,unrecorded-detail
2977,A secret tunnel reportedly connects the main railway station of Tehran to a hidden vault.,Unverified,"No verifiable source exists; claim is speculative, private, unrecorded or about the future.",N/A,rumor
2978,"By 2118, the population of Iceland will exceed 400 million.",Unverified,"No verifiable source exists; claim is speculative, private, unrecorded or about the future.",N/A,future-prediction
2979,The mayor of Oslo privately decided in 1985 to rename a bridge after a childhood friend.,Unverified,"No verifiable source exists; claim is speculative, private, unrecorded or about the future.",N/A,unrecorded-detail
2980,Dr. Ananya Das published a study in the Proceedings of the Local Research Circle in 1999 proving a cure for the common cold.,Unverified,"No verifiable source exists; claim is speculative, private, unrecorded or about the future.",N/A,unsourced-claim
2981,Silver has 54 protons in a neutral atom's nucleus.,Contradicted,Correct fact: Silver: Z=47,IUPAC Periodic Table,chemistry
2982,A tiger sighted near Buenos Aires in 1905 weighed exactly 238 kg.,Unverified,"No verifiable source exists; claim is speculative, private, unrecorded or about the future.",N/A,unrecorded-detail
2983,390 plus 331 equals 731.,Contradicted,Correct fact: 390+331=721,Computed,arithmetic
2984,120 plus 261 equals 382.,Contradicted,Correct fact: 120+261=381,Computed,arithmetic
2985,Ancient traders from Australia secretly reached the Americas around the year 277.,Unverified,"No verifiable source exists; claim is speculative, private, unrecorded or about the future.",N/A,speculation
2986,62 multiplied by 54 equals 3368.,Contradicted,Correct fact: 62*54=3348,Computed,arithmetic
2987,775 plus 366 equals 1141.,Verified,775+366=1141,Computed,arithmetic
2988,219 is a prime number.,Contradicted,Correct fact: 219 divisible by 3,Computed,mathematics
2989,190 plus 824 equals 1014.,Verified,190+824=1014,Computed,arithmetic
2990,259 is a composite number.,Verified,259 divisible by 7,Computed,mathematics
2991,"By 2112, the population of India will exceed 800 million.",Unverified,"No verifiable source exists; claim is speculative, private, unrecorded or about the future.",N/A,future-prediction
2992,262 plus 836 equals 1098.,Verified,262+836=1098,Computed,arithmetic
2993,"People in Kabul are, on average, 4 percent happier on Tuesdays than on Wednesdays.",Unverified,"No verifiable source exists; claim is speculative, private, unrecorded or about the future.",N/A,unsourced-claim
2994,Arjun Reddy ate dal and rice for lunch on 17 March 2015.,Unverified,"No verifiable source exists; claim is speculative, private, unrecorded or about the future.",N/A,personal-private
2995,"471 kilometres equals 47,100 metres.",Contradicted,Correct fact: 1 km = 1000 m,SI definition,units
2996,94 degrees Celsius equals 201.2 degrees Fahrenheit.,Verified,F=C*9/5+32=201.2,SI / standard conversion,units
2997,Dr. Fatima Khan published a study in the Journal of Applied Obscure Studies in 2000 proving a cure for the common cold.,Unverified,"No verifiable source exists; claim is speculative, private, unrecorded or about the future.",N/A,unsourced-claim
2998,36 hours equal 3600 minutes.,Contradicted,Correct fact: 1 h = 60 min,SI definition,units
2999,8 degrees Celsius equals 37.4 degrees Fahrenheit.,Contradicted,Correct fact: F=C*9/5+32=46.4,SI / standard conversion,units
3000,The next major earthquake in Norway will occur in the month of February 2033.,Unverified,"No verifiable source exists; claim is speculative, private, unrecorded or about the future.",N/A,future-prediction
3001,92 multiplied by 15 equals 1380.,Verified,92*15=1380,Computed,arithmetic
3002,The square root of 1600 is 40.,Verified,40^2=1600,Computed,mathematics
3003,"Exactly 23,517 people walked through a street market in Accra on 17 January 1982.",Unverified,"No verifiable source exists; claim is speculative, private, unrecorded or about the future.",N/A,unrecorded-detail
3004,Ananya Das ate dal and rice for lunch on 24 September 2017.,Unverified,"No verifiable source exists; claim is speculative, private, unrecorded or about the future.",N/A,personal-private
3005,"People in Algiers are, on average, 8 percent happier on Tuesdays than on Wednesdays.",Unverified,"No verifiable source exists; claim is speculative, private, unrecorded or about the future.",N/A,unsourced-claim
3006,Ahmed Siddiqui ate rajma chawal for lunch on 14 December 2018.,Unverified,"No verifiable source exists; claim is speculative, private, unrecorded or about the future.",N/A,personal-private
3007,The mayor of New Delhi privately decided in 2007 to rename a bridge after a childhood friend.,Unverified,"No verifiable source exists; claim is speculative, private, unrecorded or about the future.",N/A,unrecorded-detail
3008,"By 2120, the population of Kenya will exceed 150 million.",Unverified,"No verifiable source exists; claim is speculative, private, unrecorded or about the future.",N/A,future-prediction
3009,79 multiplied by 91 equals 7189.,Verified,79*91=7189,Computed,arithmetic
3010,22 multiplied by 38 equals 836.,Verified,22*38=836,Computed,arithmetic
3011,111 is a prime number.,Contradicted,Correct fact: 111 divisible by 3,Computed,mathematics
3012,60 degrees Celsius equals 140 degrees Fahrenheit.,Verified,F=C*9/5+32=140,SI / standard conversion,units
3013,The chemical symbol for Phosphorus is P.,Verified,Phosphorus: symbol P,IUPAC Periodic Table,chemistry
3014,"433 kilometres equals 433,000 metres.",Verified,1 km = 1000 m,SI definition,units
3015,"442 kilometres equals 44,200 metres.",Contradicted,Correct fact: 1 km = 1000 m,SI definition,units
3016,158 plus 249 equals 408.,Contradicted,Correct fact: 158+249=407,Computed,arithmetic
3017,53 multiplied by 29 equals 1527.,Contradicted,Correct fact: 53*29=1537,Computed,arithmetic
3018,11 degrees Celsius equals 51.8 degrees Fahrenheit.,Verified,F=C*9/5+32=51.8,SI / standard conversion,units
3019,79 multiplied by 42 equals 3319.,Contradicted,Correct fact: 79*42=3318,Computed,arithmetic
3020,The grandmother of Priya Nair once met a famous scientist in Sofia in 1962.,Unverified,"No verifiable source exists; claim is speculative, private, unrecorded or about the future.",N/A,personal-private
3021,431 plus 855 equals 1288.,Contradicted,Correct fact: 431+855=1286,Computed,arithmetic
3022,57 multiplied by 68 equals 3886.,Contradicted,Correct fact: 57*68=3876,Computed,arithmetic
3023,The stock price of a randomly chosen company will rise exactly 26% next year.,Unverified,"No verifiable source exists; claim is speculative, private, unrecorded or about the future.",N/A,future-prediction
3024,88 multiplied by 13 equals 1134.,Contradicted,Correct fact: 88*13=1144,Computed,arithmetic
3025,"By 2078, the population of Indonesia will exceed 200 million.",Unverified,"No verifiable source exists; claim is speculative, private, unrecorded or about the future.",N/A,future-prediction
3026,60 multiplied by 86 equals 5180.,Contradicted,Correct fact: 60*86=5160,Computed,arithmetic
3027,19 plus 521 equals 550.,Contradicted,Correct fact: 19+521=540,Computed,arithmetic
3028,There is a species of beetle living only in a single cave near Manila that has never been catalogued.,Unverified,"No verifiable source exists; claim is speculative, private, unrecorded or about the future.",N/A,speculation
3029,The next major earthquake in United States will occur in the month of February 2034.,Unverified,"No verifiable source exists; claim is speculative, private, unrecorded or about the future.",N/A,future-prediction
3030,647 plus 268 equals 925.,Contradicted,Correct fact: 647+268=915,Computed,arithmetic
3031,364 plus 729 equals 1093.,Verified,364+729=1093,Computed,arithmetic
3032,46 multiplied by 23 equals 1058.,Verified,46*23=1058,Computed,arithmetic
3033,Dr. Rohan Mehta published a study in the Regional Review of Unlisted Science in 1997 proving a cure for the common cold.,Unverified,"No verifiable source exists; claim is speculative, private, unrecorded or about the future.",N/A,unsourced-claim
3034,575 plus 682 equals 1267.,Contradicted,Correct fact: 575+682=1257,Computed,arithmetic
3035,There is a species of beetle living only in a single cave near Dublin that has never been catalogued.,Unverified,"No verifiable source exists; claim is speculative, private, unrecorded or about the future.",N/A,speculation
3036,363 is a composite number.,Verified,363 divisible by 3,Computed,mathematics
3037,131 is a prime number.,Verified,131 is prime,Computed,mathematics
3038,99 multiplied by 29 equals 2891.,Contradicted,Correct fact: 99*29=2871,Computed,arithmetic
3039,606 plus 997 equals 1602.,Contradicted,Correct fact: 606+997=1603,Computed,arithmetic
3040,348 is a composite number.,Verified,348 divisible by 2,Computed,mathematics
3041,Dr. Deepa Menon published a study in the Journal of Applied Obscure Studies in 2009 proving a cure for the common cold.,Unverified,"No verifiable source exists; claim is speculative, private, unrecorded or about the future.",N/A,unsourced-claim
3042,The next major earthquake in Pakistan will occur in the month of November 2044.,Unverified,"No verifiable source exists; claim is speculative, private, unrecorded or about the future.",N/A,future-prediction
3043,137 plus 150 equals 387.,Contradicted,Correct fact: 137+150=287,Computed,arithmetic
3044,The mayor of Baghdad privately decided in 2013 to rename a bridge after a childhood friend.,Unverified,"No verifiable source exists; claim is speculative, private, unrecorded or about the future.",N/A,unrecorded-detail
3045,A tiger sighted near Sofia in 1928 weighed exactly 169 kg.,Unverified,"No verifiable source exists; claim is speculative, private, unrecorded or about the future.",N/A,unrecorded-detail
3046,984 plus 592 equals 1576.,Verified,984+592=1576,Computed,arithmetic
3047,191 plus 637 equals 928.,Contradicted,Correct fact: 191+637=828,Computed,arithmetic
3048,79 multiplied by 73 equals 5767.,Verified,79*73=5767,Computed,arithmetic
3049,56 multiplied by 93 equals 5208.,Verified,56*93=5208,Computed,arithmetic
3050,"186 kilometres equals 186,000 metres.",Verified,1 km = 1000 m,SI definition,units
3051,662 plus 408 equals 1070.,Verified,662+408=1070,Computed,arithmetic
3052,234 is a prime number.,Contradicted,Correct fact: 234 divisible by 2,Computed,mathematics
3053,72 multiplied by 35 equals 2520.,Verified,72*35=2520,Computed,arithmetic
3054,668 plus 504 equals 1272.,Contradicted,Correct fact: 668+504=1172,Computed,arithmetic
3055,The atomic number of Chlorine is 17.,Verified,Chlorine: Z=17,IUPAC Periodic Table,chemistry
3056,49 plus 477 equals 526.,Verified,49+477=526,Computed,arithmetic
3057,394 is a prime number.,Contradicted,Correct fact: 394 divisible by 2,Computed,mathematics
3058,73 multiplied by 86 equals 6278.,Verified,73*86=6278,Computed,arithmetic
3059,464 plus 979 equals 1442.,Contradicted,Correct fact: 464+979=1443,Computed,arithmetic
3060,The next major earthquake in China will occur in the month of November 2044.,Unverified,"No verifiable source exists; claim is speculative, private, unrecorded or about the future.",N/A,future-prediction
3061,Ancient traders from Egypt secretly reached the Americas around the year 365.,Unverified,"No verifiable source exists; claim is speculative, private, unrecorded or about the future.",N/A,speculation
3062,The grandmother of Priya Nair once met a famous scientist in Ottawa in 1951.,Unverified,"No verifiable source exists; claim is speculative, private, unrecorded or about the future.",N/A,personal-private
3063,"People in Tokyo are, on average, 5 percent happier on Tuesdays than on Wednesdays.",Unverified,"No verifiable source exists; claim is speculative, private, unrecorded or about the future.",N/A,unsourced-claim
3064,Meera Joshi ate a cheese sandwich for lunch on 3 September 1992.,Unverified,"No verifiable source exists; claim is speculative, private, unrecorded or about the future.",N/A,personal-private
3065,The square root of 3136 is 58.,Contradicted,Correct fact: 56^2=3136,Computed,mathematics
3066,803 plus 320 equals 1123.,Verified,803+320=1123,Computed,arithmetic
3067,658 plus 322 equals 1080.,Contradicted,Correct fact: 658+322=980,Computed,arithmetic
3068,"People in Mexico City are, on average, 6 percent happier on Tuesdays than on Wednesdays.",Unverified,"No verifiable source exists; claim is speculative, private, unrecorded or about the future.",N/A,unsourced-claim
3069,469 plus 55 equals 534.,Contradicted,Correct fact: 469+55=524,Computed,arithmetic
3070,The square root of 361 is 22.,Contradicted,Correct fact: 19^2=361,Computed,mathematics
3071,The chemical symbol for Iodine is I.,Verified,Iodine: symbol I,IUPAC Periodic Table,chemistry
3072,Karan Bhatia ate paratha for lunch on 27 March 2015.,Unverified,"No verifiable source exists; claim is speculative, private, unrecorded or about the future.",N/A,personal-private
3073,Dr. Karan Bhatia published a study in the Proceedings of the Local Research Circle in 1978 proving a cure for the common cold.,Unverified,"No verifiable source exists; claim is speculative, private, unrecorded or about the future.",N/A,unsourced-claim
3074,64 plus 286 equals 350.,Verified,64+286=350,Computed,arithmetic
3075,9 kilometres equals 900 metres.,Contradicted,Correct fact: 1 km = 1000 m,SI definition,units
3076,The grandmother of Rohan Mehta once met a famous scientist in Dublin in 1932.,Unverified,"No verifiable source exists; claim is speculative, private, unrecorded or about the future.",N/A,personal-private
3077,847 plus 29 equals 876.,Verified,847+29=876,Computed,arithmetic
3078,Dr. Harish Gupta published a study in the Journal of Applied Obscure Studies in 1994 proving a cure for the common cold.,Unverified,"No verifiable source exists; claim is speculative, private, unrecorded or about the future.",N/A,unsourced-claim
3079,40 multiplied by 45 equals 1780.,Contradicted,Correct fact: 40*45=1800,Computed,arithmetic
3080,150 is a prime number.,Contradicted,Correct fact: 150 divisible by 2,Computed,mathematics
3081,Neha Kulkarni ate pasta for lunch on 12 March 1998.,Unverified,"No verifiable source exists; claim is speculative, private, unrecorded or about the future.",N/A,personal-private
3082,14 is a composite number.,Verified,14 divisible by 2,Computed,mathematics
3083,32 multiplied by 44 equals 1388.,Contradicted,Correct fact: 32*44=1408,Computed,arithmetic
3084,884 plus 508 equals 1392.,Verified,884+508=1392,Computed,arithmetic
3085,557 plus 513 equals 1070.,Verified,557+513=1070,Computed,arithmetic
3086,47 hours equal 4700 minutes.,Contradicted,Correct fact: 1 h = 60 min,SI definition,units
3087,476 plus 361 equals 835.,Contradicted,Correct fact: 476+361=837,Computed,arithmetic
3088,A tiger sighted near Astana in 1927 weighed exactly 247 kg.,Unverified,"No verifiable source exists; claim is speculative, private, unrecorded or about the future.",N/A,unrecorded-detail
3089,815 plus 223 equals 1038.,Verified,815+223=1038,Computed,arithmetic
3090,7 degrees Celsius equals 44.6 degrees Fahrenheit.,Verified,F=C*9/5+32=44.6,SI / standard conversion,units
3091,"By 2078, the population of Spain will exceed 300 million.",Unverified,"No verifiable source exists; claim is speculative, private, unrecorded or about the future.",N/A,future-prediction
3092,871 plus 594 equals 1466.,Contradicted,Correct fact: 871+594=1465,Computed,arithmetic
3093,"People in Quito are, on average, 5 percent happier on Tuesdays than on Wednesdays.",Unverified,"No verifiable source exists; claim is speculative, private, unrecorded or about the future.",N/A,unsourced-claim
3094,697 plus 896 equals 1603.,Contradicted,Correct fact: 697+896=1593,Computed,arithmetic
3095,70 multiplied by 36 equals 2520.,Verified,70*36=2520,Computed,arithmetic
3096,232 plus 397 equals 629.,Verified,232+397=629,Computed,arithmetic
3097,The next major earthquake in Malaysia will occur in the month of November 2050.,Unverified,"No verifiable source exists; claim is speculative, private, unrecorded or about the future.",N/A,future-prediction
3098,There is a species of beetle living only in a single cave near Beijing that has never been catalogued.,Unverified,"No verifiable source exists; claim is speculative, private, unrecorded or about the future.",N/A,speculation
3099,46 multiplied by 72 equals 3322.,Contradicted,Correct fact: 46*72=3312,Computed,arithmetic
3100,The mayor of Colombo privately decided in 1964 to rename a bridge after a childhood friend.,Unverified,"No verifiable source exists; claim is speculative, private, unrecorded or about the future.",N/A,unrecorded-detail
3101,107 plus 313 equals 420.,Verified,107+313=420,Computed,arithmetic
3102,49 plus 821 equals 869.,Contradicted,Correct fact: 49+821=870,Computed,arithmetic
3103,The chemical symbol for Silver is Cr.,Contradicted,Correct fact: Silver: symbol Ag,IUPAC Periodic Table,chemistry
3104,The square root of 841 is 32.,Contradicted,Correct fact: 29^2=841,Computed,mathematics
3105,"35 kilometres equals 35,000 metres.",Verified,1 km = 1000 m,SI definition,units
3106,212 is a prime number.,Contradicted,Correct fact: 212 divisible by 2,Computed,mathematics
3107,20 plus 636 equals 656.,Verified,20+636=656,Computed,arithmetic
3108,The next major earthquake in Morocco will occur in the month of May 2050.,Unverified,"No verifiable source exists; claim is speculative, private, unrecorded or about the future.",N/A,future-prediction
3109,87 multiplied by 85 equals 7375.,Contradicted,Correct fact: 87*85=7395,Computed,arithmetic
3110,37 multiplied by 46 equals 1702.,Verified,37*46=1702,Computed,arithmetic
3111,27 multiplied by 76 equals 2052.,Verified,27*76=2052,Computed,arithmetic
3112,65 multiplied by 52 equals 3379.,Contradicted,Correct fact: 65*52=3380,Computed,arithmetic
3113,Dr. Vikram Sethi published a study in the Regional Review of Unlisted Science in 1985 proving a cure for the common cold.,Unverified,"No verifiable source exists; claim is speculative, private, unrecorded or about the future.",N/A,unsourced-claim
3114,252 plus 290 equals 541.,Contradicted,Correct fact: 252+290=542,Computed,arithmetic
3115,62 multiplied by 80 equals 4960.,Verified,62*80=4960,Computed,arithmetic
3116,17 hours equal 1700 minutes.,Contradicted,Correct fact: 1 h = 60 min,SI definition,units
3117,The grandmother of Sanjay Rao once met a famous scientist in Caracas in 1942.,Unverified,"No verifiable source exists; claim is speculative, private, unrecorded or about the future.",N/A,personal-private
3118,"People in Lima are, on average, 9 percent happier on Tuesdays than on Wednesdays.",Unverified,"No verifiable source exists; claim is speculative, private, unrecorded or about the future.",N/A,unsourced-claim
3119,138 is a composite number.,Verified,138 divisible by 2,Computed,mathematics
3120,737 plus 458 equals 1195.,Verified,737+458=1195,Computed,arithmetic
3121,There is a species of beetle living only in a single cave near Berlin that has never been catalogued.,Unverified,"No verifiable source exists; claim is speculative, private, unrecorded or about the future.",N/A,speculation
3122,The capital of the Indian state of Uttar Pradesh is Gobi.,Contradicted,Correct fact: The capital of the Indian state of Uttar Pradesh is Lucknow,Standard reference texts,general knowledge
3123,98 multiplied by 16 equals 1567.,Contradicted,Correct fact: 98*16=1568,Computed,arithmetic
3124,An undiscovered manuscript in a library in Zagreb contains an unknown play by J. D. Salinger.,Unverified,"No verifiable source exists; claim is speculative, private, unrecorded or about the future.",N/A,speculation
3125,A tiger sighted near Jerusalem in 1940 weighed exactly 168 kg.,Unverified,"No verifiable source exists; claim is speculative, private, unrecorded or about the future.",N/A,unrecorded-detail
3126,5 is a composite number.,Contradicted,Correct fact: 5 is prime,Computed,mathematics
3127,The mayor of Dakar privately decided in 2001 to rename a bridge after a childhood friend.,Unverified,"No verifiable source exists; claim is speculative, private, unrecorded or about the future.",N/A,unrecorded-detail
3128,8 degrees Celsius equals 41.4 degrees Fahrenheit.,Contradicted,Correct fact: F=C*9/5+32=46.4,SI / standard conversion,units
3129,Dr. Neha Kulkarni published a study in the Regional Review of Unlisted Science in 1996 proving a cure for the common cold.,Unverified,"No verifiable source exists; claim is speculative, private, unrecorded or about the future.",N/A,unsourced-claim
3130,756 plus 75 equals 831.,Verified,756+75=831,Computed,arithmetic
3131,427 plus 573 equals 1000.,Verified,427+573=1000,Computed,arithmetic
3132,The square root of 1156 is 34.,Verified,34^2=1156,Computed,mathematics
3133,461 plus 139 equals 600.,Verified,461+139=600,Computed,arithmetic
3134,64 multiplied by 77 equals 4908.,Contradicted,Correct fact: 64*77=4928,Computed,arithmetic
3135,Ancient traders from Croatia secretly reached the Americas around the year 593.,Unverified,"No verifiable source exists; claim is speculative, private, unrecorded or about the future.",N/A,speculation
3136,A tiger sighted near Riyadh in 1917 weighed exactly 247 kg.,Unverified,"No verifiable source exists; claim is speculative, private, unrecorded or about the future.",N/A,unrecorded-detail
3137,The square root of 256 is 14.,Contradicted,Correct fact: 16^2=256,Computed,mathematics
3138,-26 degrees Celsius equals -14.8 degrees Fahrenheit.,Verified,F=C*9/5+32=-14.8,SI / standard conversion,units
3139,The next major earthquake in Mongolia will occur in the month of August 2037.,Unverified,"No verifiable source exists; claim is speculative, private, unrecorded or about the future.",N/A,future-prediction
3140,A secret tunnel reportedly connects the main railway station of Addis Ababa to a hidden vault.,Unverified,"No verifiable source exists; claim is speculative, private, unrecorded or about the future.",N/A,rumor
3141,258 plus 521 equals 779.,Verified,258+521=779,Computed,arithmetic
3142,The next major earthquake in Saudi Arabia will occur in the month of May 2029.,Unverified,"No verifiable source exists; claim is speculative, private, unrecorded or about the future.",N/A,future-prediction
3143,4 degrees Celsius equals 39.2 degrees Fahrenheit.,Verified,F=C*9/5+32=39.2,SI / standard conversion,units
3144,The mayor of Bern privately decided in 2006 to rename a bridge after a childhood friend.,Unverified,"No verifiable source exists; claim is speculative, private, unrecorded or about the future.",N/A,unrecorded-detail
3145,60 multiplied by 61 equals 3660.,Verified,60*61=3660,Computed,arithmetic
3146,103 plus 679 equals 782.,Verified,103+679=782,Computed,arithmetic
3147,57 multiplied by 36 equals 2052.,Verified,57*36=2052,Computed,arithmetic
3148,48 multiplied by 15 equals 720.,Verified,48*15=720,Computed,arithmetic
3149,92 degrees Celsius equals 197.6 degrees Fahrenheit.,Verified,F=C*9/5+32=197.6,SI / standard conversion,units
3150,The stock price of a randomly chosen company will rise exactly 25% next year.,Unverified,"No verifiable source exists; claim is speculative, private, unrecorded or about the future.",N/A,future-prediction
3151,The square root of 625 is 27.,Contradicted,Correct fact: 25^2=625,Computed,mathematics
3152,698 plus 213 equals 911.,Verified,698+213=911,Computed,arithmetic
3153,Ancient traders from France secretly reached the Americas around the year 1024.,Unverified,"No verifiable source exists; claim is speculative, private, unrecorded or about the future.",N/A,speculation
3154,The Odyssey was written by Charles Dickens.,Contradicted,Correct fact: The Odyssey -> Homer,Library of Congress catalogue,literature
3155,10 hours equal 1000 minutes.,Contradicted,Correct fact: 1 h = 60 min,SI definition,units
3156,The next major earthquake in Belgium will occur in the month of August 2046.,Unverified,"No verifiable source exists; claim is speculative, private, unrecorded or about the future.",N/A,future-prediction
3157,An undiscovered manuscript in a library in Astana contains an unknown play by Charlotte Bronte.,Unverified,"No verifiable source exists; claim is speculative, private, unrecorded or about the future.",N/A,speculation
3158,Beijing is the capital city of China.,Verified,Capital of China = Beijing,CIA World Factbook / UN,geography
3159,"Exactly 88,211 people walked through a street market in Riyadh on 5 April 1965.",Unverified,"No verifiable source exists; claim is speculative, private, unrecorded or about the future.",N/A,unrecorded-detail
3160,Hamlet was written by Paulo Coelho.,Contradicted,Correct fact: Hamlet -> William Shakespeare,Library of Congress catalogue,literature
3161,34 degrees Celsius equals 102.2 degrees Fahrenheit.,Contradicted,Correct fact: F=C*9/5+32=93.2,SI / standard conversion,units
3162,"People in Colombo are, on average, 3 percent happier on Tuesdays than on Wednesdays.",Unverified,"No verifiable source exists; claim is speculative, private, unrecorded or about the future.",N/A,unsourced-claim
3163,37 multiplied by 94 equals 3479.,Contradicted,Correct fact: 37*94=3478,Computed,arithmetic
3164,The mayor of Phnom Penh privately decided in 1962 to rename a bridge after a childhood friend.,Unverified,"No verifiable source exists; claim is speculative, private, unrecorded or about the future.",N/A,unrecorded-detail
3165,"By 2111, the population of Japan will exceed 600 million.",Unverified,"No verifiable source exists; claim is speculative, private, unrecorded or about the future.",N/A,future-prediction
3166,34 multiplied by 72 equals 2458.,Contradicted,Correct fact: 34*72=2448,Computed,arithmetic
3167,Dr. Priya Nair published a study in the Regional Review of Unlisted Science in 1992 proving a cure for the common cold.,Unverified,"No verifiable source exists; claim is speculative, private, unrecorded or about the future.",N/A,unsourced-claim
3168,740 plus 878 equals 1620.,Contradicted,Correct fact: 740+878=1618,Computed,arithmetic
3169,912 plus 327 equals 1240.,Contradicted,Correct fact: 912+327=1239,Computed,arithmetic
3170,The atomic number of Platinum is 85.,Contradicted,Correct fact: Platinum: Z=78,IUPAC Periodic Table,chemistry
3171,76 multiplied by 67 equals 5112.,Contradicted,Correct fact: 76*67=5092,Computed,arithmetic
3172,991 plus 587 equals 1578.,Verified,991+587=1578,Computed,arithmetic
3173,94 multiplied by 83 equals 7803.,Contradicted,Correct fact: 94*83=7802,Computed,arithmetic
3174,An undiscovered manuscript in a library in Paris contains an unknown play by Rabindranath Tagore.,Unverified,"No verifiable source exists; claim is speculative, private, unrecorded or about the future.",N/A,speculation
3175,The mayor of Dublin privately decided in 1965 to rename a bridge after a childhood friend.,Unverified,"No verifiable source exists; claim is speculative, private, unrecorded or about the future.",N/A,unrecorded-detail
3176,The square root of 2209 is 47.,Verified,47^2=2209,Computed,mathematics
3177,3 degrees Celsius equals 28.4 degrees Fahrenheit.,Contradicted,Correct fact: F=C*9/5+32=37.4,SI / standard conversion,units
3178,85 multiplied by 99 equals 8415.,Verified,85*99=8415,Computed,arithmetic
3179,898 plus 164 equals 1062.,Verified,898+164=1062,Computed,arithmetic
3180,377 is a prime number.,Contradicted,Correct fact: 377 divisible by 13,Computed,mathematics
3181,A tiger sighted near Beijing in 1926 weighed exactly 176 kg.,Unverified,"No verifiable source exists; claim is speculative, private, unrecorded or about the future.",N/A,unrecorded-detail
3182,44 degrees Celsius equals 111.2 degrees Fahrenheit.,Verified,F=C*9/5+32=111.2,SI / standard conversion,units
3183,"347 kilometres equals 347,000 metres.",Verified,1 km = 1000 m,SI definition,units
3184,"People in Vientiane are, on average, 6 percent happier on Tuesdays than on Wednesdays.",Unverified,"No verifiable source exists; claim is speculative, private, unrecorded or about the future.",N/A,unsourced-claim
3185,Dr. Lakshmi Iyer published a study in the Journal of Applied Obscure Studies in 2011 proving a cure for the common cold.,Unverified,"No verifiable source exists; claim is speculative, private, unrecorded or about the future.",N/A,unsourced-claim
3186,467 plus 380 equals 847.,Verified,467+380=847,Computed,arithmetic
3187,204 is a prime number.,Contradicted,Correct fact: 204 divisible by 2,Computed,mathematics
3188,The stock price of a randomly chosen company will rise exactly 31% next year.,Unverified,"No verifiable source exists; claim is speculative, private, unrecorded or about the future.",N/A,future-prediction
3189,293 is a prime number.,Verified,293 is prime,Computed,mathematics
3190,The next major earthquake in Nigeria will occur in the month of February 2039.,Unverified,"No verifiable source exists; claim is speculative, private, unrecorded or about the future.",N/A,future-prediction
3191,772 plus 560 equals 1432.,Contradicted,Correct fact: 772+560=1332,Computed,arithmetic
3192,932 plus 742 equals 1675.,Contradicted,Correct fact: 932+742=1674,Computed,arithmetic
3193,43 multiplied by 73 equals 3139.,Verified,43*73=3139,Computed,arithmetic
3194,-25 degrees Celsius equals -18 degrees Fahrenheit.,Contradicted,Correct fact: F=C*9/5+32=-13,SI / standard conversion,units
3195,"By 2108, the population of Venezuela will exceed 400 million.",Unverified,"No verifiable source exists; claim is speculative, private, unrecorded or about the future.",N/A,future-prediction
3196,31 multiplied by 17 equals 517.,Contradicted,Correct fact: 31*17=527,Computed,arithmetic
3197,Rohan Mehta ate dal and rice for lunch on 25 March 2014.,Unverified,"No verifiable source exists; claim is speculative, private, unrecorded or about the future.",N/A,personal-private
3198,"140 kilometres equals 140,000 metres.",Verified,1 km = 1000 m,SI definition,units
3199,"58 kilometres equals 58,000 metres.",Verified,1 km = 1000 m,SI definition,units
3200,An undiscovered manuscript in a library in Warsaw contains an unknown play by Arundhati Roy.,Unverified,"No verifiable source exists; claim is speculative, private, unrecorded or about the future.",N/A,speculation
3201,Rohan Mehta ate paratha for lunch on 11 June 2012.,Unverified,"No verifiable source exists; claim is speculative, private, unrecorded or about the future.",N/A,personal-private
3202,An undiscovered manuscript in a library in Stockholm contains an unknown play by Gustave Flaubert.,Unverified,"No verifiable source exists; claim is speculative, private, unrecorded or about the future.",N/A,speculation
3203,Paris is the capital city of France.,Verified,Capital of France = Paris,CIA World Factbook / UN,geography
3204,562 plus 833 equals 1405.,Contradicted,Correct fact: 562+833=1395,Computed,arithmetic
3205,The chemical symbol for Plutonium is Pu.,Verified,Plutonium: symbol Pu,IUPAC Periodic Table,chemistry
3206,683 plus 89 equals 770.,Contradicted,Correct fact: 683+89=772,Computed,arithmetic
3207,324 plus 852 equals 1276.,Contradicted,Correct fact: 324+852=1176,Computed,arithmetic
3208,The next major earthquake in Poland will occur in the month of May 2032.,Unverified,"No verifiable source exists; claim is speculative, private, unrecorded or about the future.",N/A,future-prediction
3209,"274 kilometres equals 274,000 metres.",Verified,1 km = 1000 m,SI definition,units
3210,"161 kilometres equals 161,000 metres.",Verified,1 km = 1000 m,SI definition,units
3211,Ancient traders from Vietnam secretly reached the Americas around the year 727.,Unverified,"No verifiable source exists; claim is speculative, private, unrecorded or about the future.",N/A,speculation
3212,The stock price of a randomly chosen company will rise exactly 23% next year.,Unverified,"No verifiable source exists; claim is speculative, private, unrecorded or about the future.",N/A,future-prediction
3213,The mayor of Sofia privately decided in 1993 to rename a bridge after a childhood friend.,Unverified,"No verifiable source exists; claim is speculative, private, unrecorded or about the future.",N/A,unrecorded-detail
3214,Ancient traders from Bangladesh secretly reached the Americas around the year 392.,Unverified,"No verifiable source exists; claim is speculative, private, unrecorded or about the future.",N/A,speculation
3215,66 degrees Celsius equals 145.8 degrees Fahrenheit.,Contradicted,Correct fact: F=C*9/5+32=150.8,SI / standard conversion,units
3216,The atomic number of Tungsten is 73.,Contradicted,Correct fact: Tungsten: Z=74,IUPAC Periodic Table,chemistry
3217,69 multiplied by 23 equals 1588.,Contradicted,Correct fact: 69*23=1587,Computed,arithmetic
3218,347 plus 688 equals 1035.,Verified,347+688=1035,Computed,arithmetic
3219,99 multiplied by 60 equals 5940.,Verified,99*60=5940,Computed,arithmetic
3220,"By 2078, the population of Iraq will exceed 400 million.",Unverified,"No verifiable source exists; claim is speculative, private, unrecorded or about the future.",N/A,future-prediction
3221,886 plus 544 equals 1430.,Verified,886+544=1430,Computed,arithmetic
3222,"Exactly 37,562 people walked through a street market in Brasilia on 24 October 1978.",Unverified,"No verifiable source exists; claim is speculative, private, unrecorded or about the future.",N/A,unrecorded-detail
3223,346 plus 777 equals 1124.,Contradicted,Correct fact: 346+777=1123,Computed,arithmetic
3224,550 plus 432 equals 1082.,Contradicted,Correct fact: 550+432=982,Computed,arithmetic
3225,67 multiplied by 53 equals 3551.,Verified,67*53=3551,Computed,arithmetic
3226,622 plus 821 equals 1445.,Contradicted,Correct fact: 622+821=1443,Computed,arithmetic
3227,An undiscovered manuscript in a library in Rabat contains an unknown play by Charles Dickens.,Unverified,"No verifiable source exists; claim is speculative, private, unrecorded or about the future.",N/A,speculation
3228,278 is a composite number.,Verified,278 divisible by 2,Computed,mathematics
3229,"Exactly 68,543 people walked through a street market in Oslo on 12 July 1963.",Unverified,"No verifiable source exists; claim is speculative, private, unrecorded or about the future.",N/A,unrecorded-detail
3230,A tiger sighted near Rome in 1931 weighed exactly 235 kg.,Unverified,"No verifiable source exists; claim is speculative, private, unrecorded or about the future.",N/A,unrecorded-detail
3231,An undiscovered manuscript in a library in Quito contains an unknown play by Rabindranath Tagore.,Unverified,"No verifiable source exists; claim is speculative, private, unrecorded or about the future.",N/A,speculation
3232,24 multiplied by 78 equals 1892.,Contradicted,Correct fact: 24*78=1872,Computed,arithmetic
3233,The next major earthquake in Malaysia will occur in the month of November 2044.,Unverified,"No verifiable source exists; claim is speculative, private, unrecorded or about the future.",N/A,future-prediction
3234,489 plus 112 equals 601.,Verified,489+112=601,Computed,arithmetic
3235,122 plus 514 equals 636.,Verified,122+514=636,Computed,arithmetic
3236,56 plus 337 equals 393.,Verified,56+337=393,Computed,arithmetic
3237,85 multiplied by 98 equals 8330.,Verified,85*98=8330,Computed,arithmetic
3238,934 plus 306 equals 1250.,Contradicted,Correct fact: 934+306=1240,Computed,arithmetic
3239,84 is a prime number.,Contradicted,Correct fact: 84 divisible by 2,Computed,mathematics
3240,64 multiplied by 83 equals 5312.,Verified,64*83=5312,Computed,arithmetic
3241,375 is a prime number.,Contradicted,Correct fact: 375 divisible by 3,Computed,mathematics
3242,12 hours equal 1200 minutes.,Contradicted,Correct fact: 1 h = 60 min,SI definition,units
3243,24 multiplied by 53 equals 1271.,Contradicted,Correct fact: 24*53=1272,Computed,arithmetic
3244,World War I began in 1914.,Verified,World War I began: 1914,Encyclopaedia Britannica,history
3245,Dr. Karan Bhatia published a study in the Journal of Applied Obscure Studies in 2002 proving a cure for the common cold.,Unverified,"No verifiable source exists; claim is speculative, private, unrecorded or about the future.",N/A,unsourced-claim
3246,54 multiplied by 16 equals 864.,Verified,54*16=864,Computed,arithmetic
3247,An undiscovered manuscript in a library in Prague contains an unknown play by Fyodor Dostoevsky.,Unverified,"No verifiable source exists; claim is speculative, private, unrecorded or about the future.",N/A,speculation
3248,78 multiplied by 85 equals 6650.,Contradicted,Correct fact: 78*85=6630,Computed,arithmetic
3249,The atomic number of Mercury is 85.,Contradicted,Correct fact: Mercury: Z=80,IUPAC Periodic Table,chemistry
3250,81 multiplied by 60 equals 4840.,Contradicted,Correct fact: 81*60=4860,Computed,arithmetic
3251,575 plus 567 equals 1141.,Contradicted,Correct fact: 575+567=1142,Computed,arithmetic
3252,Vikram Sethi ate rajma chawal for lunch on 1 March 2010.,Unverified,"No verifiable source exists; claim is speculative, private, unrecorded or about the future.",N/A,personal-private
3253,42 degrees Celsius equals 102.6 degrees Fahrenheit.,Contradicted,Correct fact: F=C*9/5+32=107.6,SI / standard conversion,units
3254,522 plus 967 equals 1499.,Contradicted,Correct fact: 522+967=1489,Computed,arithmetic
3255,17 hours equal 1020 minutes.,Verified,1 h = 60 min,SI definition,units
3256,90 multiplied by 73 equals 6590.,Contradicted,Correct fact: 90*73=6570,Computed,arithmetic
3257,The atomic number of Zinc is 30.,Verified,Zinc: Z=30,IUPAC Periodic Table,chemistry
3258,27 multiplied by 43 equals 1162.,Contradicted,Correct fact: 27*43=1161,Computed,arithmetic
3259,Ancient traders from Argentina secretly reached the Americas around the year 335.,Unverified,"No verifiable source exists; claim is speculative, private, unrecorded or about the future.",N/A,speculation
3260,56 multiplied by 88 equals 4948.,Contradicted,Correct fact: 56*88=4928,Computed,arithmetic
3261,801 plus 651 equals 1452.,Verified,801+651=1452,Computed,arithmetic
3262,161 is a prime number.,Contradicted,Correct fact: 161 divisible by 7,Computed,mathematics
3263,-20 degrees Celsius equals -4 degrees Fahrenheit.,Verified,F=C*9/5+32=-4,SI / standard conversion,units
3264,"208 kilometres equals 208,000 metres.",Verified,1 km = 1000 m,SI definition,units
3265,45 multiplied by 31 equals 1394.,Contradicted,Correct fact: 45*31=1395,Computed,arithmetic
3266,"By 2127, the population of Colombia will exceed 300 million.",Unverified,"No verifiable source exists; claim is speculative, private, unrecorded or about the future.",N/A,future-prediction
3267,603 plus 145 equals 748.,Verified,603+145=748,Computed,arithmetic
3268,"107 kilometres equals 107,000 metres.",Verified,1 km = 1000 m,SI definition,units
3269,Gustave Flaubert is the author of Madame Bovary.,Verified,Madame Bovary -> Gustave Flaubert,Library of Congress catalogue,literature
3270,167 is a prime number.,Verified,167 is prime,Computed,mathematics
3271,"345 kilometres equals 345,000 metres.",Verified,1 km = 1000 m,SI definition,units
3272,139 plus 830 equals 968.,Contradicted,Correct fact: 139+830=969,Computed,arithmetic
3273,121 plus 962 equals 1083.,Verified,121+962=1083,Computed,arithmetic
3274,The next major earthquake in Switzerland will occur in the month of August 2050.,Unverified,"No verifiable source exists; claim is speculative, private, unrecorded or about the future.",N/A,future-prediction
3275,Ancient traders from Chile secretly reached the Americas around the year 879.,Unverified,"No verifiable source exists; claim is speculative, private, unrecorded or about the future.",N/A,speculation
3276,58 multiplied by 83 equals 4834.,Contradicted,Correct fact: 58*83=4814,Computed,arithmetic
3277,484 plus 981 equals 1455.,Contradicted,Correct fact: 484+981=1465,Computed,arithmetic
3278,The grandmother of Deepa Menon once met a famous scientist in Kyiv in 1935.,Unverified,"No verifiable source exists; claim is speculative, private, unrecorded or about the future.",N/A,personal-private
3279,17 degrees Celsius equals 62.6 degrees Fahrenheit.,Verified,F=C*9/5+32=62.6,SI / standard conversion,units
3280,The next major earthquake in Croatia will occur in the month of August 2042.,Unverified,"No verifiable source exists; claim is speculative, private, unrecorded or about the future.",N/A,future-prediction
3281,19 is a prime number.,Verified,19 is prime,Computed,mathematics
3282,"Exactly 91,214 people walked through a street market in Athens on 28 July 1990.",Unverified,"No verifiable source exists; claim is speculative, private, unrecorded or about the future.",N/A,unrecorded-detail
3283,A tiger sighted near Bern in 1927 weighed exactly 207 kg.,Unverified,"No verifiable source exists; claim is speculative, private, unrecorded or about the future.",N/A,unrecorded-detail
3284,The square root of 1681 is 43.,Contradicted,Correct fact: 41^2=1681,Computed,mathematics
3285,87 multiplied by 88 equals 7656.,Verified,87*88=7656,Computed,arithmetic
3286,The atomic number of Bromine is 35.,Verified,Bromine: Z=35,IUPAC Periodic Table,chemistry
3287,49 multiplied by 38 equals 1872.,Contradicted,Correct fact: 49*38=1862,Computed,arithmetic
3288,The square root of 841 is 29.,Verified,29^2=841,Computed,mathematics
3289,The square root of 529 is 26.,Contradicted,Correct fact: 23^2=529,Computed,mathematics
3290,The square root of 1024 is 32.,Verified,32^2=1024,Computed,mathematics
3291,"People in Hanoi are, on average, 2 percent happier on Tuesdays than on Wednesdays.",Unverified,"No verifiable source exists; claim is speculative, private, unrecorded or about the future.",N/A,unsourced-claim
3292,Arjun Reddy ate poha for lunch on 18 June 2015.,Unverified,"No verifiable source exists; claim is speculative, private, unrecorded or about the future.",N/A,personal-private
3293,241 is a composite number.,Contradicted,Correct fact: 241 is prime,Computed,mathematics
3294,"77 kilometres equals 77,000 metres.",Verified,1 km = 1000 m,SI definition,units
3295,334 is a composite number.,Verified,334 divisible by 2,Computed,mathematics
3296,"230 kilometres equals 230,000 metres.",Verified,1 km = 1000 m,SI definition,units
3297,90 multiplied by 44 equals 3960.,Verified,90*44=3960,Computed,arithmetic
3298,964 plus 39 equals 1003.,Verified,964+39=1003,Computed,arithmetic
3299,76 is a prime number.,Contradicted,Correct fact: 76 divisible by 2,Computed,mathematics
3300,268 plus 38 equals 306.,Verified,268+38=306,Computed,arithmetic
3301,55 is a prime number.,Contradicted,Correct fact: 55 divisible by 5,Computed,mathematics
3302,The capital of Switzerland is Pretoria.,Contradicted,Correct fact: Capital of Switzerland = Bern,CIA World Factbook / UN,geography
3303,39 multiplied by 78 equals 3042.,Verified,39*78=3042,Computed,arithmetic
3304,Vikram Sethi ate a cheese sandwich for lunch on 25 September 2012.,Unverified,"No verifiable source exists; claim is speculative, private, unrecorded or about the future.",N/A,personal-private
3305,An undiscovered manuscript in a library in Caracas contains an unknown play by Homer.,Unverified,"No verifiable source exists; claim is speculative, private, unrecorded or about the future.",N/A,speculation
3306,156 plus 950 equals 1106.,Verified,156+950=1106,Computed,arithmetic
3307,The human heart has Mysuru.,Contradicted,Correct fact: The human heart has four chambers,Standard reference texts,general knowledge
3308,The next major earthquake in Laos will occur in the month of May 2035.,Unverified,"No verifiable source exists; claim is speculative, private, unrecorded or about the future.",N/A,future-prediction
3309,"Exactly 81,511 people walked through a street market in Warsaw on 16 April 1985.",Unverified,"No verifiable source exists; claim is speculative, private, unrecorded or about the future.",N/A,unrecorded-detail
3310,893 plus 52 equals 945.,Verified,893+52=945,Computed,arithmetic
3311,64 is a prime number.,Contradicted,Correct fact: 64 divisible by 2,Computed,mathematics
3312,246 is a composite number.,Verified,246 divisible by 2,Computed,mathematics
3313,The next major earthquake in Sri Lanka will occur in the month of November 2038.,Unverified,"No verifiable source exists; claim is speculative, private, unrecorded or about the future.",N/A,future-prediction
3314,21 plus 481 equals 504.,Contradicted,Correct fact: 21+481=502,Computed,arithmetic
3315,692 plus 696 equals 1378.,Contradicted,Correct fact: 692+696=1388,Computed,arithmetic
3316,86 degrees Celsius equals 186.8 degrees Fahrenheit.,Verified,F=C*9/5+32=186.8,SI / standard conversion,units
3317,32 multiplied by 45 equals 1440.,Verified,32*45=1440,Computed,arithmetic
3318,The next major earthquake in Romania will occur in the month of February 2045.,Unverified,"No verifiable source exists; claim is speculative, private, unrecorded or about the future.",N/A,future-prediction
3319,107 plus 673 equals 790.,Contradicted,Correct fact: 107+673=780,Computed,arithmetic
3320,An undiscovered manuscript in a library in Ottawa contains an unknown play by Dante Alighieri.,Unverified,"No verifiable source exists; claim is speculative, private, unrecorded or about the future.",N/A,speculation
3321,The grandmother of Imran Qureshi once met a famous scientist in Caracas in 1971.,Unverified,"No verifiable source exists; claim is speculative, private, unrecorded or about the future.",N/A,personal-private
3322,The next major earthquake in Algeria will occur in the month of November 2052.,Unverified,"No verifiable source exists; claim is speculative, private, unrecorded or about the future.",N/A,future-prediction
3323,55 multiplied by 57 equals 3135.,Verified,55*57=3135,Computed,arithmetic
3324,The stock price of a randomly chosen company will rise exactly 37% next year.,Unverified,"No verifiable source exists; claim is speculative, private, unrecorded or about the future.",N/A,future-prediction
3325,Canberra is the capital city of Australia.,Verified,Capital of Australia = Canberra,CIA World Factbook / UN,geography
3326,11 hours equal 660 minutes.,Verified,1 h = 60 min,SI definition,units
3327,-27 degrees Celsius equals -7.6 degrees Fahrenheit.,Contradicted,Correct fact: F=C*9/5+32=-16.6,SI / standard conversion,units
3328,418 plus 949 equals 1367.,Verified,418+949=1367,Computed,arithmetic
3329,315 is a composite number.,Verified,315 divisible by 3,Computed,mathematics
3330,There is a species of beetle living only in a single cave near Bucharest that has never been catalogued.,Unverified,"No verifiable source exists; claim is speculative, private, unrecorded or about the future.",N/A,speculation
3331,355 plus 822 equals 1177.,Verified,355+822=1177,Computed,arithmetic
3332,402 plus 407 equals 819.,Contradicted,Correct fact: 402+407=809,Computed,arithmetic
3333,68 degrees Celsius equals 163.4 degrees Fahrenheit.,Contradicted,Correct fact: F=C*9/5+32=154.4,SI / standard conversion,units
3334,42 hours equal 4200 minutes.,Contradicted,Correct fact: 1 h = 60 min,SI definition,units
3335,Ancient traders from Sweden secretly reached the Americas around the year 400.,Unverified,"No verifiable source exists; claim is speculative, private, unrecorded or about the future.",N/A,speculation
3336,The grandmother of Harish Gupta once met a famous scientist in Dodoma in 1973.,Unverified,"No verifiable source exists; claim is speculative, private, unrecorded or about the future.",N/A,personal-private
3337,175 plus 987 equals 1152.,Contradicted,Correct fact: 175+987=1162,Computed,arithmetic
3338,311 plus 308 equals 621.,Contradicted,Correct fact: 311+308=619,Computed,arithmetic
3339,76 plus 826 equals 904.,Contradicted,Correct fact: 76+826=902,Computed,arithmetic
3340,152 plus 655 equals 807.,Verified,152+655=807,Computed,arithmetic
3341,The next major earthquake in Serbia will occur in the month of February 2057.,Unverified,"No verifiable source exists; claim is speculative, private, unrecorded or about the future.",N/A,future-prediction
3342,Ancient traders from Sri Lanka secretly reached the Americas around the year 920.,Unverified,"No verifiable source exists; claim is speculative, private, unrecorded or about the future.",N/A,speculation
3343,40 multiplied by 46 equals 1840.,Verified,40*46=1840,Computed,arithmetic
3344,The mayor of Naypyidaw privately decided in 1978 to rename a bridge after a childhood friend.,Unverified,"No verifiable source exists; claim is speculative, private, unrecorded or about the future.",N/A,unrecorded-detail
3345,The next major earthquake in Switzerland will occur in the month of May 2042.,Unverified,"No verifiable source exists; claim is speculative, private, unrecorded or about the future.",N/A,future-prediction
3346,A secret tunnel reportedly connects the main railway station of Reykjavik to a hidden vault.,Unverified,"No verifiable source exists; claim is speculative, private, unrecorded or about the future.",N/A,rumor
3347,529 plus 480 equals 1007.,Contradicted,Correct fact: 529+480=1009,Computed,arithmetic
3348,107 plus 526 equals 633.,Verified,107+526=633,Computed,arithmetic
3349,456 plus 365 equals 831.,Contradicted,Correct fact: 456+365=821,Computed,arithmetic
3350,Dr. Rohan Mehta published a study in the Proceedings of the Local Research Circle in 2011 proving a cure for the common cold.,Unverified,"No verifiable source exists; claim is speculative, private, unrecorded or about the future.",N/A,unsourced-claim
3351,37 multiplied by 83 equals 3081.,Contradicted,Correct fact: 37*83=3071,Computed,arithmetic
3352,The square root of 2704 is 52.,Verified,52^2=2704,Computed,mathematics
3353,518 plus 623 equals 1241.,Contradicted,Correct fact: 518+623=1141,Computed,arithmetic
3354,The mayor of Kyiv privately decided in 2008 to rename a bridge after a childhood friend.,Unverified,"No verifiable source exists; claim is speculative, private, unrecorded or about the future.",N/A,unrecorded-detail
3355,The atomic number of Boron is 6.,Contradicted,Correct fact: Boron: Z=5,IUPAC Periodic Table,chemistry
3356,139 plus 749 equals 888.,Verified,139+749=888,Computed,arithmetic
3357,Madrid is the capital city of Spain.,Verified,Capital of Spain = Madrid,CIA World Factbook / UN,geography
3358,232 plus 609 equals 840.,Contradicted,Correct fact: 232+609=841,Computed,arithmetic
3359,232 plus 452 equals 685.,Contradicted,Correct fact: 232+452=684,Computed,arithmetic
3360,376 plus 578 equals 955.,Contradicted,Correct fact: 376+578=954,Computed,arithmetic
3361,The currency of India is the kidney.,Contradicted,Correct fact: The currency of India is the rupee,Standard reference texts,general knowledge
3362,The grandmother of Rohan Mehta once met a famous scientist in Oslo in 1953.,Unverified,"No verifiable source exists; claim is speculative, private, unrecorded or about the future.",N/A,personal-private
3363,69 multiplied by 17 equals 1173.,Verified,69*17=1173,Computed,arithmetic
3364,Lakshmi Iyer ate poha for lunch on 22 March 1992.,Unverified,"No verifiable source exists; claim is speculative, private, unrecorded or about the future.",N/A,personal-private
3365,A secret tunnel reportedly connects the main railway station of Bucharest to a hidden vault.,Unverified,"No verifiable source exists; claim is speculative, private, unrecorded or about the future.",N/A,rumor
3366,219 plus 598 equals 819.,Contradicted,Correct fact: 219+598=817,Computed,arithmetic
3367,99 multiplied by 65 equals 6425.,Contradicted,Correct fact: 99*65=6435,Computed,arithmetic
3368,"People in Kathmandu are, on average, 6 percent happier on Tuesdays than on Wednesdays.",Unverified,"No verifiable source exists; claim is speculative, private, unrecorded or about the future.",N/A,unsourced-claim
3369,An undiscovered manuscript in a library in Caracas contains an unknown play by Emily Bronte.,Unverified,"No verifiable source exists; claim is speculative, private, unrecorded or about the future.",N/A,speculation
3370,27 degrees Celsius equals 80.6 degrees Fahrenheit.,Verified,F=C*9/5+32=80.6,SI / standard conversion,units
3371,Vikram Sethi ate poha for lunch on 19 March 2019.,Unverified,"No verifiable source exists; claim is speculative, private, unrecorded or about the future.",N/A,personal-private
3372,Ancient traders from Ecuador secretly reached the Americas around the year 479.,Unverified,"No verifiable source exists; claim is speculative, private, unrecorded or about the future.",N/A,speculation
3373,25 multiplied by 84 equals 2100.,Verified,25*84=2100,Computed,arithmetic
3374,310 plus 435 equals 745.,Verified,310+435=745,Computed,arithmetic
3375,227 plus 710 equals 937.,Verified,227+710=937,Computed,arithmetic
3376,697 plus 109 equals 806.,Verified,697+109=806,Computed,arithmetic
3377,291 plus 232 equals 523.,Verified,291+232=523,Computed,arithmetic
3378,The mayor of Manila privately decided in 2014 to rename a bridge after a childhood friend.,Unverified,"No verifiable source exists; claim is speculative, private, unrecorded or about the future.",N/A,unrecorded-detail
3379,99 multiplied by 75 equals 7425.,Verified,99*75=7425,Computed,arithmetic
3380,Lakshmi Iyer ate idli and sambar for lunch on 21 September 2009.,Unverified,"No verifiable source exists; claim is speculative, private, unrecorded or about the future.",N/A,personal-private
3381,165 plus 573 equals 748.,Contradicted,Correct fact: 165+573=738,Computed,arithmetic
3382,246 plus 404 equals 640.,Contradicted,Correct fact: 246+404=650,Computed,arithmetic
3383,437 plus 507 equals 945.,Contradicted,Correct fact: 437+507=944,Computed,arithmetic
3384,71 multiplied by 76 equals 5396.,Verified,71*76=5396,Computed,arithmetic
3385,897 plus 178 equals 1075.,Verified,897+178=1075,Computed,arithmetic
3386,"475 kilometres equals 475,000 metres.",Verified,1 km = 1000 m,SI definition,units
3387,The square root of 196 is 14.,Verified,14^2=196,Computed,mathematics
3388,388 plus 129 equals 517.,Verified,388+129=517,Computed,arithmetic
3389,"Exactly 67,368 people walked through a street market in Moscow on 20 July 1984.",Unverified,"No verifiable source exists; claim is speculative, private, unrecorded or about the future.",N/A,unrecorded-detail
3390,"By 2077, the population of Thailand will exceed 600 million.",Unverified,"No verifiable source exists; claim is speculative, private, unrecorded or about the future.",N/A,future-prediction
3391,85 multiplied by 36 equals 3059.,Contradicted,Correct fact: 85*36=3060,Computed,arithmetic
3392,248 is a composite number.,Verified,248 divisible by 2,Computed,mathematics
3393,93 multiplied by 86 equals 8008.,Contradicted,Correct fact: 93*86=7998,Computed,arithmetic
3394,652 plus 228 equals 879.,Contradicted,Correct fact: 652+228=880,Computed,arithmetic
3395,70 multiplied by 96 equals 6730.,Contradicted,Correct fact: 70*96=6720,Computed,arithmetic
3396,The mayor of Madrid privately decided in 1987 to rename a bridge after a childhood friend.,Unverified,"No verifiable source exists; claim is speculative, private, unrecorded or about the future.",N/A,unrecorded-detail
3397,The capital of Mongolia is Ulaanbaatar.,Verified,Capital of Mongolia = Ulaanbaatar,CIA World Factbook / UN,geography
3398,76 plus 183 equals 259.,Verified,76+183=259,Computed,arithmetic
3399,41 hours equal 4100 minutes.,Contradicted,Correct fact: 1 h = 60 min,SI definition,units
3400,10 degrees Celsius equals 50 degrees Fahrenheit.,Verified,F=C*9/5+32=50,SI / standard conversion,units
3401,793 plus 786 equals 1579.,Verified,793+786=1579,Computed,arithmetic
3402,18 degrees Celsius equals 73.4 degrees Fahrenheit.,Contradicted,Correct fact: F=C*9/5+32=64.4,SI / standard conversion,units
3403,"People in Bogota are, on average, 9 percent happier on Tuesdays than on Wednesdays.",Unverified,"No verifiable source exists; claim is speculative, private, unrecorded or about the future.",N/A,unsourced-claim
3404,92 multiplied by 63 equals 5797.,Contradicted,Correct fact: 92*63=5796,Computed,arithmetic
3405,963 plus 331 equals 1294.,Verified,963+331=1294,Computed,arithmetic
3406,39 multiplied by 60 equals 2350.,Contradicted,Correct fact: 39*60=2340,Computed,arithmetic
3407,The atomic number of Lead is 84.,Contradicted,Correct fact: Lead: Z=82,IUPAC Periodic Table,chemistry
3408,93 multiplied by 27 equals 2531.,Contradicted,Correct fact: 93*27=2511,Computed,arithmetic
3409,"Exactly 36,169 people walked through a street market in Nairobi on 6 October 1979.",Unverified,"No verifiable source exists; claim is speculative, private, unrecorded or about the future.",N/A,unrecorded-detail
3410,A secret tunnel reportedly connects the main railway station of Sucre to a hidden vault.,Unverified,"No verifiable source exists; claim is speculative, private, unrecorded or about the future.",N/A,rumor
3411,Sanjay Rao ate dal and rice for lunch on 3 June 2003.,Unverified,"No verifiable source exists; claim is speculative, private, unrecorded or about the future.",N/A,personal-private
3412,706 plus 407 equals 1113.,Verified,706+407=1113,Computed,arithmetic
3413,396 plus 474 equals 870.,Verified,396+474=870,Computed,arithmetic
3414,665 plus 272 equals 937.,Verified,665+272=937,Computed,arithmetic
3415,A tiger sighted near Tehran in 1914 weighed exactly 220 kg.,Unverified,"No verifiable source exists; claim is speculative, private, unrecorded or about the future.",N/A,unrecorded-detail
3416,"27 kilometres equals 27,000 metres.",Verified,1 km = 1000 m,SI definition,units
3417,26 multiplied by 41 equals 1066.,Verified,26*41=1066,Computed,arithmetic
3418,"By 2110, the population of New Zealand will exceed 100 million.",Unverified,"No verifiable source exists; claim is speculative, private, unrecorded or about the future.",N/A,future-prediction
3419,The square root of 2601 is 52.,Contradicted,Correct fact: 51^2=2601,Computed,mathematics
3420,"People in Hanoi are, on average, 4 percent happier on Tuesdays than on Wednesdays.",Unverified,"No verifiable source exists; claim is speculative, private, unrecorded or about the future.",N/A,unsourced-claim
3421,The mayor of Montevideo privately decided in 1974 to rename a bridge after a childhood friend.,Unverified,"No verifiable source exists; claim is speculative, private, unrecorded or about the future.",N/A,unrecorded-detail
3422,An undiscovered manuscript in a library in Ulaanbaatar contains an unknown play by Franz Kafka.,Unverified,"No verifiable source exists; claim is speculative, private, unrecorded or about the future.",N/A,speculation
3423,275 is a composite number.,Verified,275 divisible by 5,Computed,mathematics
3424,32 multiplied by 86 equals 2751.,Contradicted,Correct fact: 32*86=2752,Computed,arithmetic
3425,The square root of 144 is 9.,Contradicted,Correct fact: 12^2=144,Computed,mathematics
3426,Lithium has 1 protons in a neutral atom's nucleus.,Contradicted,Correct fact: Lithium: Z=3,IUPAC Periodic Table,chemistry
3427,Ernest Hemingway is the author of The Old Man and the Sea.,Verified,The Old Man and the Sea -> Ernest Hemingway,Library of Congress catalogue,literature
3428,37 multiplied by 47 equals 1738.,Contradicted,Correct fact: 37*47=1739,Computed,arithmetic
3429,101 plus 461 equals 562.,Verified,101+461=562,Computed,arithmetic
3430,65 multiplied by 33 equals 2145.,Verified,65*33=2145,Computed,arithmetic
3431,Fatima Khan ate idli and sambar for lunch on 21 June 2003.,Unverified,"No verifiable source exists; claim is speculative, private, unrecorded or about the future.",N/A,personal-private
3432,36 multiplied by 16 equals 576.,Verified,36*16=576,Computed,arithmetic
3433,255 is a prime number.,Contradicted,Correct fact: 255 divisible by 3,Computed,mathematics
3434,58 multiplied by 19 equals 1102.,Verified,58*19=1102,Computed,arithmetic
3435,601 plus 211 equals 812.,Verified,601+211=812,Computed,arithmetic
3436,786 plus 999 equals 1785.,Verified,786+999=1785,Computed,arithmetic
3437,The mayor of Hanoi privately decided in 1965 to rename a bridge after a childhood friend.,Unverified,"No verifiable source exists; claim is speculative, private, unrecorded or about the future.",N/A,unrecorded-detail
3438,199 is a composite number.,Contradicted,Correct fact: 199 is prime,Computed,mathematics
3439,"People in Kabul are, on average, 5 percent happier on Tuesdays than on Wednesdays.",Unverified,"No verifiable source exists; claim is speculative, private, unrecorded or about the future.",N/A,unsourced-claim
3440,98 multiplied by 50 equals 4899.,Contradicted,Correct fact: 98*50=4900,Computed,arithmetic
3441,The mayor of Ottawa privately decided in 2009 to rename a bridge after a childhood friend.,Unverified,"No verifiable source exists; claim is speculative, private, unrecorded or about the future.",N/A,unrecorded-detail
3442,69 is a composite number.,Verified,69 divisible by 3,Computed,mathematics
3443,80 plus 105 equals 185.,Verified,80+105=185,Computed,arithmetic
3444,The square root of 169 is 11.,Contradicted,Correct fact: 13^2=169,Computed,mathematics
3445,44 multiplied by 37 equals 1628.,Verified,44*37=1628,Computed,arithmetic
3446,642 plus 770 equals 1412.,Verified,642+770=1412,Computed,arithmetic
3447,472 plus 983 equals 1455.,Verified,472+983=1455,Computed,arithmetic
3448,The Great Gatsby was written by F. Scott Fitzgerald.,Verified,The Great Gatsby -> F. Scott Fitzgerald,Library of Congress catalogue,literature
3449,The capital of Iraq is Islamabad.,Contradicted,Correct fact: Capital of Iraq = Baghdad,CIA World Factbook / UN,geography
3450,58 plus 588 equals 646.,Verified,58+588=646,Computed,arithmetic
3451,270 plus 975 equals 1345.,Contradicted,Correct fact: 270+975=1245,Computed,arithmetic
3452,544 plus 959 equals 1603.,Contradicted,Correct fact: 544+959=1503,Computed,arithmetic
3453,An undiscovered manuscript in a library in Zagreb contains an unknown play by Jane Austen.,Unverified,"No verifiable source exists; claim is speculative, private, unrecorded or about the future.",N/A,speculation
3454,372 plus 731 equals 1104.,Contradicted,Correct fact: 372+731=1103,Computed,arithmetic
3455,The stock price of a randomly chosen company will rise exactly 27% next year.,Unverified,"No verifiable source exists; claim is speculative, private, unrecorded or about the future.",N/A,future-prediction
3456,Havana is the capital city of Cuba.,Verified,Capital of Cuba = Havana,CIA World Factbook / UN,geography
3457,436 plus 360 equals 796.,Verified,436+360=796,Computed,arithmetic
3458,The mayor of Montevideo privately decided in 1999 to rename a bridge after a childhood friend.,Unverified,"No verifiable source exists; claim is speculative, private, unrecorded or about the future.",N/A,unrecorded-detail
3459,725 plus 243 equals 967.,Contradicted,Correct fact: 725+243=968,Computed,arithmetic
3460,The next major earthquake in Cambodia will occur in the month of February 2040.,Unverified,"No verifiable source exists; claim is speculative, private, unrecorded or about the future.",N/A,future-prediction
3461,"38 kilometres equals 38,000 metres.",Verified,1 km = 1000 m,SI definition,units
3462,19 multiplied by 19 equals 361.,Verified,19*19=361,Computed,arithmetic
3463,The mayor of Brussels privately decided in 1967 to rename a bridge after a childhood friend.,Unverified,"No verifiable source exists; claim is speculative, private, unrecorded or about the future.",N/A,unrecorded-detail
3464,83 multiplied by 67 equals 5561.,Verified,83*67=5561,Computed,arithmetic
3465,334 plus 270 equals 603.,Contradicted,Correct fact: 334+270=604,Computed,arithmetic
3466,There is a species of beetle living only in a single cave near Ottawa that has never been catalogued.,Unverified,"No verifiable source exists; claim is speculative, private, unrecorded or about the future.",N/A,speculation
3467,31 multiplied by 23 equals 723.,Contradicted,Correct fact: 31*23=713,Computed,arithmetic
3468,The next major earthquake in Uganda will occur in the month of February 2043.,Unverified,"No verifiable source exists; claim is speculative, private, unrecorded or about the future.",N/A,future-prediction
3469,215 is a composite number.,Verified,215 divisible by 5,Computed,mathematics
3470,"People in Prague are, on average, 6 percent happier on Tuesdays than on Wednesdays.",Unverified,"No verifiable source exists; claim is speculative, private, unrecorded or about the future.",N/A,unsourced-claim
3471,14 multiplied by 17 equals 238.,Verified,14*17=238,Computed,arithmetic
3472,464 plus 576 equals 1050.,Contradicted,Correct fact: 464+576=1040,Computed,arithmetic
3473,"By 2070, the population of Myanmar will exceed 900 million.",Unverified,"No verifiable source exists; claim is speculative, private, unrecorded or about the future.",N/A,future-prediction
3474,"Exactly 51,997 people walked through a street market in Oslo on 19 April 1975.",Unverified,"No verifiable source exists; claim is speculative, private, unrecorded or about the future.",N/A,unrecorded-detail
3475,"By 2118, the population of Afghanistan will exceed 400 million.",Unverified,"No verifiable source exists; claim is speculative, private, unrecorded or about the future.",N/A,future-prediction
3476,182 plus 513 equals 695.,Verified,182+513=695,Computed,arithmetic
3477,81 multiplied by 78 equals 6318.,Verified,81*78=6318,Computed,arithmetic
3478,12 plus 323 equals 335.,Verified,12+323=335,Computed,arithmetic
3479,"481 kilometres equals 481,000 metres.",Verified,1 km = 1000 m,SI definition,units
3480,"Exactly 14,119 people walked through a street market in Colombo on 17 April 1986.",Unverified,"No verifiable source exists; claim is speculative, private, unrecorded or about the future.",N/A,unrecorded-detail
3481,201 is a composite number.,Verified,201 divisible by 3,Computed,mathematics
3482,66 multiplied by 73 equals 4818.,Verified,66*73=4818,Computed,arithmetic
3483,148 is a prime number.,Contradicted,Correct fact: 148 divisible by 2,Computed,mathematics
3484,41 hours equal 2460 minutes.,Verified,1 h = 60 min,SI definition,units
3485,There is a species of beetle living only in a single cave near Oslo that has never been catalogued.,Unverified,"No verifiable source exists; claim is speculative, private, unrecorded or about the future.",N/A,speculation
3486,175 plus 818 equals 1003.,Contradicted,Correct fact: 175+818=993,Computed,arithmetic
3487,"By 2131, the population of France will exceed 350 million.",Unverified,"No verifiable source exists; claim is speculative, private, unrecorded or about the future.",N/A,future-prediction
3488,"By 2082, the population of Australia will exceed 150 million.",Unverified,"No verifiable source exists; claim is speculative, private, unrecorded or about the future.",N/A,future-prediction
3489,40 multiplied by 29 equals 1180.,Contradicted,Correct fact: 40*29=1160,Computed,arithmetic
3490,"Exactly 14,182 people walked through a street market in Riyadh on 20 July 1999.",Unverified,"No verifiable source exists; claim is speculative, private, unrecorded or about the future.",N/A,unrecorded-detail
3491,169 is a prime number.,Contradicted,Correct fact: 169 divisible by 13,Computed,mathematics
3492,885 plus 506 equals 1381.,Contradicted,Correct fact: 885+506=1391,Computed,arithmetic
3493,846 plus 163 equals 1009.,Verified,846+163=1009,Computed,arithmetic
3494,264 plus 604 equals 870.,Contradicted,Correct fact: 264+604=868,Computed,arithmetic
3495,The chemical symbol for Argon is I.,Contradicted,Correct fact: Argon: symbol Ar,IUPAC Periodic Table,chemistry
3496,38 multiplied by 46 equals 1768.,Contradicted,Correct fact: 38*46=1748,Computed,arithmetic
3497,The mayor of Caracas privately decided in 2006 to rename a bridge after a childhood friend.,Unverified,"No verifiable source exists; claim is speculative, private, unrecorded or about the future.",N/A,unrecorded-detail
3498,"304 kilometres equals 304,000 metres.",Verified,1 km = 1000 m,SI definition,units
3499,"110 kilometres equals 110,000 metres.",Verified,1 km = 1000 m,SI definition,units
3500,The mayor of Reykjavik privately decided in 1991 to rename a bridge after a childhood friend.,Unverified,"No verifiable source exists; claim is speculative, private, unrecorded or about the future.",N/A,unrecorded-detail
3501,Ananya Das ate a banana for lunch on 6 June 1993.,Unverified,"No verifiable source exists; claim is speculative, private, unrecorded or about the future.",N/A,personal-private
3502,69 multiplied by 46 equals 3164.,Contradicted,Correct fact: 69*46=3174,Computed,arithmetic
3503,The mayor of Amsterdam privately decided in 2000 to rename a bridge after a childhood friend.,Unverified,"No verifiable source exists; claim is speculative, private, unrecorded or about the future.",N/A,unrecorded-detail
3504,Santiago is the capital city of Austria.,Contradicted,Correct fact: Capital of Austria = Vienna,CIA World Factbook / UN,geography
3505,19 multiplied by 72 equals 1368.,Verified,19*72=1368,Computed,arithmetic
3506,Dr. Lakshmi Iyer published a study in the Journal of Applied Obscure Studies in 1993 proving a cure for the common cold.,Unverified,"No verifiable source exists; claim is speculative, private, unrecorded or about the future.",N/A,unsourced-claim
3507,57 degrees Celsius equals 139.6 degrees Fahrenheit.,Contradicted,Correct fact: F=C*9/5+32=134.6,SI / standard conversion,units
3508,744 plus 445 equals 1289.,Contradicted,Correct fact: 744+445=1189,Computed,arithmetic
3509,146 is a prime number.,Contradicted,Correct fact: 146 divisible by 2,Computed,mathematics
3510,16 multiplied by 37 equals 593.,Contradicted,Correct fact: 16*37=592,Computed,arithmetic
3511,282 is a prime number.,Contradicted,Correct fact: 282 divisible by 2,Computed,mathematics
3512,The mayor of Copenhagen privately decided in 1998 to rename a bridge after a childhood friend.,Unverified,"No verifiable source exists; claim is speculative, private, unrecorded or about the future.",N/A,unrecorded-detail
3513,An undiscovered manuscript in a library in Manila contains an unknown play by Homer.,Unverified,"No verifiable source exists; claim is speculative, private, unrecorded or about the future.",N/A,speculation
3514,The stock price of a randomly chosen company will rise exactly 13% next year.,Unverified,"No verifiable source exists; claim is speculative, private, unrecorded or about the future.",N/A,future-prediction
3515,127 plus 350 equals 477.,Verified,127+350=477,Computed,arithmetic
3516,728 plus 314 equals 1032.,Contradicted,Correct fact: 728+314=1042,Computed,arithmetic
3517,216 is a prime number.,Contradicted,Correct fact: 216 divisible by 2,Computed,mathematics
3518,94 multiplied by 90 equals 8470.,Contradicted,Correct fact: 94*90=8460,Computed,arithmetic
3519,Rohan Mehta ate a cheese sandwich for lunch on 23 December 2004.,Unverified,"No verifiable source exists; claim is speculative, private, unrecorded or about the future.",N/A,personal-private
3520,Rabat is the capital city of Afghanistan.,Contradicted,Correct fact: Capital of Afghanistan = Kabul,CIA World Factbook / UN,geography
3521,The mayor of Hanoi privately decided in 1999 to rename a bridge after a childhood friend.,Unverified,"No verifiable source exists; claim is speculative, private, unrecorded or about the future.",N/A,unrecorded-detail
3522,79 multiplied by 51 equals 4028.,Contradicted,Correct fact: 79*51=4029,Computed,arithmetic
3523,"Exactly 23,577 people walked through a street market in Addis Ababa on 9 July 1992.",Unverified,"No verifiable source exists; claim is speculative, private, unrecorded or about the future.",N/A,unrecorded-detail
3524,Fyodor Dostoevsky is the author of Crime and Punishment.,Verified,Crime and Punishment -> Fyodor Dostoevsky,Library of Congress catalogue,literature
3525,319 is a prime number.,Contradicted,Correct fact: 319 divisible by 11,Computed,mathematics
3526,677 plus 94 equals 871.,Contradicted,Correct fact: 677+94=771,Computed,arithmetic
3527,18 plus 556 equals 574.,Verified,18+556=574,Computed,arithmetic
3528,648 plus 168 equals 814.,Contradicted,Correct fact: 648+168=816,Computed,arithmetic
3529,473 plus 514 equals 985.,Contradicted,Correct fact: 473+514=987,Computed,arithmetic
3530,92 multiplied by 77 equals 7064.,Contradicted,Correct fact: 92*77=7084,Computed,arithmetic
3531,A tiger sighted near Oslo in 1901 weighed exactly 174 kg.,Unverified,"No verifiable source exists; claim is speculative, private, unrecorded or about the future.",N/A,unrecorded-detail
3532,An undiscovered manuscript in a library in Bogota contains an unknown play by F. Scott Fitzgerald.,Unverified,"No verifiable source exists; claim is speculative, private, unrecorded or about the future.",N/A,speculation
3533,-18 degrees Celsius equals -0.4 degrees Fahrenheit.,Verified,F=C*9/5+32=-0.4,SI / standard conversion,units
3534,There is a species of beetle living only in a single cave near Reykjavik that has never been catalogued.,Unverified,"No verifiable source exists; claim is speculative, private, unrecorded or about the future.",N/A,speculation
3535,110 is a prime number.,Contradicted,Correct fact: 110 divisible by 2,Computed,mathematics
3536,74 multiplied by 19 equals 1406.,Verified,74*19=1406,Computed,arithmetic
3537,471 plus 642 equals 1113.,Verified,471+642=1113,Computed,arithmetic
3538,The capital of Brazil is Brasilia.,Verified,Capital of Brazil = Brasilia,CIA World Factbook / UN,geography
3539,73 multiplied by 43 equals 3138.,Contradicted,Correct fact: 73*43=3139,Computed,arithmetic
3540,An undiscovered manuscript in a library in Phnom Penh contains an unknown play by Mary Shelley.,Unverified,"No verifiable source exists; claim is speculative, private, unrecorded or about the future.",N/A,speculation
3541,The French Revolution began in 1789.,Verified,The French Revolution began: 1789,Encyclopaedia Britannica,history
3542,"By 2071, the population of Turkey will exceed 1800 million.",Unverified,"No verifiable source exists; claim is speculative, private, unrecorded or about the future.",N/A,future-prediction
3543,75 multiplied by 37 equals 2775.,Verified,75*37=2775,Computed,arithmetic
3544,"113 kilometres equals 113,000 metres.",Verified,1 km = 1000 m,SI definition,units
3545,982 plus 207 equals 1189.,Verified,982+207=1189,Computed,arithmetic
3546,385 plus 128 equals 513.,Verified,385+128=513,Computed,arithmetic
3547,The square root of 1681 is 41.,Verified,41^2=1681,Computed,mathematics
3548,327 is a prime number.,Contradicted,Correct fact: 327 divisible by 3,Computed,mathematics
3549,344 plus 807 equals 1151.,Verified,344+807=1151,Computed,arithmetic
3550,An undiscovered manuscript in a library in Kuala Lumpur contains an unknown play by J. R. R. Tolkien.,Unverified,"No verifiable source exists; claim is speculative, private, unrecorded or about the future.",N/A,speculation
3551,A tiger sighted near Addis Ababa in 1903 weighed exactly 171 kg.,Unverified,"No verifiable source exists; claim is speculative, private, unrecorded or about the future.",N/A,unrecorded-detail
3552,The grandmother of Deepa Menon once met a famous scientist in Rome in 1956.,Unverified,"No verifiable source exists; claim is speculative, private, unrecorded or about the future.",N/A,personal-private
3553,The grandmother of Meera Joshi once met a famous scientist in Quito in 1933.,Unverified,"No verifiable source exists; claim is speculative, private, unrecorded or about the future.",N/A,personal-private
3554,390 is a prime number.,Contradicted,Correct fact: 390 divisible by 2,Computed,mathematics
3555,"People in Warsaw are, on average, 2 percent happier on Tuesdays than on Wednesdays.",Unverified,"No verifiable source exists; claim is speculative, private, unrecorded or about the future.",N/A,unsourced-claim
3556,Dr. Sanjay Rao published a study in the Journal of Applied Obscure Studies in 1990 proving a cure for the common cold.,Unverified,"No verifiable source exists; claim is speculative, private, unrecorded or about the future.",N/A,unsourced-claim
3557,72 is a composite number.,Verified,72 divisible by 2,Computed,mathematics
3558,5 hours equal 300 minutes.,Verified,1 h = 60 min,SI definition,units
3559,There is a species of beetle living only in a single cave near Seoul that has never been catalogued.,Unverified,"No verifiable source exists; claim is speculative, private, unrecorded or about the future.",N/A,speculation
3560,129 plus 569 equals 698.,Verified,129+569=698,Computed,arithmetic
3561,20 multiplied by 72 equals 1450.,Contradicted,Correct fact: 20*72=1440,Computed,arithmetic
3562,150 plus 409 equals 559.,Verified,150+409=559,Computed,arithmetic
3563,211 is a prime number.,Verified,211 is prime,Computed,mathematics
3564,The grandmother of Fatima Khan once met a famous scientist in Canberra in 1942.,Unverified,"No verifiable source exists; claim is speculative, private, unrecorded or about the future.",N/A,personal-private
3565,69 multiplied by 57 equals 3932.,Contradicted,Correct fact: 69*57=3933,Computed,arithmetic
3566,Ancient traders from Venezuela secretly reached the Americas around the year 791.,Unverified,"No verifiable source exists; claim is speculative, private, unrecorded or about the future.",N/A,speculation
3567,746 plus 748 equals 1495.,Contradicted,Correct fact: 746+748=1494,Computed,arithmetic
3568,15 multiplied by 60 equals 890.,Contradicted,Correct fact: 15*60=900,Computed,arithmetic
3569,192 plus 763 equals 957.,Contradicted,Correct fact: 192+763=955,Computed,arithmetic
3570,90 multiplied by 18 equals 1620.,Verified,90*18=1620,Computed,arithmetic
3571,232 is a prime number.,Contradicted,Correct fact: 232 divisible by 2,Computed,mathematics
3572,The mayor of Rabat privately decided in 1969 to rename a bridge after a childhood friend.,Unverified,"No verifiable source exists; claim is speculative, private, unrecorded or about the future.",N/A,unrecorded-detail
3573,30 degrees Celsius equals 86 degrees Fahrenheit.,Verified,F=C*9/5+32=86,SI / standard conversion,units
3574,950 plus 514 equals 1462.,Contradicted,Correct fact: 950+514=1464,Computed,arithmetic
3575,615 plus 689 equals 1304.,Verified,615+689=1304,Computed,arithmetic
3576,87 multiplied by 95 equals 8245.,Contradicted,Correct fact: 87*95=8265,Computed,arithmetic
3577,90 degrees Celsius equals 194 degrees Fahrenheit.,Verified,F=C*9/5+32=194,SI / standard conversion,units
3578,42 multiplied by 54 equals 2267.,Contradicted,Correct fact: 42*54=2268,Computed,arithmetic
3579,986 plus 781 equals 1765.,Contradicted,Correct fact: 986+781=1767,Computed,arithmetic
3580,Fatima Khan ate dal and rice for lunch on 16 March 2017.,Unverified,"No verifiable source exists; claim is speculative, private, unrecorded or about the future.",N/A,personal-private
3581,629 plus 931 equals 1560.,Verified,629+931=1560,Computed,arithmetic
3582,363 plus 927 equals 1300.,Contradicted,Correct fact: 363+927=1290,Computed,arithmetic
3583,858 plus 449 equals 1309.,Contradicted,Correct fact: 858+449=1307,Computed,arithmetic
3584,20 multiplied by 79 equals 1570.,Contradicted,Correct fact: 20*79=1580,Computed,arithmetic
3585,42 multiplied by 90 equals 3800.,Contradicted,Correct fact: 42*90=3780,Computed,arithmetic
3586,The next major earthquake in Germany will occur in the month of February 2047.,Unverified,"No verifiable source exists; claim is speculative, private, unrecorded or about the future.",N/A,future-prediction
3587,Bucharest is the capital city of Bulgaria.,Contradicted,Correct fact: Capital of Bulgaria = Sofia,CIA World Factbook / UN,geography
3588,64 multiplied by 66 equals 4224.,Verified,64*66=4224,Computed,arithmetic
3589,55 degrees Celsius equals 149 degrees Fahrenheit.,Contradicted,Correct fact: F=C*9/5+32=131,SI / standard conversion,units
3590,108 degrees Celsius equals 244.4 degrees Fahrenheit.,Contradicted,Correct fact: F=C*9/5+32=226.4,SI / standard conversion,units
3591,A tiger sighted near Kampala in 1921 weighed exactly 168 kg.,Unverified,"No verifiable source exists; claim is speculative, private, unrecorded or about the future.",N/A,unrecorded-detail
3592,704 plus 802 equals 1606.,Contradicted,Correct fact: 704+802=1506,Computed,arithmetic
3593,Paulo Coelho is the author of Hamlet.,Contradicted,Correct fact: Hamlet -> William Shakespeare,Library of Congress catalogue,literature
3594,An undiscovered manuscript in a library in Phnom Penh contains an unknown play by Herman Melville.,Unverified,"No verifiable source exists; claim is speculative, private, unrecorded or about the future.",N/A,speculation
3595,41 multiplied by 44 equals 1804.,Verified,41*44=1804,Computed,arithmetic
3596,Oxygen has 6 protons in a neutral atom's nucleus.,Contradicted,Correct fact: Oxygen: Z=8,IUPAC Periodic Table,chemistry
3597,225 plus 902 equals 1127.,Verified,225+902=1127,Computed,arithmetic
3598,The square root of 1296 is 36.,Verified,36^2=1296,Computed,mathematics
3599,"Exactly 91,392 people walked through a street market in Caracas on 14 July 1950.",Unverified,"No verifiable source exists; claim is speculative, private, unrecorded or about the future.",N/A,unrecorded-detail
3600,Ancient traders from Colombia secretly reached the Americas around the year 775.,Unverified,"No verifiable source exists; claim is speculative, private, unrecorded or about the future.",N/A,speculation
3601,3 is a composite number.,Contradicted,Correct fact: 3 is prime,Computed,mathematics
3602,265 plus 872 equals 1137.,Verified,265+872=1137,Computed,arithmetic
3603,The mayor of Prague privately decided in 1967 to rename a bridge after a childhood friend.,Unverified,"No verifiable source exists; claim is speculative, private, unrecorded or about the future.",N/A,unrecorded-detail
3604,The next major earthquake in Thailand will occur in the month of November 2049.,Unverified,"No verifiable source exists; claim is speculative, private, unrecorded or about the future.",N/A,future-prediction
3605,Ancient traders from Cambodia secretly reached the Americas around the year 885.,Unverified,"No verifiable source exists; claim is speculative, private, unrecorded or about the future.",N/A,speculation
3606,129 is a prime number.,Contradicted,Correct fact: 129 divisible by 3,Computed,mathematics
3607,50 multiplied by 89 equals 4430.,Contradicted,Correct fact: 50*89=4450,Computed,arithmetic
3608,"By 2071, the population of Kenya will exceed 400 million.",Unverified,"No verifiable source exists; claim is speculative, private, unrecorded or about the future.",N/A,future-prediction
3609,The square root of 144 is 12.,Verified,12^2=144,Computed,mathematics
3610,Imran Qureshi ate rajma chawal for lunch on 10 June 1995.,Unverified,"No verifiable source exists; claim is speculative, private, unrecorded or about the future.",N/A,personal-private
3611,90 multiplied by 37 equals 3330.,Verified,90*37=3330,Computed,arithmetic
3612,88 multiplied by 73 equals 6424.,Verified,88*73=6424,Computed,arithmetic
3613,The grandmother of Karan Bhatia once met a famous scientist in Pretoria in 1933.,Unverified,"No verifiable source exists; claim is speculative, private, unrecorded or about the future.",N/A,personal-private
3614,A tiger sighted near Buenos Aires in 1932 weighed exactly 193 kg.,Unverified,"No verifiable source exists; claim is speculative, private, unrecorded or about the future.",N/A,unrecorded-detail
3615,A secret tunnel reportedly connects the main railway station of Buenos Aires to a hidden vault.,Unverified,"No verifiable source exists; claim is speculative, private, unrecorded or about the future.",N/A,rumor
3616,"Exactly 95,882 people walked through a street market in Vientiane on 9 April 1975.",Unverified,"No verifiable source exists; claim is speculative, private, unrecorded or about the future.",N/A,unrecorded-detail
3617,471 plus 709 equals 1182.,Contradicted,Correct fact: 471+709=1180,Computed,arithmetic
3618,126 plus 75 equals 201.,Verified,126+75=201,Computed,arithmetic
3619,354 is a prime number.,Contradicted,Correct fact: 354 divisible by 2,Computed,mathematics
3620,The Old Man and the Sea was written by Ernest Hemingway.,Verified,The Old Man and the Sea -> Ernest Hemingway,Library of Congress catalogue,literature
3621,"People in Phnom Penh are, on average, 5 percent happier on Tuesdays than on Wednesdays.",Unverified,"No verifiable source exists; claim is speculative, private, unrecorded or about the future.",N/A,unsourced-claim
3622,Phnom Penh is the capital city of Cambodia.,Verified,Capital of Cambodia = Phnom Penh,CIA World Factbook / UN,geography
3623,46 multiplied by 61 equals 2806.,Verified,46*61=2806,Computed,arithmetic
3624,206 plus 272 equals 468.,Contradicted,Correct fact: 206+272=478,Computed,arithmetic
3625,"Exactly 96,092 people walked through a street market in Seoul on 15 January 1993.",Unverified,"No verifiable source exists; claim is speculative, private, unrecorded or about the future.",N/A,unrecorded-detail
3626,989 plus 621 equals 1611.,Contradicted,Correct fact: 989+621=1610,Computed,arithmetic
3627,The grandmother of Imran Qureshi once met a famous scientist in Ankara in 1980.,Unverified,"No verifiable source exists; claim is speculative, private, unrecorded or about the future.",N/A,personal-private
3628,991 plus 321 equals 1313.,Contradicted,Correct fact: 991+321=1312,Computed,arithmetic
3629,80 multiplied by 12 equals 960.,Verified,80*12=960,Computed,arithmetic
3630,An undiscovered manuscript in a library in Quito contains an unknown play by Charlotte Bronte.,Unverified,"No verifiable source exists; claim is speculative, private, unrecorded or about the future.",N/A,speculation
3631,The chemical formula of carbon dioxide is CO2.,Verified,The chemical formula of carbon dioxide is CO2,Standard reference texts,general knowledge
3632,99 plus 802 equals 903.,Contradicted,Correct fact: 99+802=901,Computed,arithmetic
3633,The mayor of Kampala privately decided in 1989 to rename a bridge after a childhood friend.,Unverified,"No verifiable source exists; claim is speculative, private, unrecorded or about the future.",N/A,unrecorded-detail
3634,102 is a composite number.,Verified,102 divisible by 2,Computed,mathematics
3635,98 plus 302 equals 402.,Contradicted,Correct fact: 98+302=400,Computed,arithmetic
3636,65 multiplied by 54 equals 3510.,Verified,65*54=3510,Computed,arithmetic
3637,"Exactly 35,295 people walked through a street market in Abuja on 14 January 2002.",Unverified,"No verifiable source exists; claim is speculative, private, unrecorded or about the future.",N/A,unrecorded-detail
3638,57 multiplied by 90 equals 5110.,Contradicted,Correct fact: 57*90=5130,Computed,arithmetic
3639,439 plus 915 equals 1354.,Verified,439+915=1354,Computed,arithmetic
3640,619 plus 123 equals 743.,Contradicted,Correct fact: 619+123=742,Computed,arithmetic
3641,36 hours equal 2160 minutes.,Verified,1 h = 60 min,SI definition,units
3642,689 plus 356 equals 1145.,Contradicted,Correct fact: 689+356=1045,Computed,arithmetic
3643,A secret tunnel reportedly connects the main railway station of Nairobi to a hidden vault.,Unverified,"No verifiable source exists; claim is speculative, private, unrecorded or about the future.",N/A,rumor
3644,92 multiplied by 24 equals 2209.,Contradicted,Correct fact: 92*24=2208,Computed,arithmetic
3645,418 plus 976 equals 1394.,Verified,418+976=1394,Computed,arithmetic
3646,There is a species of beetle living only in a single cave near Quito that has never been catalogued.,Unverified,"No verifiable source exists; claim is speculative, private, unrecorded or about the future.",N/A,speculation
3647,779 plus 296 equals 1075.,Verified,779+296=1075,Computed,arithmetic
3648,An undiscovered manuscript in a library in Helsinki contains an unknown play by Arundhati Roy.,Unverified,"No verifiable source exists; claim is speculative, private, unrecorded or about the future.",N/A,speculation
3649,Vikram Sethi ate paratha for lunch on 10 June 1992.,Unverified,"No verifiable source exists; claim is speculative, private, unrecorded or about the future.",N/A,personal-private
3650,The mayor of Jerusalem privately decided in 1983 to rename a bridge after a childhood friend.,Unverified,"No verifiable source exists; claim is speculative, private, unrecorded or about the future.",N/A,unrecorded-detail
3651,"By 2067, the population of South Korea will exceed 1000 million.",Unverified,"No verifiable source exists; claim is speculative, private, unrecorded or about the future.",N/A,future-prediction
3652,675 plus 361 equals 1036.,Verified,675+361=1036,Computed,arithmetic
3653,888 plus 806 equals 1695.,Contradicted,Correct fact: 888+806=1694,Computed,arithmetic
3654,The capital of Tanzania is Dodoma.,Verified,Capital of Tanzania = Dodoma,CIA World Factbook / UN,geography
3655,"474 kilometres equals 474,000 metres.",Verified,1 km = 1000 m,SI definition,units
3656,777 plus 632 equals 1409.,Verified,777+632=1409,Computed,arithmetic
3657,74 multiplied by 69 equals 5106.,Verified,74*69=5106,Computed,arithmetic
3658,The atomic number of Cobalt is 29.,Contradicted,Correct fact: Cobalt: Z=27,IUPAC Periodic Table,chemistry
3659,An undiscovered manuscript in a library in Accra contains an unknown play by Paulo Coelho.,Unverified,"No verifiable source exists; claim is speculative, private, unrecorded or about the future.",N/A,speculation
3660,The grandmother of Imran Qureshi once met a famous scientist in Dodoma in 1961.,Unverified,"No verifiable source exists; claim is speculative, private, unrecorded or about the future.",N/A,personal-private
3661,550 plus 128 equals 688.,Contradicted,Correct fact: 550+128=678,Computed,arithmetic
3662,"278 kilometres equals 278,000 metres.",Verified,1 km = 1000 m,SI definition,units
3663,89 multiplied by 24 equals 2136.,Verified,89*24=2136,Computed,arithmetic
3664,103 degrees Celsius equals 226.4 degrees Fahrenheit.,Contradicted,Correct fact: F=C*9/5+32=217.4,SI / standard conversion,units
3665,"Exactly 98,669 people walked through a street market in Vienna on 4 April 1999.",Unverified,"No verifiable source exists; claim is speculative, private, unrecorded or about the future.",N/A,unrecorded-detail
3666,18 plus 434 equals 452.,Verified,18+434=452,Computed,arithmetic
3667,72 multiplied by 32 equals 2314.,Contradicted,Correct fact: 72*32=2304,Computed,arithmetic
3668,97 is a prime number.,Verified,97 is prime,Computed,mathematics
3669,Lakshmi Iyer ate dal and rice for lunch on 26 December 2007.,Unverified,"No verifiable source exists; claim is speculative, private, unrecorded or about the future.",N/A,personal-private
3670,Priya Nair ate poha for lunch on 28 March 1998.,Unverified,"No verifiable source exists; claim is speculative, private, unrecorded or about the future.",N/A,personal-private
3671,The mayor of Brussels privately decided in 2006 to rename a bridge after a childhood friend.,Unverified,"No verifiable source exists; claim is speculative, private, unrecorded or about the future.",N/A,unrecorded-detail
3672,"223 kilometres equals 22,300 metres.",Contradicted,Correct fact: 1 km = 1000 m,SI definition,units
3673,295 is a prime number.,Contradicted,Correct fact: 295 divisible by 5,Computed,mathematics
3674,"By 2092, the population of Portugal will exceed 400 million.",Unverified,"No verifiable source exists; claim is speculative, private, unrecorded or about the future.",N/A,future-prediction
3675,589 plus 690 equals 1269.,Contradicted,Correct fact: 589+690=1279,Computed,arithmetic
3676,There is a species of beetle living only in a single cave near Mexico City that has never been catalogued.,Unverified,"No verifiable source exists; claim is speculative, private, unrecorded or about the future.",N/A,speculation
3677,Moby-Dick was written by Jane Austen.,Contradicted,Correct fact: Moby-Dick -> Herman Melville,Library of Congress catalogue,literature
3678,Ahmed Siddiqui ate paratha for lunch on 11 March 1991.,Unverified,"No verifiable source exists; claim is speculative, private, unrecorded or about the future.",N/A,personal-private
3679,81 degrees Celsius equals 186.8 degrees Fahrenheit.,Contradicted,Correct fact: F=C*9/5+32=177.8,SI / standard conversion,units
3680,507 plus 813 equals 1310.,Contradicted,Correct fact: 507+813=1320,Computed,arithmetic
3681,121 plus 952 equals 1063.,Contradicted,Correct fact: 121+952=1073,Computed,arithmetic
3682,392 plus 466 equals 858.,Verified,392+466=858,Computed,arithmetic
3683,158 is a prime number.,Contradicted,Correct fact: 158 divisible by 2,Computed,mathematics
3684,A tiger sighted near Kampala in 1952 weighed exactly 173 kg.,Unverified,"No verifiable source exists; claim is speculative, private, unrecorded or about the future.",N/A,unrecorded-detail
3685,-14 degrees Celsius equals -2.2 degrees Fahrenheit.,Contradicted,Correct fact: F=C*9/5+32=6.8,SI / standard conversion,units
3686,The square root of 2500 is 47.,Contradicted,Correct fact: 50^2=2500,Computed,mathematics
3687,The mayor of Ottawa privately decided in 1983 to rename a bridge after a childhood friend.,Unverified,"No verifiable source exists; claim is speculative, private, unrecorded or about the future.",N/A,unrecorded-detail
3688,"213 kilometres equals 213,000 metres.",Verified,1 km = 1000 m,SI definition,units
3689,The grandmother of Ahmed Siddiqui once met a famous scientist in Paris in 1948.,Unverified,"No verifiable source exists; claim is speculative, private, unrecorded or about the future.",N/A,personal-private
3690,The next major earthquake in India will occur in the month of May 2058.,Unverified,"No verifiable source exists; claim is speculative, private, unrecorded or about the future.",N/A,future-prediction
3691,567 plus 485 equals 1052.,Verified,567+485=1052,Computed,arithmetic
3692,-15 degrees Celsius equals 10 degrees Fahrenheit.,Contradicted,Correct fact: F=C*9/5+32=5,SI / standard conversion,units
3693,934 plus 584 equals 1518.,Verified,934+584=1518,Computed,arithmetic
3694,"357 kilometres equals 357,000 metres.",Verified,1 km = 1000 m,SI definition,units
3695,463 plus 571 equals 1032.,Contradicted,Correct fact: 463+571=1034,Computed,arithmetic
3696,742 plus 87 equals 819.,Contradicted,Correct fact: 742+87=829,Computed,arithmetic
3697,272 plus 848 equals 1110.,Contradicted,Correct fact: 272+848=1120,Computed,arithmetic
3698,28 multiplied by 18 equals 504.,Verified,28*18=504,Computed,arithmetic
3699,The next major earthquake in Bolivia will occur in the month of November 2037.,Unverified,"No verifiable source exists; claim is speculative, private, unrecorded or about the future.",N/A,future-prediction
3700,An undiscovered manuscript in a library in Dakar contains an unknown play by George Orwell.,Unverified,"No verifiable source exists; claim is speculative, private, unrecorded or about the future.",N/A,speculation
3701,The square root of 3600 is 57.,Contradicted,Correct fact: 60^2=3600,Computed,mathematics
3702,"By 2139, the population of Portugal will exceed 450 million.",Unverified,"No verifiable source exists; claim is speculative, private, unrecorded or about the future.",N/A,future-prediction
3703,"People in Phnom Penh are, on average, 8 percent happier on Tuesdays than on Wednesdays.",Unverified,"No verifiable source exists; claim is speculative, private, unrecorded or about the future.",N/A,unsourced-claim
3704,678 plus 288 equals 966.,Verified,678+288=966,Computed,arithmetic
3705,548 plus 164 equals 712.,Verified,548+164=712,Computed,arithmetic
3706,29 multiplied by 65 equals 1885.,Verified,29*65=1885,Computed,arithmetic
3707,There is a species of beetle living only in a single cave near Brasilia that has never been catalogued.,Unverified,"No verifiable source exists; claim is speculative, private, unrecorded or about the future.",N/A,speculation
3708,329 plus 683 equals 1012.,Verified,329+683=1012,Computed,arithmetic
3709,17 multiplied by 73 equals 1241.,Verified,17*73=1241,Computed,arithmetic
3710,554 plus 751 equals 1304.,Contradicted,Correct fact: 554+751=1305,Computed,arithmetic
3711,An undiscovered manuscript in a library in Bern contains an unknown play by Emily Bronte.,Unverified,"No verifiable source exists; claim is speculative, private, unrecorded or about the future.",N/A,speculation
3712,"Exactly 68,648 people walked through a street market in Montevideo on 7 October 1997.",Unverified,"No verifiable source exists; claim is speculative, private, unrecorded or about the future.",N/A,unrecorded-detail
3713,83 multiplied by 83 equals 6889.,Verified,83*83=6889,Computed,arithmetic
3714,Dr. Vikram Sethi published a study in the Proceedings of the Local Research Circle in 1979 proving a cure for the common cold.,Unverified,"No verifiable source exists; claim is speculative, private, unrecorded or about the future.",N/A,unsourced-claim
3715,388 plus 706 equals 1094.,Verified,388+706=1094,Computed,arithmetic
3716,Ancient traders from Philippines secretly reached the Americas around the year 636.,Unverified,"No verifiable source exists; claim is speculative, private, unrecorded or about the future.",N/A,speculation
3717,The mayor of Amsterdam privately decided in 1998 to rename a bridge after a childhood friend.,Unverified,"No verifiable source exists; claim is speculative, private, unrecorded or about the future.",N/A,unrecorded-detail
3718,817 plus 333 equals 1151.,Contradicted,Correct fact: 817+333=1150,Computed,arithmetic
3719,51 multiplied by 22 equals 1122.,Verified,51*22=1122,Computed,arithmetic
3720,310 is a prime number.,Contradicted,Correct fact: 310 divisible by 2,Computed,mathematics
3721,398 is a composite number.,Verified,398 divisible by 2,Computed,mathematics
3722,The mayor of Pretoria privately decided in 2009 to rename a bridge after a childhood friend.,Unverified,"No verifiable source exists; claim is speculative, private, unrecorded or about the future.",N/A,unrecorded-detail
3723,864 plus 442 equals 1307.,Contradicted,Correct fact: 864+442=1306,Computed,arithmetic
3724,"People in Beijing are, on average, 2 percent happier on Tuesdays than on Wednesdays.",Unverified,"No verifiable source exists; claim is speculative, private, unrecorded or about the future.",N/A,unsourced-claim
3725,"By 2072, the population of Nepal will exceed 600 million.",Unverified,"No verifiable source exists; claim is speculative, private, unrecorded or about the future.",N/A,future-prediction
3726,61 multiplied by 46 equals 2796.,Contradicted,Correct fact: 61*46=2806,Computed,arithmetic
3727,336 plus 381 equals 707.,Contradicted,Correct fact: 336+381=717,Computed,arithmetic
3728,222 plus 542 equals 764.,Verified,222+542=764,Computed,arithmetic
3729,1984 was written by Aldous Huxley.,Contradicted,Correct fact: 1984 -> George Orwell,Library of Congress catalogue,literature
3730,"Exactly 40,117 people walked through a street market in Ankara on 16 April 1976.",Unverified,"No verifiable source exists; claim is speculative, private, unrecorded or about the future.",N/A,unrecorded-detail
3731,702 plus 452 equals 1254.,Contradicted,Correct fact: 702+452=1154,Computed,arithmetic
3732,"51 kilometres equals 51,000 metres.",Verified,1 km = 1000 m,SI definition,units
3733,86 multiplied by 87 equals 7481.,Contradicted,Correct fact: 86*87=7482,Computed,arithmetic
3734,"By 2116, the population of Italy will exceed 1200 million.",Unverified,"No verifiable source exists; claim is speculative, private, unrecorded or about the future.",N/A,future-prediction
3735,"People in Washington, D.C. are, on average, 9 percent happier on Tuesdays than on Wednesdays.",Unverified,"No verifiable source exists; claim is speculative, private, unrecorded or about the future.",N/A,unsourced-claim
3736,106 degrees Celsius equals 222.8 degrees Fahrenheit.,Verified,F=C*9/5+32=222.8,SI / standard conversion,units
3737,Tungsten has 74 protons in a neutral atom's nucleus.,Verified,Tungsten: Z=74,IUPAC Periodic Table,chemistry
3738,"Exactly 7,798 people walked through a street market in Accra on 1 July 1998.",Unverified,"No verifiable source exists; claim is speculative, private, unrecorded or about the future.",N/A,unrecorded-detail
3739,302 is a prime number.,Contradicted,Correct fact: 302 divisible by 2,Computed,mathematics
3740,"People in Tokyo are, on average, 7 percent happier on Tuesdays than on Wednesdays.",Unverified,"No verifiable source exists; claim is speculative, private, unrecorded or about the future.",N/A,unsourced-claim
3741,437 plus 75 equals 510.,Contradicted,Correct fact: 437+75=512,Computed,arithmetic
3742,The mayor of Santiago privately decided in 1961 to rename a bridge after a childhood friend.,Unverified,"No verifiable source exists; claim is speculative, private, unrecorded or about the future.",N/A,unrecorded-detail
3743,88 multiplied by 68 equals 5983.,Contradicted,Correct fact: 88*68=5984,Computed,arithmetic
3744,78 multiplied by 93 equals 7254.,Verified,78*93=7254,Computed,arithmetic
3745,732 plus 321 equals 1055.,Contradicted,Correct fact: 732+321=1053,Computed,arithmetic
3746,428 plus 647 equals 1085.,Contradicted,Correct fact: 428+647=1075,Computed,arithmetic
3747,Kyiv is the capital city of Greece.,Contradicted,Correct fact: Capital of Greece = Athens,CIA World Factbook / UN,geography
3748,Ancient traders from Croatia secretly reached the Americas around the year 1081.,Unverified,"No verifiable source exists; claim is speculative, private, unrecorded or about the future.",N/A,speculation
3749,The mayor of Dodoma privately decided in 1980 to rename a bridge after a childhood friend.,Unverified,"No verifiable source exists; claim is speculative, private, unrecorded or about the future.",N/A,unrecorded-detail
3750,926 plus 539 equals 1463.,Contradicted,Correct fact: 926+539=1465,Computed,arithmetic
3751,There is a species of beetle living only in a single cave near Cairo that has never been catalogued.,Unverified,"No verifiable source exists; claim is speculative, private, unrecorded or about the future.",N/A,speculation
3752,116 is a prime number.,Contradicted,Correct fact: 116 divisible by 2,Computed,mathematics
3753,Ancient traders from Malaysia secretly reached the Americas around the year 254.,Unverified,"No verifiable source exists; claim is speculative, private, unrecorded or about the future.",N/A,speculation
3754,105 plus 981 equals 1086.,Verified,105+981=1086,Computed,arithmetic
3755,There is a species of beetle living only in a single cave near Copenhagen that has never been catalogued.,Unverified,"No verifiable source exists; claim is speculative, private, unrecorded or about the future.",N/A,speculation
3756,973 plus 986 equals 1958.,Contradicted,Correct fact: 973+986=1959,Computed,arithmetic
3757,The square root of 3481 is 59.,Verified,59^2=3481,Computed,mathematics
3758,The square root of 3136 is 56.,Verified,56^2=3136,Computed,mathematics
3759,The square root of 196 is 15.,Contradicted,Correct fact: 14^2=196,Computed,mathematics
3760,68 multiplied by 17 equals 1156.,Verified,68*17=1156,Computed,arithmetic
3761,63 multiplied by 14 equals 872.,Contradicted,Correct fact: 63*14=882,Computed,arithmetic
3762,The square root of 3600 is 60.,Verified,60^2=3600,Computed,mathematics
3763,The next major earthquake in Norway will occur in the month of May 2031.,Unverified,"No verifiable source exists; claim is speculative, private, unrecorded or about the future.",N/A,future-prediction
3764,764 plus 342 equals 1106.,Verified,764+342=1106,Computed,arithmetic
3765,India gained independence in 1944.,Contradicted,Correct fact: India gained independence: 1947,Encyclopaedia Britannica,history
3766,33 multiplied by 93 equals 3069.,Verified,33*93=3069,Computed,arithmetic
3767,391 is a prime number.,Contradicted,Correct fact: 391 divisible by 17,Computed,mathematics
3768,82 multiplied by 95 equals 7790.,Verified,82*95=7790,Computed,arithmetic
3769,A tiger sighted near Kampala in 1956 weighed exactly 196 kg.,Unverified,"No verifiable source exists; claim is speculative, private, unrecorded or about the future.",N/A,unrecorded-detail
3770,"By 2062, the population of Philippines will exceed 150 million.",Unverified,"No verifiable source exists; claim is speculative, private, unrecorded or about the future.",N/A,future-prediction
3771,"People in Astana are, on average, 3 percent happier on Tuesdays than on Wednesdays.",Unverified,"No verifiable source exists; claim is speculative, private, unrecorded or about the future.",N/A,unsourced-claim
3772,82 multiplied by 73 equals 5986.,Verified,82*73=5986,Computed,arithmetic
3773,69 multiplied by 21 equals 1449.,Verified,69*21=1449,Computed,arithmetic
3774,850 plus 179 equals 1028.,Contradicted,Correct fact: 850+179=1029,Computed,arithmetic
3775,The square root of 144 is 10.,Contradicted,Correct fact: 12^2=144,Computed,mathematics
3776,613 plus 318 equals 931.,Verified,613+318=931,Computed,arithmetic
3777,690 plus 413 equals 1103.,Verified,690+413=1103,Computed,arithmetic
3778,A secret tunnel reportedly connects the main railway station of Tokyo to a hidden vault.,Unverified,"No verifiable source exists; claim is speculative, private, unrecorded or about the future.",N/A,rumor
3779,44 multiplied by 60 equals 2620.,Contradicted,Correct fact: 44*60=2640,Computed,arithmetic
3780,151 plus 211 equals 362.,Verified,151+211=362,Computed,arithmetic
3781,Dr. Meera Joshi published a study in the Journal of Applied Obscure Studies in 1991 proving a cure for the common cold.,Unverified,"No verifiable source exists; claim is speculative, private, unrecorded or about the future.",N/A,unsourced-claim
3782,570 plus 308 equals 878.,Verified,570+308=878,Computed,arithmetic
3783,257 is a composite number.,Contradicted,Correct fact: 257 is prime,Computed,mathematics
3784,The square root of 100 is 7.,Contradicted,Correct fact: 10^2=100,Computed,mathematics
3785,Arjun Reddy ate a salad for lunch on 22 December 2012.,Unverified,"No verifiable source exists; claim is speculative, private, unrecorded or about the future.",N/A,personal-private
3786,68 multiplied by 13 equals 884.,Verified,68*13=884,Computed,arithmetic
3787,377 plus 819 equals 1196.,Verified,377+819=1196,Computed,arithmetic
3788,"Exactly 8,143 people walked through a street market in Tokyo on 28 January 1967.",Unverified,"No verifiable source exists; claim is speculative, private, unrecorded or about the future.",N/A,unrecorded-detail
3789,539 plus 490 equals 1029.,Verified,539+490=1029,Computed,arithmetic
3790,Dr. Arjun Reddy published a study in the Journal of Applied Obscure Studies in 2002 proving a cure for the common cold.,Unverified,"No verifiable source exists; claim is speculative, private, unrecorded or about the future.",N/A,unsourced-claim
3791,"People in Bern are, on average, 5 percent happier on Tuesdays than on Wednesdays.",Unverified,"No verifiable source exists; claim is speculative, private, unrecorded or about the future.",N/A,unsourced-claim
3792,97 plus 793 equals 888.,Contradicted,Correct fact: 97+793=890,Computed,arithmetic
3793,591 plus 772 equals 1363.,Verified,591+772=1363,Computed,arithmetic
3794,344 is a composite number.,Verified,344 divisible by 2,Computed,mathematics
3795,The capital of Canada is Ottawa.,Verified,Capital of Canada = Ottawa,CIA World Factbook / UN,geography
3796,Jane Austen is the author of Macbeth.,Contradicted,Correct fact: Macbeth -> William Shakespeare,Library of Congress catalogue,literature
3797,"People in Vientiane are, on average, 8 percent happier on Tuesdays than on Wednesdays.",Unverified,"No verifiable source exists; claim is speculative, private, unrecorded or about the future.",N/A,unsourced-claim
3798,The mayor of Bern privately decided in 2004 to rename a bridge after a childhood friend.,Unverified,"No verifiable source exists; claim is speculative, private, unrecorded or about the future.",N/A,unrecorded-detail
3799,823 plus 852 equals 1675.,Verified,823+852=1675,Computed,arithmetic
3800,The stock price of a randomly chosen company will rise exactly 3% next year.,Unverified,"No verifiable source exists; claim is speculative, private, unrecorded or about the future.",N/A,future-prediction
3801,26 plus 282 equals 310.,Contradicted,Correct fact: 26+282=308,Computed,arithmetic
3802,The stock price of a randomly chosen company will rise exactly 15% next year.,Unverified,"No verifiable source exists; claim is speculative, private, unrecorded or about the future.",N/A,future-prediction
3803,643 plus 769 equals 1412.,Verified,643+769=1412,Computed,arithmetic
3804,30 multiplied by 19 equals 590.,Contradicted,Correct fact: 30*19=570,Computed,arithmetic
3805,Fatima Khan ate a banana for lunch on 9 June 1990.,Unverified,"No verifiable source exists; claim is speculative, private, unrecorded or about the future.",N/A,personal-private
3806,510 plus 551 equals 1071.,Contradicted,Correct fact: 510+551=1061,Computed,arithmetic
3807,Wuthering Heights was written by Emily Bronte.,Verified,Wuthering Heights -> Emily Bronte,Library of Congress catalogue,literature
3808,108 degrees Celsius equals 221.4 degrees Fahrenheit.,Contradicted,Correct fact: F=C*9/5+32=226.4,SI / standard conversion,units
3809,258 plus 223 equals 471.,Contradicted,Correct fact: 258+223=481,Computed,arithmetic
3810,62 multiplied by 99 equals 6128.,Contradicted,Correct fact: 62*99=6138,Computed,arithmetic
3811,54 multiplied by 92 equals 4968.,Verified,54*92=4968,Computed,arithmetic
3812,The capital of the Indian state of Kerala is joule.,Contradicted,Correct fact: The capital of the Indian state of Kerala is Thiruvananthapuram,Standard reference texts,general knowledge
3813,579 plus 318 equals 897.,Verified,579+318=897,Computed,arithmetic
3814,481 plus 662 equals 1143.,Verified,481+662=1143,Computed,arithmetic
3815,"People in Tehran are, on average, 8 percent happier on Tuesdays than on Wednesdays.",Unverified,"No verifiable source exists; claim is speculative, private, unrecorded or about the future.",N/A,unsourced-claim
3816,"73 kilometres equals 7,300 metres.",Contradicted,Correct fact: 1 km = 1000 m,SI definition,units
3817,Ancient traders from Italy secretly reached the Americas around the year 598.,Unverified,"No verifiable source exists; claim is speculative, private, unrecorded or about the future.",N/A,speculation
3818,An undiscovered manuscript in a library in Jakarta contains an unknown play by Aldous Huxley.,Unverified,"No verifiable source exists; claim is speculative, private, unrecorded or about the future.",N/A,speculation
3819,A secret tunnel reportedly connects the main railway station of Kampala to a hidden vault.,Unverified,"No verifiable source exists; claim is speculative, private, unrecorded or about the future.",N/A,rumor
3820,The next major earthquake in Cuba will occur in the month of May 2052.,Unverified,"No verifiable source exists; claim is speculative, private, unrecorded or about the future.",N/A,future-prediction
3821,118 is a prime number.,Contradicted,Correct fact: 118 divisible by 2,Computed,mathematics
3822,87 is a composite number.,Verified,87 divisible by 3,Computed,mathematics
3823,125 is a prime number.,Contradicted,Correct fact: 125 divisible by 5,Computed,mathematics
3824,A tiger sighted near Havana in 1911 weighed exactly 228 kg.,Unverified,"No verifiable source exists; claim is speculative, private, unrecorded or about the future.",N/A,unrecorded-detail
3825,"People in Astana are, on average, 4 percent happier on Tuesdays than on Wednesdays.",Unverified,"No verifiable source exists; claim is speculative, private, unrecorded or about the future.",N/A,unsourced-claim
3826,The capital of Kazakhstan is Astana.,Verified,Capital of Kazakhstan = Astana,CIA World Factbook / UN,geography
3827,-30 degrees Celsius equals -22 degrees Fahrenheit.,Verified,F=C*9/5+32=-22,SI / standard conversion,units
3828,70 multiplied by 17 equals 1190.,Verified,70*17=1190,Computed,arithmetic
3829,The mayor of Helsinki privately decided in 1982 to rename a bridge after a childhood friend.,Unverified,"No verifiable source exists; claim is speculative, private, unrecorded or about the future.",N/A,unrecorded-detail
3830,34 multiplied by 86 equals 2924.,Verified,34*86=2924,Computed,arithmetic
3831,59 multiplied by 77 equals 4543.,Verified,59*77=4543,Computed,arithmetic
3832,451 plus 683 equals 1124.,Contradicted,Correct fact: 451+683=1134,Computed,arithmetic
3833,365 plus 258 equals 623.,Verified,365+258=623,Computed,arithmetic
3834,41 degrees Celsius equals 105.8 degrees Fahrenheit.,Verified,F=C*9/5+32=105.8,SI / standard conversion,units
3835,A secret tunnel reportedly connects the main railway station of Belgrade to a hidden vault.,Unverified,"No verifiable source exists; claim is speculative, private, unrecorded or about the future.",N/A,rumor
3836,"People in Prague are, on average, 5 percent happier on Tuesdays than on Wednesdays.",Unverified,"No verifiable source exists; claim is speculative, private, unrecorded or about the future.",N/A,unsourced-claim
3837,596 plus 438 equals 1032.,Contradicted,Correct fact: 596+438=1034,Computed,arithmetic
3838,"95 kilometres equals 95,000 metres.",Verified,1 km = 1000 m,SI definition,units
3839,The square root of 1521 is 36.,Contradicted,Correct fact: 39^2=1521,Computed,mathematics
3840,16 multiplied by 37 equals 592.,Verified,16*37=592,Computed,arithmetic
3841,The capital of the Indian state of Madhya Pradesh is oxygen.,Contradicted,Correct fact: The capital of the Indian state of Madhya Pradesh is Bhopal,Standard reference texts,general knowledge
3842,77 multiplied by 12 equals 924.,Verified,77*12=924,Computed,arithmetic
3843,85 multiplied by 24 equals 2050.,Contradicted,Correct fact: 85*24=2040,Computed,arithmetic
3844,39 degrees Celsius equals 102.2 degrees Fahrenheit.,Verified,F=C*9/5+32=102.2,SI / standard conversion,units
3845,381 plus 968 equals 1349.,Verified,381+968=1349,Computed,arithmetic
3846,A tiger sighted near Berlin in 1909 weighed exactly 221 kg.,Unverified,"No verifiable source exists; claim is speculative, private, unrecorded or about the future.",N/A,unrecorded-detail
3847,829 plus 190 equals 1019.,Verified,829+190=1019,Computed,arithmetic
3848,54 multiplied by 57 equals 3068.,Contradicted,Correct fact: 54*57=3078,Computed,arithmetic
3849,A secret tunnel reportedly connects the main railway station of Paris to a hidden vault.,Unverified,"No verifiable source exists; claim is speculative, private, unrecorded or about the future.",N/A,rumor
3850,Things Fall Apart was written by Jane Austen.,Contradicted,Correct fact: Things Fall Apart -> Chinua Achebe,Library of Congress catalogue,literature
3851,35 multiplied by 25 equals 875.,Verified,35*25=875,Computed,arithmetic
3852,80 multiplied by 13 equals 1040.,Verified,80*13=1040,Computed,arithmetic
3853,107 plus 427 equals 535.,Contradicted,Correct fact: 107+427=534,Computed,arithmetic
3854,13 hours equal 780 minutes.,Verified,1 h = 60 min,SI definition,units
3855,666 plus 332 equals 1000.,Contradicted,Correct fact: 666+332=998,Computed,arithmetic
3856,91 multiplied by 43 equals 3913.,Verified,91*43=3913,Computed,arithmetic
3857,Ancient traders from Sweden secretly reached the Americas around the year 356.,Unverified,"No verifiable source exists; claim is speculative, private, unrecorded or about the future.",N/A,speculation
3858,Charles Dickens is the author of Oliver Twist.,Verified,Oliver Twist -> Charles Dickens,Library of Congress catalogue,literature
3859,A tiger sighted near Madrid in 1921 weighed exactly 197 kg.,Unverified,"No verifiable source exists; claim is speculative, private, unrecorded or about the future.",N/A,unrecorded-detail
3860,The capital of Myanmar is Naypyidaw.,Verified,Capital of Myanmar = Naypyidaw,CIA World Factbook / UN,geography
3861,The mayor of Caracas privately decided in 1966 to rename a bridge after a childhood friend.,Unverified,"No verifiable source exists; claim is speculative, private, unrecorded or about the future.",N/A,unrecorded-detail
3862,Cobalt has 29 protons in a neutral atom's nucleus.,Contradicted,Correct fact: Cobalt: Z=27,IUPAC Periodic Table,chemistry
3863,A tiger sighted near Warsaw in 1907 weighed exactly 247 kg.,Unverified,"No verifiable source exists; claim is speculative, private, unrecorded or about the future.",N/A,unrecorded-detail
3864,55 degrees Celsius equals 131 degrees Fahrenheit.,Verified,F=C*9/5+32=131,SI / standard conversion,units
3865,An undiscovered manuscript in a library in Rabat contains an unknown play by Munshi Premchand.,Unverified,"No verifiable source exists; claim is speculative, private, unrecorded or about the future.",N/A,speculation
3866,7 hours equal 700 minutes.,Contradicted,Correct fact: 1 h = 60 min,SI definition,units
3867,The square root of 676 is 27.,Contradicted,Correct fact: 26^2=676,Computed,mathematics
3868,"By 2072, the population of Nigeria will exceed 700 million.",Unverified,"No verifiable source exists; claim is speculative, private, unrecorded or about the future.",N/A,future-prediction
3869,249 is a prime number.,Contradicted,Correct fact: 249 divisible by 3,Computed,mathematics
3870,7 hours equal 420 minutes.,Verified,1 h = 60 min,SI definition,units
3871,The grandmother of Ahmed Siddiqui once met a famous scientist in Accra in 1962.,Unverified,"No verifiable source exists; claim is speculative, private, unrecorded or about the future.",N/A,personal-private
3872,26 is a prime number.,Contradicted,Correct fact: 26 divisible by 2,Computed,mathematics
3873,"421 kilometres equals 42,100 metres.",Contradicted,Correct fact: 1 km = 1000 m,SI definition,units
3874,The capital of Peru is Quito.,Contradicted,Correct fact: Capital of Peru = Lima,CIA World Factbook / UN,geography
3875,72 multiplied by 73 equals 5256.,Verified,72*73=5256,Computed,arithmetic
3876,48 multiplied by 26 equals 1248.,Verified,48*26=1248,Computed,arithmetic
3877,"Exactly 3,715 people walked through a street market in Ulaanbaatar on 17 October 2003.",Unverified,"No verifiable source exists; claim is speculative, private, unrecorded or about the future.",N/A,unrecorded-detail
3878,49 multiplied by 45 equals 2206.,Contradicted,Correct fact: 49*45=2205,Computed,arithmetic
3879,61 multiplied by 36 equals 2206.,Contradicted,Correct fact: 61*36=2196,Computed,arithmetic
3880,A secret tunnel reportedly connects the main railway station of Mexico City to a hidden vault.,Unverified,"No verifiable source exists; claim is speculative, private, unrecorded or about the future.",N/A,rumor
3881,"People in Amsterdam are, on average, 4 percent happier on Tuesdays than on Wednesdays.",Unverified,"No verifiable source exists; claim is speculative, private, unrecorded or about the future.",N/A,unsourced-claim
3882,The hormone that regulates blood glucose by lowering it is Atlantic Ocean.,Contradicted,Correct fact: The hormone that regulates blood glucose by lowering it is insulin,Standard reference texts,general knowledge
3883,105 plus 17 equals 121.,Contradicted,Correct fact: 105+17=122,Computed,arithmetic
3884,The square root of 441 is 21.,Verified,21^2=441,Computed,mathematics
3885,"Exactly 25,641 people walked through a street market in Cairo on 16 October 1967.",Unverified,"No verifiable source exists; claim is speculative, private, unrecorded or about the future.",N/A,unrecorded-detail
3886,674 plus 639 equals 1313.,Verified,674+639=1313,Computed,arithmetic
3887,Neha Kulkarni ate pasta for lunch on 6 March 2010.,Unverified,"No verifiable source exists; claim is speculative, private, unrecorded or about the future.",N/A,personal-private
3888,Ancient traders from Iraq secretly reached the Americas around the year 491.,Unverified,"No verifiable source exists; claim is speculative, private, unrecorded or about the future.",N/A,speculation
3889,263 is a prime number.,Verified,263 is prime,Computed,mathematics
3890,20 hours equal 2000 minutes.,Contradicted,Correct fact: 1 h = 60 min,SI definition,units
3891,Harish Gupta ate idli and sambar for lunch on 18 September 2019.,Unverified,"No verifiable source exists; claim is speculative, private, unrecorded or about the future.",N/A,personal-private
3892,224 is a prime number.,Contradicted,Correct fact: 224 divisible by 2,Computed,mathematics
3893,400 plus 855 equals 1253.,Contradicted,Correct fact: 400+855=1255,Computed,arithmetic
3894,31 multiplied by 12 equals 373.,Contradicted,Correct fact: 31*12=372,Computed,arithmetic
3895,58 multiplied by 61 equals 3538.,Verified,58*61=3538,Computed,arithmetic
3896,958 plus 828 equals 1788.,Contradicted,Correct fact: 958+828=1786,Computed,arithmetic
3897,220 plus 715 equals 945.,Contradicted,Correct fact: 220+715=935,Computed,arithmetic
3898,247 plus 524 equals 771.,Verified,247+524=771,Computed,arithmetic
3899,845 plus 790 equals 1637.,Contradicted,Correct fact: 845+790=1635,Computed,arithmetic
3900,640 plus 916 equals 1554.,Contradicted,Correct fact: 640+916=1556,Computed,arithmetic
3901,The square root of 900 is 33.,Contradicted,Correct fact: 30^2=900,Computed,mathematics
3902,The stock price of a randomly chosen company will rise exactly 34% next year.,Unverified,"No verifiable source exists; claim is speculative, private, unrecorded or about the future.",N/A,future-prediction
3903,47 multiplied by 23 equals 1061.,Contradicted,Correct fact: 47*23=1081,Computed,arithmetic
3904,208 plus 646 equals 854.,Verified,208+646=854,Computed,arithmetic
3905,A tiger sighted near Kyiv in 1959 weighed exactly 162 kg.,Unverified,"No verifiable source exists; claim is speculative, private, unrecorded or about the future.",N/A,unrecorded-detail
3906,523 plus 542 equals 1066.,Contradicted,Correct fact: 523+542=1065,Computed,arithmetic
3907,597 plus 679 equals 1274.,Contradicted,Correct fact: 597+679=1276,Computed,arithmetic
3908,Bogota is the capital city of Colombia.,Verified,Capital of Colombia = Bogota,CIA World Factbook / UN,geography
3909,The next major earthquake in Russia will occur in the month of May 2060.,Unverified,"No verifiable source exists; claim is speculative, private, unrecorded or about the future.",N/A,future-prediction
3910,A tiger sighted near Zagreb in 1919 weighed exactly 201 kg.,Unverified,"No verifiable source exists; claim is speculative, private, unrecorded or about the future.",N/A,unrecorded-detail
3911,38 is a composite number.,Verified,38 divisible by 2,Computed,mathematics
3912,91 degrees Celsius equals 200.8 degrees Fahrenheit.,Contradicted,Correct fact: F=C*9/5+32=195.8,SI / standard conversion,units
3913,23 degrees Celsius equals 64.4 degrees Fahrenheit.,Contradicted,Correct fact: F=C*9/5+32=73.4,SI / standard conversion,units
3914,96 multiplied by 32 equals 3072.,Verified,96*32=3072,Computed,arithmetic
3915,The square root of 36 is 4.,Contradicted,Correct fact: 6^2=36,Computed,mathematics
3916,336 plus 503 equals 838.,Contradicted,Correct fact: 336+503=839,Computed,arithmetic
3917,29 multiplied by 55 equals 1595.,Verified,29*55=1595,Computed,arithmetic
3918,"Exactly 34,123 people walked through a street market in Copenhagen on 17 July 1983.",Unverified,"No verifiable source exists; claim is speculative, private, unrecorded or about the future.",N/A,unrecorded-detail
3919,33 multiplied by 19 equals 627.,Verified,33*19=627,Computed,arithmetic
3920,793 plus 175 equals 969.,Contradicted,Correct fact: 793+175=968,Computed,arithmetic
3921,111 plus 252 equals 363.,Verified,111+252=363,Computed,arithmetic
3922,Neha Kulkarni ate a banana for lunch on 25 June 2017.,Unverified,"No verifiable source exists; claim is speculative, private, unrecorded or about the future.",N/A,personal-private
3923,The grandmother of Imran Qureshi once met a famous scientist in Brussels in 1945.,Unverified,"No verifiable source exists; claim is speculative, private, unrecorded or about the future.",N/A,personal-private
3924,319 plus 397 equals 714.,Contradicted,Correct fact: 319+397=716,Computed,arithmetic
3925,"365 kilometres equals 365,000 metres.",Verified,1 km = 1000 m,SI definition,units
3926,A tiger sighted near Lisbon in 1933 weighed exactly 176 kg.,Unverified,"No verifiable source exists; claim is speculative, private, unrecorded or about the future.",N/A,unrecorded-detail
3927,285 plus 826 equals 1112.,Contradicted,Correct fact: 285+826=1111,Computed,arithmetic
3928,Dr. Harish Gupta published a study in the Proceedings of the Local Research Circle in 1994 proving a cure for the common cold.,Unverified,"No verifiable source exists; claim is speculative, private, unrecorded or about the future.",N/A,unsourced-claim
3929,69 degrees Celsius equals 161.2 degrees Fahrenheit.,Contradicted,Correct fact: F=C*9/5+32=156.2,SI / standard conversion,units
3930,181 is a composite number.,Contradicted,Correct fact: 181 is prime,Computed,mathematics
3931,236 plus 663 equals 899.,Verified,236+663=899,Computed,arithmetic
3932,Ananya Das ate pasta for lunch on 14 December 2018.,Unverified,"No verifiable source exists; claim is speculative, private, unrecorded or about the future.",N/A,personal-private
3933,797 plus 389 equals 1184.,Contradicted,Correct fact: 797+389=1186,Computed,arithmetic
3934,"By 2144, the population of Brazil will exceed 1200 million.",Unverified,"No verifiable source exists; claim is speculative, private, unrecorded or about the future.",N/A,future-prediction
3935,There is a species of beetle living only in a single cave near Hanoi that has never been catalogued.,Unverified,"No verifiable source exists; claim is speculative, private, unrecorded or about the future.",N/A,speculation
3936,199 plus 394 equals 593.,Verified,199+394=593,Computed,arithmetic
3937,42 multiplied by 96 equals 4032.,Verified,42*96=4032,Computed,arithmetic
3938,"By 2145, the population of Denmark will exceed 350 million.",Unverified,"No verifiable source exists; claim is speculative, private, unrecorded or about the future.",N/A,future-prediction
3939,The square root of 625 is 23.,Contradicted,Correct fact: 25^2=625,Computed,mathematics
3940,"Exactly 25,455 people walked through a street market in Cairo on 2 July 1970.",Unverified,"No verifiable source exists; claim is speculative, private, unrecorded or about the future.",N/A,unrecorded-detail
3941,Ancient traders from Vietnam secretly reached the Americas around the year 601.,Unverified,"No verifiable source exists; claim is speculative, private, unrecorded or about the future.",N/A,speculation
3942,Fatima Khan ate pasta for lunch on 27 December 2007.,Unverified,"No verifiable source exists; claim is speculative, private, unrecorded or about the future.",N/A,personal-private
3943,21 multiplied by 85 equals 1784.,Contradicted,Correct fact: 21*85=1785,Computed,arithmetic
3944,A tiger sighted near Hanoi in 1917 weighed exactly 257 kg.,Unverified,"No verifiable source exists; claim is speculative, private, unrecorded or about the future.",N/A,unrecorded-detail
3945,29 multiplied by 92 equals 2668.,Verified,29*92=2668,Computed,arithmetic
3946,Ancient traders from Afghanistan secretly reached the Americas around the year 203.,Unverified,"No verifiable source exists; claim is speculative, private, unrecorded or about the future.",N/A,speculation
3947,94 multiplied by 20 equals 1879.,Contradicted,Correct fact: 94*20=1880,Computed,arithmetic
3948,Copenhagen is the capital city of Iran.,Contradicted,Correct fact: Capital of Iran = Tehran,CIA World Factbook / UN,geography
3949,52 degrees Celsius equals 125.6 degrees Fahrenheit.,Verified,F=C*9/5+32=125.6,SI / standard conversion,units
3950,589 plus 685 equals 1274.,Verified,589+685=1274,Computed,arithmetic
3951,The square root of 256 is 16.,Verified,16^2=256,Computed,mathematics
3952,57 multiplied by 84 equals 4798.,Contradicted,Correct fact: 57*84=4788,Computed,arithmetic
3953,The stock price of a randomly chosen company will rise exactly 8% next year.,Unverified,"No verifiable source exists; claim is speculative, private, unrecorded or about the future.",N/A,future-prediction
3954,"295 kilometres equals 29,500 metres.",Contradicted,Correct fact: 1 km = 1000 m,SI definition,units
3955,301 plus 401 equals 702.,Verified,301+401=702,Computed,arithmetic
3956,307 plus 733 equals 1040.,Verified,307+733=1040,Computed,arithmetic
3957,The stock price of a randomly chosen company will rise exactly 33% next year.,Unverified,"No verifiable source exists; claim is speculative, private, unrecorded or about the future.",N/A,future-prediction
3958,29 multiplied by 44 equals 1276.,Verified,29*44=1276,Computed,arithmetic
3959,"People in Sucre are, on average, 2 percent happier on Tuesdays than on Wednesdays.",Unverified,"No verifiable source exists; claim is speculative, private, unrecorded or about the future.",N/A,unsourced-claim
3960,240 is a composite number.,Verified,240 divisible by 2,Computed,mathematics
3961,52 plus 922 equals 974.,Verified,52+922=974,Computed,arithmetic
3962,The square root of 625 is 28.,Contradicted,Correct fact: 25^2=625,Computed,mathematics
3963,The grandmother of Ahmed Siddiqui once met a famous scientist in Addis Ababa in 1951.,Unverified,"No verifiable source exists; claim is speculative, private, unrecorded or about the future.",N/A,personal-private
3964,135 is a composite number.,Verified,135 divisible by 3,Computed,mathematics
3965,64 multiplied by 44 equals 2816.,Verified,64*44=2816,Computed,arithmetic
3966,"By 2085, the population of Cambodia will exceed 200 million.",Unverified,"No verifiable source exists; claim is speculative, private, unrecorded or about the future.",N/A,future-prediction
3967,715 plus 251 equals 965.,Contradicted,Correct fact: 715+251=966,Computed,arithmetic
3968,216 plus 871 equals 1087.,Verified,216+871=1087,Computed,arithmetic
3969,Ancient traders from Belgium secretly reached the Americas around the year 684.,Unverified,"No verifiable source exists; claim is speculative, private, unrecorded or about the future.",N/A,speculation
3970,The square root of 3364 is 61.,Contradicted,Correct fact: 58^2=3364,Computed,mathematics
3971,-7 degrees Celsius equals 24.4 degrees Fahrenheit.,Contradicted,Correct fact: F=C*9/5+32=19.4,SI / standard conversion,units
3972,"197 kilometres equals 197,000 metres.",Verified,1 km = 1000 m,SI definition,units
3973,Rohan Mehta ate dal and rice for lunch on 9 December 2003.,Unverified,"No verifiable source exists; claim is speculative, private, unrecorded or about the future.",N/A,personal-private
3974,The atomic number of Phosphorus is 15.,Verified,Phosphorus: Z=15,IUPAC Periodic Table,chemistry
3975,60 multiplied by 93 equals 5570.,Contradicted,Correct fact: 60*93=5580,Computed,arithmetic
3976,Dr. Lakshmi Iyer published a study in the Regional Review of Unlisted Science in 1986 proving a cure for the common cold.,Unverified,"No verifiable source exists; claim is speculative, private, unrecorded or about the future.",N/A,unsourced-claim
3977,16 multiplied by 80 equals 1290.,Contradicted,Correct fact: 16*80=1280,Computed,arithmetic
3978,660 plus 825 equals 1585.,Contradicted,Correct fact: 660+825=1485,Computed,arithmetic
3979,The next major earthquake in Spain will occur in the month of February 2052.,Unverified,"No verifiable source exists; claim is speculative, private, unrecorded or about the future.",N/A,future-prediction
3980,The powerhouse of the cell is the Delhi.,Contradicted,Correct fact: The powerhouse of the cell is the mitochondrion,Standard reference texts,general knowledge
3981,An undiscovered manuscript in a library in Montevideo contains an unknown play by Paulo Coelho.,Unverified,"No verifiable source exists; claim is speculative, private, unrecorded or about the future.",N/A,speculation
3982,290 plus 300 equals 590.,Verified,290+300=590,Computed,arithmetic
3983,The grandmother of Ananya Das once met a famous scientist in Berlin in 1949.,Unverified,"No verifiable source exists; claim is speculative, private, unrecorded or about the future.",N/A,personal-private
3984,Apollo 11 launched in 1969.,Verified,Apollo 11 launched: 1969,Encyclopaedia Britannica,history
3985,"By 2099, the population of Turkey will exceed 900 million.",Unverified,"No verifiable source exists; claim is speculative, private, unrecorded or about the future.",N/A,future-prediction
3986,A secret tunnel reportedly connects the main railway station of Ankara to a hidden vault.,Unverified,"No verifiable source exists; claim is speculative, private, unrecorded or about the future.",N/A,rumor
3987,The grandmother of Harish Gupta once met a famous scientist in Ottawa in 1969.,Unverified,"No verifiable source exists; claim is speculative, private, unrecorded or about the future.",N/A,personal-private
3988,24 multiplied by 48 equals 1162.,Contradicted,Correct fact: 24*48=1152,Computed,arithmetic
3989,"262 kilometres equals 262,000 metres.",Verified,1 km = 1000 m,SI definition,units
3990,Sanjay Rao ate a cheese sandwich for lunch on 18 March 2012.,Unverified,"No verifiable source exists; claim is speculative, private, unrecorded or about the future.",N/A,personal-private
3991,The grandmother of Ananya Das once met a famous scientist in Bern in 1939.,Unverified,"No verifiable source exists; claim is speculative, private, unrecorded or about the future.",N/A,personal-private
3992,The capital of Iran is Tehran.,Verified,Capital of Iran = Tehran,CIA World Factbook / UN,geography
3993,The next major earthquake in Russia will occur in the month of February 2037.,Unverified,"No verifiable source exists; claim is speculative, private, unrecorded or about the future.",N/A,future-prediction
3994,9 hours equal 900 minutes.,Contradicted,Correct fact: 1 h = 60 min,SI definition,units
3995,659 plus 539 equals 1198.,Verified,659+539=1198,Computed,arithmetic
3996,651 plus 749 equals 1400.,Verified,651+749=1400,Computed,arithmetic
3997,29 hours equal 2900 minutes.,Contradicted,Correct fact: 1 h = 60 min,SI definition,units
3998,"People in Santiago are, on average, 7 percent happier on Tuesdays than on Wednesdays.",Unverified,"No verifiable source exists; claim is speculative, private, unrecorded or about the future.",N/A,unsourced-claim
3999,Neha Kulkarni ate khichdi for lunch on 19 September 1997.,Unverified,"No verifiable source exists; claim is speculative, private, unrecorded or about the future.",N/A,personal-private
4000,A tiger sighted near Stockholm in 1932 weighed exactly 169 kg.,Unverified,"No verifiable source exists; claim is speculative, private, unrecorded or about the future.",N/A,unrecorded-detail
4001,279 is a prime number.,Contradicted,Correct fact: 279 divisible by 3,Computed,mathematics
4002,81 multiplied by 12 equals 972.,Verified,81*12=972,Computed,arithmetic
4003,Ancient traders from Indonesia secretly reached the Americas around the year 384.,Unverified,"No verifiable source exists; claim is speculative, private, unrecorded or about the future.",N/A,speculation
4004,Helsinki is the capital city of Finland.,Verified,Capital of Finland = Helsinki,CIA World Factbook / UN,geography
4005,Ancient traders from Czech Republic secretly reached the Americas around the year 634.,Unverified,"No verifiable source exists; claim is speculative, private, unrecorded or about the future.",N/A,speculation
4006,The capital of Ethiopia is Bangkok.,Contradicted,Correct fact: Capital of Ethiopia = Addis Ababa,CIA World Factbook / UN,geography
4007,"By 2070, the population of Israel will exceed 900 million.",Unverified,"No verifiable source exists; claim is speculative, private, unrecorded or about the future.",N/A,future-prediction
4008,24 multiplied by 55 equals 1320.,Verified,24*55=1320,Computed,arithmetic
4009,12 multiplied by 85 equals 1030.,Contradicted,Correct fact: 12*85=1020,Computed,arithmetic
4010,533 plus 423 equals 958.,Contradicted,Correct fact: 533+423=956,Computed,arithmetic
4011,Dr. Ahmed Siddiqui published a study in the Journal of Applied Obscure Studies in 2008 proving a cure for the common cold.,Unverified,"No verifiable source exists; claim is speculative, private, unrecorded or about the future.",N/A,unsourced-claim
4012,The atomic number of Sodium is 9.,Contradicted,Correct fact: Sodium: Z=11,IUPAC Periodic Table,chemistry
4013,81 degrees Celsius equals 195.8 degrees Fahrenheit.,Contradicted,Correct fact: F=C*9/5+32=177.8,SI / standard conversion,units
4014,"People in Copenhagen are, on average, 8 percent happier on Tuesdays than on Wednesdays.",Unverified,"No verifiable source exists; claim is speculative, private, unrecorded or about the future.",N/A,unsourced-claim
4015,Sanjay Rao ate a banana for lunch on 5 September 2006.,Unverified,"No verifiable source exists; claim is speculative, private, unrecorded or about the future.",N/A,personal-private
4016,17 multiplied by 41 equals 697.,Verified,17*41=697,Computed,arithmetic
4017,105 plus 932 equals 1039.,Contradicted,Correct fact: 105+932=1037,Computed,arithmetic
4018,Ancient traders from Cambodia secretly reached the Americas around the year 444.,Unverified,"No verifiable source exists; claim is speculative, private, unrecorded or about the future.",N/A,speculation
4019,Ancient traders from Ghana secretly reached the Americas around the year 800.,Unverified,"No verifiable source exists; claim is speculative, private, unrecorded or about the future.",N/A,speculation
4020,The grandmother of Arjun Reddy once met a famous scientist in Kyiv in 1945.,Unverified,"No verifiable source exists; claim is speculative, private, unrecorded or about the future.",N/A,personal-private
4021,"People in Vienna are, on average, 8 percent happier on Tuesdays than on Wednesdays.",Unverified,"No verifiable source exists; claim is speculative, private, unrecorded or about the future.",N/A,unsourced-claim
4022,The light bulb (commercial incandescent) is credited to Thomas Edison.,Verified,the light bulb (commercial incandescent) -> Thomas Edison,Encyclopaedia Britannica,science history
4023,879 plus 88 equals 1067.,Contradicted,Correct fact: 879+88=967,Computed,arithmetic
4024,The grandmother of Karan Bhatia once met a famous scientist in Paris in 1963.,Unverified,"No verifiable source exists; claim is speculative, private, unrecorded or about the future.",N/A,personal-private
4025,Ancient traders from New Zealand secretly reached the Americas around the year 562.,Unverified,"No verifiable source exists; claim is speculative, private, unrecorded or about the future.",N/A,speculation
4026,371 is a composite number.,Verified,371 divisible by 7,Computed,mathematics
4027,Imran Qureshi ate a salad for lunch on 14 December 2017.,Unverified,"No verifiable source exists; claim is speculative, private, unrecorded or about the future.",N/A,personal-private
4028,482 plus 946 equals 1430.,Contradicted,Correct fact: 482+946=1428,Computed,arithmetic
4029,441 plus 613 equals 1054.,Verified,441+613=1054,Computed,arithmetic
4030,The mayor of Addis Ababa privately decided in 2005 to rename a bridge after a childhood friend.,Unverified,"No verifiable source exists; claim is speculative, private, unrecorded or about the future.",N/A,unrecorded-detail
4031,The Chernobyl disaster occurred in 1986.,Verified,The Chernobyl disaster occurred: 1986,Encyclopaedia Britannica,history
4032,885 plus 282 equals 1169.,Contradicted,Correct fact: 885+282=1167,Computed,arithmetic
4033,440 plus 622 equals 1060.,Contradicted,Correct fact: 440+622=1062,Computed,arithmetic
4034,Homer is the author of The Alchemist.,Contradicted,Correct fact: The Alchemist -> Paulo Coelho,Library of Congress catalogue,literature
4035,The square root of 1089 is 33.,Verified,33^2=1089,Computed,mathematics
4036,635 plus 830 equals 1465.,Verified,635+830=1465,Computed,arithmetic
4037,"Exactly 22,016 people walked through a street market in Vientiane on 27 April 1980.",Unverified,"No verifiable source exists; claim is speculative, private, unrecorded or about the future.",N/A,unrecorded-detail
4038,Dr. Ahmed Siddiqui published a study in the Journal of Applied Obscure Studies in 2004 proving a cure for the common cold.,Unverified,"No verifiable source exists; claim is speculative, private, unrecorded or about the future.",N/A,unsourced-claim
4039,62 multiplied by 96 equals 5952.,Verified,62*96=5952,Computed,arithmetic
4040,28 hours equal 1680 minutes.,Verified,1 h = 60 min,SI definition,units
4041,422 plus 64 equals 486.,Verified,422+64=486,Computed,arithmetic
4042,861 plus 681 equals 1542.,Verified,861+681=1542,Computed,arithmetic
4043,986 plus 803 equals 1799.,Contradicted,Correct fact: 986+803=1789,Computed,arithmetic
4044,77 multiplied by 83 equals 6381.,Contradicted,Correct fact: 77*83=6391,Computed,arithmetic
4045,Dr. Lakshmi Iyer published a study in the Proceedings of the Local Research Circle in 1982 proving a cure for the common cold.,Unverified,"No verifiable source exists; claim is speculative, private, unrecorded or about the future.",N/A,unsourced-claim
4046,4 is a prime number.,Contradicted,Correct fact: 4 divisible by 2,Computed,mathematics
4047,152 plus 17 equals 171.,Contradicted,Correct fact: 152+17=169,Computed,arithmetic
4048,"People in Seoul are, on average, 8 percent happier on Tuesdays than on Wednesdays.",Unverified,"No verifiable source exists; claim is speculative, private, unrecorded or about the future.",N/A,unsourced-claim
4049,The grandmother of Harish Gupta once met a famous scientist in Vientiane in 1957.,Unverified,"No verifiable source exists; claim is speculative, private, unrecorded or about the future.",N/A,personal-private
4050,62 multiplied by 21 equals 1312.,Contradicted,Correct fact: 62*21=1302,Computed,arithmetic
4051,The mayor of Abuja privately decided in 2014 to rename a bridge after a childhood friend.,Unverified,"No verifiable source exists; claim is speculative, private, unrecorded or about the future.",N/A,unrecorded-detail
4052,387 plus 382 equals 769.,Verified,387+382=769,Computed,arithmetic
4053,"By 2120, the population of Serbia will exceed 600 million.",Unverified,"No verifiable source exists; claim is speculative, private, unrecorded or about the future.",N/A,future-prediction
4054,81 multiplied by 45 equals 3645.,Verified,81*45=3645,Computed,arithmetic
4055,52 plus 906 equals 948.,Contradicted,Correct fact: 52+906=958,Computed,arithmetic
4056,The mayor of Vienna privately decided in 1972 to rename a bridge after a childhood friend.,Unverified,"No verifiable source exists; claim is speculative, private, unrecorded or about the future.",N/A,unrecorded-detail
4057,564 plus 867 equals 1441.,Contradicted,Correct fact: 564+867=1431,Computed,arithmetic
4058,"People in Ulaanbaatar are, on average, 6 percent happier on Tuesdays than on Wednesdays.",Unverified,"No verifiable source exists; claim is speculative, private, unrecorded or about the future.",N/A,unsourced-claim
4059,There is a species of beetle living only in a single cave near Kabul that has never been catalogued.,Unverified,"No verifiable source exists; claim is speculative, private, unrecorded or about the future.",N/A,speculation
4060,"215 kilometres equals 21,500 metres.",Contradicted,Correct fact: 1 km = 1000 m,SI definition,units
4061,380 plus 721 equals 1101.,Verified,380+721=1101,Computed,arithmetic
4062,32 multiplied by 18 equals 556.,Contradicted,Correct fact: 32*18=576,Computed,arithmetic
4063,The Indian Space Research Organisation was founded in 1969.,Verified,The Indian Space Research Organisation was founded: 1969,Encyclopaedia Britannica,history
4064,"People in Helsinki are, on average, 5 percent happier on Tuesdays than on Wednesdays.",Unverified,"No verifiable source exists; claim is speculative, private, unrecorded or about the future.",N/A,unsourced-claim
4065,An undiscovered manuscript in a library in Bern contains an unknown play by Victor Hugo.,Unverified,"No verifiable source exists; claim is speculative, private, unrecorded or about the future.",N/A,speculation
4066,The square root of 2304 is 48.,Verified,48^2=2304,Computed,mathematics
4067,The square root of 2500 is 50.,Verified,50^2=2500,Computed,mathematics
4068,147 is a composite number.,Verified,147 divisible by 3,Computed,mathematics
4069,"People in Oslo are, on average, 4 percent happier on Tuesdays than on Wednesdays.",Unverified,"No verifiable source exists; claim is speculative, private, unrecorded or about the future.",N/A,unsourced-claim
4070,159 is a composite number.,Verified,159 divisible by 3,Computed,mathematics
4071,27 multiplied by 44 equals 1188.,Verified,27*44=1188,Computed,arithmetic
4072,396 is a composite number.,Verified,396 divisible by 2,Computed,mathematics
4073,The grandmother of Deepa Menon once met a famous scientist in Warsaw in 1961.,Unverified,"No verifiable source exists; claim is speculative, private, unrecorded or about the future.",N/A,personal-private
4074,63 multiplied by 96 equals 6048.,Verified,63*96=6048,Computed,arithmetic
4075,The Russian Revolution occurred in 1917.,Verified,The Russian Revolution occurred: 1917,Encyclopaedia Britannica,history
4076,The grandmother of Imran Qureshi once met a famous scientist in Athens in 1943.,Unverified,"No verifiable source exists; claim is speculative, private, unrecorded or about the future.",N/A,personal-private
4077,37 multiplied by 78 equals 2866.,Contradicted,Correct fact: 37*78=2886,Computed,arithmetic
4078,24 multiplied by 32 equals 748.,Contradicted,Correct fact: 24*32=768,Computed,arithmetic
4079,The next major earthquake in Uruguay will occur in the month of August 2053.,Unverified,"No verifiable source exists; claim is speculative, private, unrecorded or about the future.",N/A,future-prediction
4080,54 is a prime number.,Contradicted,Correct fact: 54 divisible by 2,Computed,mathematics
4081,92 multiplied by 81 equals 7452.,Verified,92*81=7452,Computed,arithmetic
4082,Dr. Arjun Reddy published a study in the Proceedings of the Local Research Circle in 1983 proving a cure for the common cold.,Unverified,"No verifiable source exists; claim is speculative, private, unrecorded or about the future.",N/A,unsourced-claim
4083,Dr. Rohan Mehta published a study in the Regional Review of Unlisted Science in 2009 proving a cure for the common cold.,Unverified,"No verifiable source exists; claim is speculative, private, unrecorded or about the future.",N/A,unsourced-claim
4084,"315 kilometres equals 31,500 metres.",Contradicted,Correct fact: 1 km = 1000 m,SI definition,units
4085,Dr. Harish Gupta published a study in the Proceedings of the Local Research Circle in 1986 proving a cure for the common cold.,Unverified,"No verifiable source exists; claim is speculative, private, unrecorded or about the future.",N/A,unsourced-claim
4086,Colombo is the capital city of Sri Lanka.,Verified,Capital of Sri Lanka = Colombo,CIA World Factbook / UN,geography
4087,396 plus 94 equals 500.,Contradicted,Correct fact: 396+94=490,Computed,arithmetic
4088,162 plus 862 equals 1025.,Contradicted,Correct fact: 162+862=1024,Computed,arithmetic
4089,776 plus 104 equals 880.,Verified,776+104=880,Computed,arithmetic
4090,92 multiplied by 30 equals 2760.,Verified,92*30=2760,Computed,arithmetic
4091,Ancient traders from Senegal secretly reached the Americas around the year 715.,Unverified,"No verifiable source exists; claim is speculative, private, unrecorded or about the future.",N/A,speculation
4092,The square root of 2304 is 50.,Contradicted,Correct fact: 48^2=2304,Computed,mathematics
4093,Vikram Sethi ate a banana for lunch on 3 September 2010.,Unverified,"No verifiable source exists; claim is speculative, private, unrecorded or about the future.",N/A,personal-private
4094,107 degrees Celsius equals 224.6 degrees Fahrenheit.,Verified,F=C*9/5+32=224.6,SI / standard conversion,units
4095,985 plus 253 equals 1238.,Verified,985+253=1238,Computed,arithmetic
4096,877 plus 339 equals 1226.,Contradicted,Correct fact: 877+339=1216,Computed,arithmetic
4097,A tiger sighted near Nairobi in 1922 weighed exactly 231 kg.,Unverified,"No verifiable source exists; claim is speculative, private, unrecorded or about the future.",N/A,unrecorded-detail
4098,105 degrees Celsius equals 239 degrees Fahrenheit.,Contradicted,Correct fact: F=C*9/5+32=221,SI / standard conversion,units
4099,"By 2140, the population of Denmark will exceed 1200 million.",Unverified,"No verifiable source exists; claim is speculative, private, unrecorded or about the future.",N/A,future-prediction
4100,670 plus 999 equals 1669.,Verified,670+999=1669,Computed,arithmetic
4101,814 plus 471 equals 1285.,Verified,814+471=1285,Computed,arithmetic
4102,49 is a prime number.,Contradicted,Correct fact: 49 divisible by 7,Computed,mathematics
4103,150 plus 899 equals 1049.,Verified,150+899=1049,Computed,arithmetic
4104,72 multiplied by 90 equals 6490.,Contradicted,Correct fact: 72*90=6480,Computed,arithmetic
4105,17 multiplied by 28 equals 476.,Verified,17*28=476,Computed,arithmetic
4106,The next major earthquake in Spain will occur in the month of November 2046.,Unverified,"No verifiable source exists; claim is speculative, private, unrecorded or about the future.",N/A,future-prediction
4107,27 is a prime number.,Contradicted,Correct fact: 27 divisible by 3,Computed,mathematics
4108,95 degrees Celsius equals 203 degrees Fahrenheit.,Verified,F=C*9/5+32=203,SI / standard conversion,units
4109,"Exactly 41,544 people walked through a street market in Jerusalem on 28 July 2003.",Unverified,"No verifiable source exists; claim is speculative, private, unrecorded or about the future.",N/A,unrecorded-detail
4110,An undiscovered manuscript in a library in Amsterdam contains an unknown play by Chinua Achebe.,Unverified,"No verifiable source exists; claim is speculative, private, unrecorded or about the future.",N/A,speculation
4111,A tiger sighted near Athens in 1905 weighed exactly 166 kg.,Unverified,"No verifiable source exists; claim is speculative, private, unrecorded or about the future.",N/A,unrecorded-detail
4112,"By 2118, the population of Austria will exceed 500 million.",Unverified,"No verifiable source exists; claim is speculative, private, unrecorded or about the future.",N/A,future-prediction
4113,"394 kilometres equals 394,000 metres.",Verified,1 km = 1000 m,SI definition,units
4114,46 multiplied by 82 equals 3772.,Verified,46*82=3772,Computed,arithmetic
4115,The Titanic sank in 1905.,Contradicted,Correct fact: The Titanic sank: 1912,Encyclopaedia Britannica,history
4116,"By 2083, the population of Uganda will exceed 350 million.",Unverified,"No verifiable source exists; claim is speculative, private, unrecorded or about the future.",N/A,future-prediction
4117,616 plus 98 equals 724.,Contradicted,Correct fact: 616+98=714,Computed,arithmetic
4118,53 multiplied by 77 equals 4061.,Contradicted,Correct fact: 53*77=4081,Computed,arithmetic
4119,Dr. Deepa Menon published a study in the Regional Review of Unlisted Science in 2000 proving a cure for the common cold.,Unverified,"No verifiable source exists; claim is speculative, private, unrecorded or about the future.",N/A,unsourced-claim
4120,43 hours equal 4300 minutes.,Contradicted,Correct fact: 1 h = 60 min,SI definition,units
4121,"432 kilometres equals 432,000 metres.",Verified,1 km = 1000 m,SI definition,units
4122,"350 kilometres equals 35,000 metres.",Contradicted,Correct fact: 1 km = 1000 m,SI definition,units
4123,The next major earthquake in Vietnam will occur in the month of November 2050.,Unverified,"No verifiable source exists; claim is speculative, private, unrecorded or about the future.",N/A,future-prediction
4124,"Exactly 80,920 people walked through a street market in Santiago on 5 January 1954.",Unverified,"No verifiable source exists; claim is speculative, private, unrecorded or about the future.",N/A,unrecorded-detail
4125,Sofia is the capital city of Ecuador.,Contradicted,Correct fact: Capital of Ecuador = Quito,CIA World Factbook / UN,geography
4126,857 plus 650 equals 1507.,Verified,857+650=1507,Computed,arithmetic
4127,644 plus 665 equals 1319.,Contradicted,Correct fact: 644+665=1309,Computed,arithmetic
4128,The next major earthquake in New Zealand will occur in the month of May 2031.,Unverified,"No verifiable source exists; claim is speculative, private, unrecorded or about the future.",N/A,future-prediction
4129,An undiscovered manuscript in a library in Mexico City contains an unknown play by Chinua Achebe.,Unverified,"No verifiable source exists; claim is speculative, private, unrecorded or about the future.",N/A,speculation
4130,Karan Bhatia ate khichdi for lunch on 22 March 2000.,Unverified,"No verifiable source exists; claim is speculative, private, unrecorded or about the future.",N/A,personal-private
4131,669 plus 992 equals 1661.,Verified,669+992=1661,Computed,arithmetic
4132,"233 kilometres equals 233,000 metres.",Verified,1 km = 1000 m,SI definition,units
4133,A secret tunnel reportedly connects the main railway station of Athens to a hidden vault.,Unverified,"No verifiable source exists; claim is speculative, private, unrecorded or about the future.",N/A,rumor
4134,The stock price of a randomly chosen company will rise exactly 20% next year.,Unverified,"No verifiable source exists; claim is speculative, private, unrecorded or about the future.",N/A,future-prediction
4135,94 multiplied by 62 equals 5828.,Verified,94*62=5828,Computed,arithmetic
4136,21 multiplied by 37 equals 777.,Verified,21*37=777,Computed,arithmetic
4137,The grandmother of Vikram Sethi once met a famous scientist in Dhaka in 1943.,Unverified,"No verifiable source exists; claim is speculative, private, unrecorded or about the future.",N/A,personal-private
4138,An undiscovered manuscript in a library in Madrid contains an unknown play by J. D. Salinger.,Unverified,"No verifiable source exists; claim is speculative, private, unrecorded or about the future.",N/A,speculation
4139,Oliver Twist was written by Charles Dickens.,Verified,Oliver Twist -> Charles Dickens,Library of Congress catalogue,literature
4140,32 hours equal 1920 minutes.,Verified,1 h = 60 min,SI definition,units
4141,726 plus 378 equals 1104.,Verified,726+378=1104,Computed,arithmetic
4142,Rohan Mehta ate a salad for lunch on 21 September 2015.,Unverified,"No verifiable source exists; claim is speculative, private, unrecorded or about the future.",N/A,personal-private
4143,317 plus 783 equals 1101.,Contradicted,Correct fact: 317+783=1100,Computed,arithmetic
4144,The telephone is credited to Alexander Graham Bell.,Verified,the telephone -> Alexander Graham Bell,Encyclopaedia Britannica,science history
4145,94 is a composite number.,Verified,94 divisible by 2,Computed,mathematics
4146,Dublin is the capital city of Belgium.,Contradicted,Correct fact: Capital of Belgium = Brussels,CIA World Factbook / UN,geography
4147,The grandmother of Ananya Das once met a famous scientist in Berlin in 1956.,Unverified,"No verifiable source exists; claim is speculative, private, unrecorded or about the future.",N/A,personal-private
4148,10 degrees Celsius equals 41 degrees Fahrenheit.,Contradicted,Correct fact: F=C*9/5+32=50,SI / standard conversion,units
4149,"412 kilometres equals 41,200 metres.",Contradicted,Correct fact: 1 km = 1000 m,SI definition,units
4150,36 degrees Celsius equals 87.8 degrees Fahrenheit.,Contradicted,Correct fact: F=C*9/5+32=96.8,SI / standard conversion,units
4151,38 degrees Celsius equals 100.4 degrees Fahrenheit.,Verified,F=C*9/5+32=100.4,SI / standard conversion,units
4152,97 degrees Celsius equals 201.6 degrees Fahrenheit.,Contradicted,Correct fact: F=C*9/5+32=206.6,SI / standard conversion,units
4153,359 is a composite number.,Contradicted,Correct fact: 359 is prime,Computed,mathematics
4154,35 multiplied by 85 equals 2975.,Verified,35*85=2975,Computed,arithmetic
4155,361 is a prime number.,Contradicted,Correct fact: 361 divisible by 19,Computed,mathematics
4156,39 multiplied by 35 equals 1365.,Verified,39*35=1365,Computed,arithmetic
4157,589 plus 790 equals 1379.,Verified,589+790=1379,Computed,arithmetic
4158,390 plus 303 equals 691.,Contradicted,Correct fact: 390+303=693,Computed,arithmetic
4159,An undiscovered manuscript in a library in Budapest contains an unknown play by Gustave Flaubert.,Unverified,"No verifiable source exists; claim is speculative, private, unrecorded or about the future.",N/A,speculation
4160,883 plus 344 equals 1227.,Verified,883+344=1227,Computed,arithmetic
4161,"People in Tehran are, on average, 9 percent happier on Tuesdays than on Wednesdays.",Unverified,"No verifiable source exists; claim is speculative, private, unrecorded or about the future.",N/A,unsourced-claim
4162,Ancient traders from China secretly reached the Americas around the year 761.,Unverified,"No verifiable source exists; claim is speculative, private, unrecorded or about the future.",N/A,speculation
4163,85 is a composite number.,Verified,85 divisible by 5,Computed,mathematics
4164,The laws of planetary motion is credited to Johannes Kepler.,Verified,the laws of planetary motion -> Johannes Kepler,Encyclopaedia Britannica,science history
4165,73 is a composite number.,Contradicted,Correct fact: 73 is prime,Computed,mathematics
4166,-26 degrees Celsius equals -5.8 degrees Fahrenheit.,Contradicted,Correct fact: F=C*9/5+32=-14.8,SI / standard conversion,units
4167,The chemical formula of table salt is NaCl.,Verified,The chemical formula of table salt is NaCl,Standard reference texts,general knowledge
4168,653 plus 707 equals 1360.,Verified,653+707=1360,Computed,arithmetic
4169,269 is a composite number.,Contradicted,Correct fact: 269 is prime,Computed,mathematics
4170,95 multiplied by 16 equals 1520.,Verified,95*16=1520,Computed,arithmetic
4171,94 multiplied by 50 equals 4680.,Contradicted,Correct fact: 94*50=4700,Computed,arithmetic
4172,40 multiplied by 51 equals 2041.,Contradicted,Correct fact: 40*51=2040,Computed,arithmetic
4173,The capital of Romania is Addis Ababa.,Contradicted,Correct fact: Capital of Romania = Bucharest,CIA World Factbook / UN,geography
4174,A tiger sighted near Canberra in 1931 weighed exactly 188 kg.,Unverified,"No verifiable source exists; claim is speculative, private, unrecorded or about the future.",N/A,unrecorded-detail
4175,Ancient traders from Nepal secretly reached the Americas around the year 641.,Unverified,"No verifiable source exists; claim is speculative, private, unrecorded or about the future.",N/A,speculation
4176,The currency of the United Kingdom is the pound sterling.,Verified,The currency of the United Kingdom is the pound sterling,Standard reference texts,general knowledge
4177,88 multiplied by 82 equals 7216.,Verified,88*82=7216,Computed,arithmetic
4178,49 multiplied by 81 equals 3989.,Contradicted,Correct fact: 49*81=3969,Computed,arithmetic
4179,50 multiplied by 44 equals 2200.,Verified,50*44=2200,Computed,arithmetic
4180,Leo Tolstoy is the author of One Hundred Years of Solitude.,Contradicted,Correct fact: One Hundred Years of Solitude -> Gabriel Garcia Marquez,Library of Congress catalogue,literature
4181,The square root of 400 is 19.,Contradicted,Correct fact: 20^2=400,Computed,mathematics
4182,40 multiplied by 15 equals 600.,Verified,40*15=600,Computed,arithmetic
4183,"People in Kampala are, on average, 5 percent happier on Tuesdays than on Wednesdays.",Unverified,"No verifiable source exists; claim is speculative, private, unrecorded or about the future.",N/A,unsourced-claim
4184,41 multiplied by 23 equals 943.,Verified,41*23=943,Computed,arithmetic
4185,1 degrees Celsius equals 42.8 degrees Fahrenheit.,Contradicted,Correct fact: F=C*9/5+32=33.8,SI / standard conversion,units
4186,There is a species of beetle living only in a single cave near Astana that has never been catalogued.,Unverified,"No verifiable source exists; claim is speculative, private, unrecorded or about the future.",N/A,speculation
4187,33 hours equal 1980 minutes.,Verified,1 h = 60 min,SI definition,units
4188,Dr. Arjun Reddy published a study in the Journal of Applied Obscure Studies in 1981 proving a cure for the common cold.,Unverified,"No verifiable source exists; claim is speculative, private, unrecorded or about the future.",N/A,unsourced-claim
4189,A tiger sighted near Montevideo in 1904 weighed exactly 204 kg.,Unverified,"No verifiable source exists; claim is speculative, private, unrecorded or about the future.",N/A,unrecorded-detail
4190,310 plus 863 equals 1183.,Contradicted,Correct fact: 310+863=1173,Computed,arithmetic
4191,Karan Bhatia ate dal and rice for lunch on 5 June 2003.,Unverified,"No verifiable source exists; claim is speculative, private, unrecorded or about the future.",N/A,personal-private
4192,38 hours equal 2280 minutes.,Verified,1 h = 60 min,SI definition,units
4193,The square root of 3249 is 59.,Contradicted,Correct fact: 57^2=3249,Computed,mathematics
4194,There is a species of beetle living only in a single cave near Moscow that has never been catalogued.,Unverified,"No verifiable source exists; claim is speculative, private, unrecorded or about the future.",N/A,speculation
4195,77 multiplied by 78 equals 6026.,Contradicted,Correct fact: 77*78=6006,Computed,arithmetic
4196,-6 degrees Celsius equals 39.2 degrees Fahrenheit.,Contradicted,Correct fact: F=C*9/5+32=21.2,SI / standard conversion,units
4197,447 plus 116 equals 563.,Verified,447+116=563,Computed,arithmetic
4198,The square root of 1089 is 34.,Contradicted,Correct fact: 33^2=1089,Computed,mathematics
4199,"420 kilometres equals 42,000 metres.",Contradicted,Correct fact: 1 km = 1000 m,SI definition,units
4200,18 multiplied by 80 equals 1440.,Verified,18*80=1440,Computed,arithmetic
4201,197 plus 611 equals 809.,Contradicted,Correct fact: 197+611=808,Computed,arithmetic
4202,"308 kilometres equals 308,000 metres.",Verified,1 km = 1000 m,SI definition,units
4203,347 plus 965 equals 1312.,Verified,347+965=1312,Computed,arithmetic
4204,The stock price of a randomly chosen company will rise exactly 39% next year.,Unverified,"No verifiable source exists; claim is speculative, private, unrecorded or about the future.",N/A,future-prediction
4205,130 is a composite number.,Verified,130 divisible by 2,Computed,mathematics
4206,46 multiplied by 91 equals 4186.,Verified,46*91=4186,Computed,arithmetic
4207,334 plus 28 equals 362.,Verified,334+28=362,Computed,arithmetic
4208,532 plus 241 equals 763.,Contradicted,Correct fact: 532+241=773,Computed,arithmetic
4209,28 multiplied by 25 equals 680.,Contradicted,Correct fact: 28*25=700,Computed,arithmetic
4210,"Exactly 87,588 people walked through a street market in Budapest on 24 July 1959.",Unverified,"No verifiable source exists; claim is speculative, private, unrecorded or about the future.",N/A,unrecorded-detail
4211,859 plus 563 equals 1422.,Verified,859+563=1422,Computed,arithmetic
4212,49 multiplied by 45 equals 2205.,Verified,49*45=2205,Computed,arithmetic
4213,A tiger sighted near Lima in 1933 weighed exactly 215 kg.,Unverified,"No verifiable source exists; claim is speculative, private, unrecorded or about the future.",N/A,unrecorded-detail
4214,34 multiplied by 74 equals 2516.,Verified,34*74=2516,Computed,arithmetic
4215,Ancient traders from Austria secretly reached the Americas around the year 237.,Unverified,"No verifiable source exists; claim is speculative, private, unrecorded or about the future.",N/A,speculation
4216,42 hours equal 2520 minutes.,Verified,1 h = 60 min,SI definition,units
4217,6 hours equal 600 minutes.,Contradicted,Correct fact: 1 h = 60 min,SI definition,units
4218,21 multiplied by 14 equals 274.,Contradicted,Correct fact: 21*14=294,Computed,arithmetic
4219,12 multiplied by 23 equals 286.,Contradicted,Correct fact: 12*23=276,Computed,arithmetic
4220,Neha Kulkarni ate a cheese sandwich for lunch on 11 December 2009.,Unverified,"No verifiable source exists; claim is speculative, private, unrecorded or about the future.",N/A,personal-private
4221,The mayor of Cairo privately decided in 1964 to rename a bridge after a childhood friend.,Unverified,"No verifiable source exists; claim is speculative, private, unrecorded or about the future.",N/A,unrecorded-detail
4222,874 plus 473 equals 1347.,Verified,874+473=1347,Computed,arithmetic
4223,870 plus 89 equals 959.,Verified,870+89=959,Computed,arithmetic
4224,"185 kilometres equals 185,000 metres.",Verified,1 km = 1000 m,SI definition,units
4225,531 plus 817 equals 1348.,Verified,531+817=1348,Computed,arithmetic
4226,"People in Bucharest are, on average, 7 percent happier on Tuesdays than on Wednesdays.",Unverified,"No verifiable source exists; claim is speculative, private, unrecorded or about the future.",N/A,unsourced-claim
4227,An undiscovered manuscript in a library in Lisbon contains an unknown play by J. R. R. Tolkien.,Unverified,"No verifiable source exists; claim is speculative, private, unrecorded or about the future.",N/A,speculation
4228,Dakar is the capital city of Mexico.,Contradicted,Correct fact: Capital of Mexico = Mexico City,CIA World Factbook / UN,geography
4229,266 plus 997 equals 1363.,Contradicted,Correct fact: 266+997=1263,Computed,arithmetic
4230,99 multiplied by 40 equals 3960.,Verified,99*40=3960,Computed,arithmetic
4231,463 plus 46 equals 509.,Verified,463+46=509,Computed,arithmetic
4232,367 plus 738 equals 1105.,Verified,367+738=1105,Computed,arithmetic
4233,"Exactly 95,256 people walked through a street market in Abuja on 18 April 1981.",Unverified,"No verifiable source exists; claim is speculative, private, unrecorded or about the future.",N/A,unrecorded-detail
4234,An undiscovered manuscript in a library in Ottawa contains an unknown play by Paulo Coelho.,Unverified,"No verifiable source exists; claim is speculative, private, unrecorded or about the future.",N/A,speculation
4235,A tiger sighted near Jerusalem in 1934 weighed exactly 244 kg.,Unverified,"No verifiable source exists; claim is speculative, private, unrecorded or about the future.",N/A,unrecorded-detail
4236,373 is a prime number.,Verified,373 is prime,Computed,mathematics
4237,66 degrees Celsius equals 150.8 degrees Fahrenheit.,Verified,F=C*9/5+32=150.8,SI / standard conversion,units
4238,Amsterdam is the capital city of Netherlands.,Verified,Capital of Netherlands = Amsterdam,CIA World Factbook / UN,geography
4239,23 multiplied by 32 equals 756.,Contradicted,Correct fact: 23*32=736,Computed,arithmetic
4240,93 multiplied by 72 equals 6696.,Verified,93*72=6696,Computed,arithmetic
4241,535 plus 127 equals 662.,Verified,535+127=662,Computed,arithmetic
4242,346 is a prime number.,Contradicted,Correct fact: 346 divisible by 2,Computed,mathematics
4243,The grandmother of Ahmed Siddiqui once met a famous scientist in Montevideo in 1964.,Unverified,"No verifiable source exists; claim is speculative, private, unrecorded or about the future.",N/A,personal-private
4244,67 plus 814 equals 881.,Verified,67+814=881,Computed,arithmetic
4245,22 multiplied by 51 equals 1122.,Verified,22*51=1122,Computed,arithmetic
4246,349 plus 108 equals 459.,Contradicted,Correct fact: 349+108=457,Computed,arithmetic
4247,68 multiplied by 53 equals 3603.,Contradicted,Correct fact: 68*53=3604,Computed,arithmetic
4248,380 is a composite number.,Verified,380 divisible by 2,Computed,mathematics
4249,634 plus 163 equals 797.,Verified,634+163=797,Computed,arithmetic
4250,"Exactly 79,576 people walked through a street market in New Delhi on 13 October 1950.",Unverified,"No verifiable source exists; claim is speculative, private, unrecorded or about the future.",N/A,unrecorded-detail
4251,The square root of 1764 is 45.,Contradicted,Correct fact: 42^2=1764,Computed,mathematics
4252,129 plus 589 equals 718.,Verified,129+589=718,Computed,arithmetic
4253,Ancient traders from Ghana secretly reached the Americas around the year 268.,Unverified,"No verifiable source exists; claim is speculative, private, unrecorded or about the future.",N/A,speculation
4254,15 multiplied by 41 equals 625.,Contradicted,Correct fact: 15*41=615,Computed,arithmetic
4255,53 multiplied by 60 equals 3180.,Verified,53*60=3180,Computed,arithmetic
4256,-13 degrees Celsius equals 17.6 degrees Fahrenheit.,Contradicted,Correct fact: F=C*9/5+32=8.6,SI / standard conversion,units
4257,287 plus 602 equals 879.,Contradicted,Correct fact: 287+602=889,Computed,arithmetic
4258,The mayor of Jakarta privately decided in 2014 to rename a bridge after a childhood friend.,Unverified,"No verifiable source exists; claim is speculative, private, unrecorded or about the future.",N/A,unrecorded-detail
4259,108 degrees Celsius equals 217.4 degrees Fahrenheit.,Contradicted,Correct fact: F=C*9/5+32=226.4,SI / standard conversion,units
4260,"Exactly 50,998 people walked through a street market in Kyiv on 13 July 1950.",Unverified,"No verifiable source exists; claim is speculative, private, unrecorded or about the future.",N/A,unrecorded-detail
4261,85 multiplied by 41 equals 3485.,Verified,85*41=3485,Computed,arithmetic
4262,254 plus 402 equals 658.,Contradicted,Correct fact: 254+402=656,Computed,arithmetic
4263,An undiscovered manuscript in a library in Mexico City contains an unknown play by Dante Alighieri.,Unverified,"No verifiable source exists; claim is speculative, private, unrecorded or about the future.",N/A,speculation
4264,A tiger sighted near Baghdad in 1950 weighed exactly 240 kg.,Unverified,"No verifiable source exists; claim is speculative, private, unrecorded or about the future.",N/A,unrecorded-detail
4265,717 plus 323 equals 1040.,Verified,717+323=1040,Computed,arithmetic
4266,73 multiplied by 73 equals 5319.,Contradicted,Correct fact: 73*73=5329,Computed,arithmetic
4267,The square root of 64 is 5.,Contradicted,Correct fact: 8^2=64,Computed,mathematics
4268,34 hours equal 2040 minutes.,Verified,1 h = 60 min,SI definition,units
4269,72 multiplied by 75 equals 5400.,Verified,72*75=5400,Computed,arithmetic
4270,A tiger sighted near Quito in 1938 weighed exactly 186 kg.,Unverified,"No verifiable source exists; claim is speculative, private, unrecorded or about the future.",N/A,unrecorded-detail
4271,The Wright brothers' first powered flight took place in 1907.,Contradicted,Correct fact: The Wright brothers' first powered flight took place: 1903,Encyclopaedia Britannica,history
4272,The stock price of a randomly chosen company will rise exactly 28% next year.,Unverified,"No verifiable source exists; claim is speculative, private, unrecorded or about the future.",N/A,future-prediction
4273,65 plus 114 equals 180.,Contradicted,Correct fact: 65+114=179,Computed,arithmetic
4274,57 multiplied by 86 equals 4892.,Contradicted,Correct fact: 57*86=4902,Computed,arithmetic
4275,44 hours equal 2640 minutes.,Verified,1 h = 60 min,SI definition,units
4276,46 multiplied by 28 equals 1308.,Contradicted,Correct fact: 46*28=1288,Computed,arithmetic
4277,307 is a composite number.,Contradicted,Correct fact: 307 is prime,Computed,mathematics
4278,A tiger sighted near Tehran in 1939 weighed exactly 217 kg.,Unverified,"No verifiable source exists; claim is speculative, private, unrecorded or about the future.",N/A,unrecorded-detail
4279,732 plus 468 equals 1198.,Contradicted,Correct fact: 732+468=1200,Computed,arithmetic
4280,40 hours equal 4000 minutes.,Contradicted,Correct fact: 1 h = 60 min,SI definition,units
4281,65 multiplied by 87 equals 5656.,Contradicted,Correct fact: 65*87=5655,Computed,arithmetic
4282,34 multiplied by 93 equals 3163.,Contradicted,Correct fact: 34*93=3162,Computed,arithmetic
4283,A tiger sighted near Abuja in 1919 weighed exactly 233 kg.,Unverified,"No verifiable source exists; claim is speculative, private, unrecorded or about the future.",N/A,unrecorded-detail
4284,Ancient traders from Bangladesh secretly reached the Americas around the year 815.,Unverified,"No verifiable source exists; claim is speculative, private, unrecorded or about the future.",N/A,speculation
4285,68 multiplied by 58 equals 3944.,Verified,68*58=3944,Computed,arithmetic
4286,"By 2137, the population of Israel will exceed 800 million.",Unverified,"No verifiable source exists; claim is speculative, private, unrecorded or about the future.",N/A,future-prediction
4287,The Divine Comedy was written by James Joyce.,Contradicted,Correct fact: The Divine Comedy -> Dante Alighieri,Library of Congress catalogue,literature
4288,Karan Bhatia ate dal and rice for lunch on 7 June 2017.,Unverified,"No verifiable source exists; claim is speculative, private, unrecorded or about the future.",N/A,personal-private
4289,63 is a composite number.,Verified,63 divisible by 3,Computed,mathematics
4290,A secret tunnel reportedly connects the main railway station of Canberra to a hidden vault.,Unverified,"No verifiable source exists; claim is speculative, private, unrecorded or about the future.",N/A,rumor
4291,62 multiplied by 63 equals 3906.,Verified,62*63=3906,Computed,arithmetic
4292,"263 kilometres equals 26,300 metres.",Contradicted,Correct fact: 1 km = 1000 m,SI definition,units
4293,"165 kilometres equals 16,500 metres.",Contradicted,Correct fact: 1 km = 1000 m,SI definition,units
4294,"Exactly 23,560 people walked through a street market in Tokyo on 9 January 2001.",Unverified,"No verifiable source exists; claim is speculative, private, unrecorded or about the future.",N/A,unrecorded-detail
4295,700 plus 778 equals 1488.,Contradicted,Correct fact: 700+778=1478,Computed,arithmetic
4296,"By 2138, the population of Iran will exceed 600 million.",Unverified,"No verifiable source exists; claim is speculative, private, unrecorded or about the future.",N/A,future-prediction
4297,756 plus 446 equals 1192.,Contradicted,Correct fact: 756+446=1202,Computed,arithmetic
4298,"Exactly 56,987 people walked through a street market in Tokyo on 16 April 1961.",Unverified,"No verifiable source exists; claim is speculative, private, unrecorded or about the future.",N/A,unrecorded-detail
4299,The next major earthquake in Belgium will occur in the month of August 2031.,Unverified,"No verifiable source exists; claim is speculative, private, unrecorded or about the future.",N/A,future-prediction
4300,Ancient traders from Venezuela secretly reached the Americas around the year 771.,Unverified,"No verifiable source exists; claim is speculative, private, unrecorded or about the future.",N/A,speculation
4301,87 multiplied by 52 equals 4524.,Verified,87*52=4524,Computed,arithmetic
4302,The largest ocean on Earth is the pancreas.,Contradicted,Correct fact: The largest ocean on Earth is the Pacific Ocean,Standard reference texts,general knowledge
4303,Bogota is the capital city of Croatia.,Contradicted,Correct fact: Capital of Croatia = Zagreb,CIA World Factbook / UN,geography
4304,"People in Astana are, on average, 2 percent happier on Tuesdays than on Wednesdays.",Unverified,"No verifiable source exists; claim is speculative, private, unrecorded or about the future.",N/A,unsourced-claim
4305,103 degrees Celsius equals 222.4 degrees Fahrenheit.,Contradicted,Correct fact: F=C*9/5+32=217.4,SI / standard conversion,units
4306,568 plus 398 equals 966.,Verified,568+398=966,Computed,arithmetic
4307,The mayor of Kampala privately decided in 1963 to rename a bridge after a childhood friend.,Unverified,"No verifiable source exists; claim is speculative, private, unrecorded or about the future.",N/A,unrecorded-detail
4308,53 multiplied by 64 equals 3412.,Contradicted,Correct fact: 53*64=3392,Computed,arithmetic
4309,835 plus 582 equals 1416.,Contradicted,Correct fact: 835+582=1417,Computed,arithmetic
4310,86 plus 58 equals 144.,Verified,86+58=144,Computed,arithmetic
4311,"67 kilometres equals 67,000 metres.",Verified,1 km = 1000 m,SI definition,units
4312,230 plus 500 equals 720.,Contradicted,Correct fact: 230+500=730,Computed,arithmetic
4313,164 plus 842 equals 1006.,Verified,164+842=1006,Computed,arithmetic
4314,420 plus 437 equals 867.,Contradicted,Correct fact: 420+437=857,Computed,arithmetic
4315,"198 kilometres equals 19,800 metres.",Contradicted,Correct fact: 1 km = 1000 m,SI definition,units
4316,Dr. Imran Qureshi published a study in the Regional Review of Unlisted Science in 1980 proving a cure for the common cold.,Unverified,"No verifiable source exists; claim is speculative, private, unrecorded or about the future.",N/A,unsourced-claim
4317,612 plus 233 equals 845.,Verified,612+233=845,Computed,arithmetic
4318,A tiger sighted near Seoul in 1903 weighed exactly 164 kg.,Unverified,"No verifiable source exists; claim is speculative, private, unrecorded or about the future.",N/A,unrecorded-detail
4319,549 plus 338 equals 887.,Verified,549+338=887,Computed,arithmetic
4320,"By 2092, the population of Czech Republic will exceed 300 million.",Unverified,"No verifiable source exists; claim is speculative, private, unrecorded or about the future.",N/A,future-prediction
4321,220 plus 360 equals 580.,Verified,220+360=580,Computed,arithmetic
4322,The mayor of Dodoma privately decided in 1971 to rename a bridge after a childhood friend.,Unverified,"No verifiable source exists; claim is speculative, private, unrecorded or about the future.",N/A,unrecorded-detail
4323,67 multiplied by 79 equals 5313.,Contradicted,Correct fact: 67*79=5293,Computed,arithmetic
4324,45 plus 472 equals 516.,Contradicted,Correct fact: 45+472=517,Computed,arithmetic
4325,968 plus 214 equals 1182.,Verified,968+214=1182,Computed,arithmetic
4326,"317 kilometres equals 31,700 metres.",Contradicted,Correct fact: 1 km = 1000 m,SI definition,units
4327,Ancient traders from Vietnam secretly reached the Americas around the year 431.,Unverified,"No verifiable source exists; claim is speculative, private, unrecorded or about the future.",N/A,speculation
4328,453 plus 83 equals 546.,Contradicted,Correct fact: 453+83=536,Computed,arithmetic
4329,Rohan Mehta ate dal and rice for lunch on 10 March 1996.,Unverified,"No verifiable source exists; claim is speculative, private, unrecorded or about the future.",N/A,personal-private
4330,Sanjay Rao ate khichdi for lunch on 28 June 1994.,Unverified,"No verifiable source exists; claim is speculative, private, unrecorded or about the future.",N/A,personal-private
4331,"By 2150, the population of Netherlands will exceed 100 million.",Unverified,"No verifiable source exists; claim is speculative, private, unrecorded or about the future.",N/A,future-prediction
4332,Baghdad is the capital city of Iraq.,Verified,Capital of Iraq = Baghdad,CIA World Factbook / UN,geography
4333,27 hours equal 2700 minutes.,Contradicted,Correct fact: 1 h = 60 min,SI definition,units
4334,351 is a prime number.,Contradicted,Correct fact: 351 divisible by 3,Computed,mathematics
4335,34 multiplied by 53 equals 1782.,Contradicted,Correct fact: 34*53=1802,Computed,arithmetic
4336,333 plus 991 equals 1322.,Contradicted,Correct fact: 333+991=1324,Computed,arithmetic
4337,Dr. Karan Bhatia published a study in the Journal of Applied Obscure Studies in 1983 proving a cure for the common cold.,Unverified,"No verifiable source exists; claim is speculative, private, unrecorded or about the future.",N/A,unsourced-claim
4338,The capital of Algeria is Algiers.,Verified,Capital of Algeria = Algiers,CIA World Factbook / UN,geography
4339,87 multiplied by 32 equals 2774.,Contradicted,Correct fact: 87*32=2784,Computed,arithmetic
4340,Ancient traders from Czech Republic secretly reached the Americas around the year 461.,Unverified,"No verifiable source exists; claim is speculative, private, unrecorded or about the future.",N/A,speculation
4341,799 plus 150 equals 949.,Verified,799+150=949,Computed,arithmetic
4342,The grandmother of Harish Gupta once met a famous scientist in Warsaw in 1966.,Unverified,"No verifiable source exists; claim is speculative, private, unrecorded or about the future.",N/A,personal-private
4343,329 plus 484 equals 814.,Contradicted,Correct fact: 329+484=813,Computed,arithmetic
4344,The grandmother of Rohan Mehta once met a famous scientist in Astana in 1957.,Unverified,"No verifiable source exists; claim is speculative, private, unrecorded or about the future.",N/A,personal-private
4345,39 multiplied by 96 equals 3744.,Verified,39*96=3744,Computed,arithmetic
4346,"Exactly 65,638 people walked through a street market in Athens on 14 January 1994.",Unverified,"No verifiable source exists; claim is speculative, private, unrecorded or about the future.",N/A,unrecorded-detail
4347,The atomic number of Radon is 86.,Verified,Radon: Z=86,IUPAC Periodic Table,chemistry
4348,577 plus 175 equals 752.,Verified,577+175=752,Computed,arithmetic
4349,13 multiplied by 43 equals 539.,Contradicted,Correct fact: 13*43=559,Computed,arithmetic
4350,291 plus 472 equals 763.,Verified,291+472=763,Computed,arithmetic
4351,The square root of 324 is 18.,Verified,18^2=324,Computed,mathematics
4352,"Exactly 55,086 people walked through a street market in Riyadh on 14 July 1969.",Unverified,"No verifiable source exists; claim is speculative, private, unrecorded or about the future.",N/A,unrecorded-detail
4353,The square root of 1296 is 38.,Contradicted,Correct fact: 36^2=1296,Computed,mathematics
4354,538 plus 933 equals 1481.,Contradicted,Correct fact: 538+933=1471,Computed,arithmetic
4355,-5 degrees Celsius equals 23 degrees Fahrenheit.,Verified,F=C*9/5+32=23,SI / standard conversion,units
4356,48 hours equal 2880 minutes.,Verified,1 h = 60 min,SI definition,units
4357,The mayor of Tehran privately decided in 1973 to rename a bridge after a childhood friend.,Unverified,"No verifiable source exists; claim is speculative, private, unrecorded or about the future.",N/A,unrecorded-detail
4358,"59 kilometres equals 5,900 metres.",Contradicted,Correct fact: 1 km = 1000 m,SI definition,units
4359,Mars is the sixth planet from the Sun.,Contradicted,Correct fact: Mars: position 4,NASA,astronomy
4360,96 multiplied by 98 equals 9408.,Verified,96*98=9408,Computed,arithmetic
4361,The atomic number of Plutonium is 94.,Verified,Plutonium: Z=94,IUPAC Periodic Table,chemistry
4362,Neha Kulkarni ate paratha for lunch on 18 June 2011.,Unverified,"No verifiable source exists; claim is speculative, private, unrecorded or about the future.",N/A,personal-private
4363,Photosynthesis in plants mainly takes place in the chloroplasts.,Verified,Photosynthesis in plants mainly takes place in the chloroplasts,Standard reference texts,general knowledge
4364,934 plus 994 equals 1928.,Verified,934+994=1928,Computed,arithmetic
4365,The next major earthquake in Spain will occur in the month of February 2046.,Unverified,"No verifiable source exists; claim is speculative, private, unrecorded or about the future.",N/A,future-prediction
4366,48 multiplied by 80 equals 3840.,Verified,48*80=3840,Computed,arithmetic
4367,458 plus 509 equals 967.,Verified,458+509=967,Computed,arithmetic
4368,853 plus 512 equals 1365.,Verified,853+512=1365,Computed,arithmetic
4369,73 multiplied by 41 equals 2973.,Contradicted,Correct fact: 73*41=2993,Computed,arithmetic
4370,80 multiplied by 48 equals 3840.,Verified,80*48=3840,Computed,arithmetic
4371,56 plus 756 equals 812.,Verified,56+756=812,Computed,arithmetic
4372,The grandmother of Harish Gupta once met a famous scientist in Colombo in 1978.,Unverified,"No verifiable source exists; claim is speculative, private, unrecorded or about the future.",N/A,personal-private
4373,686 plus 908 equals 1594.,Verified,686+908=1594,Computed,arithmetic
4374,The grandmother of Deepa Menon once met a famous scientist in Athens in 1953.,Unverified,"No verifiable source exists; claim is speculative, private, unrecorded or about the future.",N/A,personal-private
4375,"By 2083, the population of Sri Lanka will exceed 150 million.",Unverified,"No verifiable source exists; claim is speculative, private, unrecorded or about the future.",N/A,future-prediction
4376,23 multiplied by 30 equals 690.,Verified,23*30=690,Computed,arithmetic
4377,A tiger sighted near Vienna in 1906 weighed exactly 172 kg.,Unverified,"No verifiable source exists; claim is speculative, private, unrecorded or about the future.",N/A,unrecorded-detail
4378,891 plus 558 equals 1449.,Verified,891+558=1449,Computed,arithmetic
4379,101 is a prime number.,Verified,101 is prime,Computed,mathematics
4380,273 is a prime number.,Contradicted,Correct fact: 273 divisible by 3,Computed,mathematics
4381,Ancient traders from France secretly reached the Americas around the year 522.,Unverified,"No verifiable source exists; claim is speculative, private, unrecorded or about the future.",N/A,speculation
4382,95 multiplied by 95 equals 9024.,Contradicted,Correct fact: 95*95=9025,Computed,arithmetic
4383,66 multiplied by 95 equals 6270.,Verified,66*95=6270,Computed,arithmetic
4384,460 plus 865 equals 1325.,Verified,460+865=1325,Computed,arithmetic
4385,The grandmother of Ahmed Siddiqui once met a famous scientist in Rome in 1967.,Unverified,"No verifiable source exists; claim is speculative, private, unrecorded or about the future.",N/A,personal-private
4386,Arjun Reddy ate dal and rice for lunch on 25 March 2015.,Unverified,"No verifiable source exists; claim is speculative, private, unrecorded or about the future.",N/A,personal-private
4387,A tiger sighted near Stockholm in 1947 weighed exactly 177 kg.,Unverified,"No verifiable source exists; claim is speculative, private, unrecorded or about the future.",N/A,unrecorded-detail
4388,84 multiplied by 58 equals 4872.,Verified,84*58=4872,Computed,arithmetic
4389,The chemical symbol for Tin is Sn.,Verified,Tin: symbol Sn,IUPAC Periodic Table,chemistry
4390,60 multiplied by 57 equals 3420.,Verified,60*57=3420,Computed,arithmetic
4391,871 plus 339 equals 1208.,Contradicted,Correct fact: 871+339=1210,Computed,arithmetic
4392,24 multiplied by 15 equals 350.,Contradicted,Correct fact: 24*15=360,Computed,arithmetic
4393,85 multiplied by 60 equals 5100.,Verified,85*60=5100,Computed,arithmetic
4394,Dr. Imran Qureshi published a study in the Journal of Applied Obscure Studies in 1977 proving a cure for the common cold.,Unverified,"No verifiable source exists; claim is speculative, private, unrecorded or about the future.",N/A,unsourced-claim
4395,233 plus 768 equals 1001.,Verified,233+768=1001,Computed,arithmetic
4396,The next major earthquake in Russia will occur in the month of November 2045.,Unverified,"No verifiable source exists; claim is speculative, private, unrecorded or about the future.",N/A,future-prediction
4397,96 multiplied by 42 equals 4031.,Contradicted,Correct fact: 96*42=4032,Computed,arithmetic
4398,165 is a composite number.,Verified,165 divisible by 3,Computed,mathematics
4399,401 plus 473 equals 875.,Contradicted,Correct fact: 401+473=874,Computed,arithmetic
4400,868 plus 418 equals 1286.,Verified,868+418=1286,Computed,arithmetic
4401,The mayor of Berlin privately decided in 1990 to rename a bridge after a childhood friend.,Unverified,"No verifiable source exists; claim is speculative, private, unrecorded or about the future.",N/A,unrecorded-detail
4402,989 plus 257 equals 1246.,Verified,989+257=1246,Computed,arithmetic
4403,648 plus 640 equals 1298.,Contradicted,Correct fact: 648+640=1288,Computed,arithmetic
4404,An undiscovered manuscript in a library in Canberra contains an unknown play by Chinua Achebe.,Unverified,"No verifiable source exists; claim is speculative, private, unrecorded or about the future.",N/A,speculation
4405,297 plus 371 equals 678.,Contradicted,Correct fact: 297+371=668,Computed,arithmetic
4406,The square root of 2601 is 54.,Contradicted,Correct fact: 51^2=2601,Computed,mathematics
4407,"By 2095, the population of Romania will exceed 300 million.",Unverified,"No verifiable source exists; claim is speculative, private, unrecorded or about the future.",N/A,future-prediction
4408,218 is a composite number.,Verified,218 divisible by 2,Computed,mathematics
4409,95 multiplied by 97 equals 9215.,Verified,95*97=9215,Computed,arithmetic
4410,Humans first landed on the Moon in 1969.,Verified,Humans first landed on the Moon: 1969,Encyclopaedia Britannica,history
4411,The atomic number of Iodine is 53.,Verified,Iodine: Z=53,IUPAC Periodic Table,chemistry
4412,An undiscovered manuscript in a library in Kathmandu contains an unknown play by Gustave Flaubert.,Unverified,"No verifiable source exists; claim is speculative, private, unrecorded or about the future.",N/A,speculation
4413,"By 2127, the population of Kenya will exceed 400 million.",Unverified,"No verifiable source exists; claim is speculative, private, unrecorded or about the future.",N/A,future-prediction
4414,69 multiplied by 72 equals 4968.,Verified,69*72=4968,Computed,arithmetic
4415,347 is a prime number.,Verified,347 is prime,Computed,mathematics
4416,70 multiplied by 63 equals 4410.,Verified,70*63=4410,Computed,arithmetic
4417,751 plus 230 equals 981.,Verified,751+230=981,Computed,arithmetic
4418,An undiscovered manuscript in a library in Havana contains an unknown play by Jane Austen.,Unverified,"No verifiable source exists; claim is speculative, private, unrecorded or about the future.",N/A,speculation
4419,A secret tunnel reportedly connects the main railway station of Dhaka to a hidden vault.,Unverified,"No verifiable source exists; claim is speculative, private, unrecorded or about the future.",N/A,rumor
4420,68 multiplied by 71 equals 4827.,Contradicted,Correct fact: 68*71=4828,Computed,arithmetic
4421,54 plus 790 equals 844.,Verified,54+790=844,Computed,arithmetic
4422,"Exactly 54,408 people walked through a street market in Kuala Lumpur on 5 October 1971.",Unverified,"No verifiable source exists; claim is speculative, private, unrecorded or about the future.",N/A,unrecorded-detail
4423,The grandmother of Lakshmi Iyer once met a famous scientist in Jakarta in 1948.,Unverified,"No verifiable source exists; claim is speculative, private, unrecorded or about the future.",N/A,personal-private
4424,Jane Austen is the author of Moby-Dick.,Contradicted,Correct fact: Moby-Dick -> Herman Melville,Library of Congress catalogue,literature
4425,33 multiplied by 35 equals 1165.,Contradicted,Correct fact: 33*35=1155,Computed,arithmetic
4426,310 plus 451 equals 761.,Verified,310+451=761,Computed,arithmetic
4427,417 plus 41 equals 458.,Verified,417+41=458,Computed,arithmetic
4428,902 plus 951 equals 1854.,Contradicted,Correct fact: 902+951=1853,Computed,arithmetic
4429,There is a species of beetle living only in a single cave near Buenos Aires that has never been catalogued.,Unverified,"No verifiable source exists; claim is speculative, private, unrecorded or about the future.",N/A,speculation
4430,968 plus 643 equals 1612.,Contradicted,Correct fact: 968+643=1611,Computed,arithmetic
4431,The capital of Senegal is Dakar.,Verified,Capital of Senegal = Dakar,CIA World Factbook / UN,geography
4432,The next major earthquake in Brazil will occur in the month of May 2039.,Unverified,"No verifiable source exists; claim is speculative, private, unrecorded or about the future.",N/A,future-prediction
4433,662 plus 845 equals 1507.,Verified,662+845=1507,Computed,arithmetic
4434,The mayor of Bogota privately decided in 1985 to rename a bridge after a childhood friend.,Unverified,"No verifiable source exists; claim is speculative, private, unrecorded or about the future.",N/A,unrecorded-detail
4435,66 multiplied by 29 equals 1913.,Contradicted,Correct fact: 66*29=1914,Computed,arithmetic
4436,Harish Gupta ate a banana for lunch on 28 March 2013.,Unverified,"No verifiable source exists; claim is speculative, private, unrecorded or about the future.",N/A,personal-private
4437,46 multiplied by 35 equals 1610.,Verified,46*35=1610,Computed,arithmetic
4438,225 is a composite number.,Verified,225 divisible by 3,Computed,mathematics
4439,321 is a composite number.,Verified,321 divisible by 3,Computed,mathematics
4440,The capital of Egypt is Santiago.,Contradicted,Correct fact: Capital of Egypt = Cairo,CIA World Factbook / UN,geography
4441,A secret tunnel reportedly connects the main railway station of Dublin to a hidden vault.,Unverified,"No verifiable source exists; claim is speculative, private, unrecorded or about the future.",N/A,rumor
4442,892 plus 476 equals 1368.,Verified,892+476=1368,Computed,arithmetic
4443,The mayor of Baghdad privately decided in 1961 to rename a bridge after a childhood friend.,Unverified,"No verifiable source exists; claim is speculative, private, unrecorded or about the future.",N/A,unrecorded-detail
4444,128 plus 286 equals 414.,Verified,128+286=414,Computed,arithmetic
4445,55 multiplied by 58 equals 3180.,Contradicted,Correct fact: 55*58=3190,Computed,arithmetic
4446,633 plus 833 equals 1466.,Verified,633+833=1466,Computed,arithmetic
4447,The mayor of Islamabad privately decided in 1998 to rename a bridge after a childhood friend.,Unverified,"No verifiable source exists; claim is speculative, private, unrecorded or about the future.",N/A,unrecorded-detail
4448,95 plus 608 equals 703.,Verified,95+608=703,Computed,arithmetic
4449,997 plus 780 equals 1777.,Verified,997+780=1777,Computed,arithmetic
4450,22 multiplied by 95 equals 2091.,Contradicted,Correct fact: 22*95=2090,Computed,arithmetic
4451,The stock price of a randomly chosen company will rise exactly 4% next year.,Unverified,"No verifiable source exists; claim is speculative, private, unrecorded or about the future.",N/A,future-prediction
4452,The square root of 625 is 24.,Contradicted,Correct fact: 25^2=625,Computed,mathematics
4453,"People in Baghdad are, on average, 8 percent happier on Tuesdays than on Wednesdays.",Unverified,"No verifiable source exists; claim is speculative, private, unrecorded or about the future.",N/A,unsourced-claim
4454,438 plus 644 equals 1082.,Verified,438+644=1082,Computed,arithmetic
4455,578 plus 307 equals 885.,Verified,578+307=885,Computed,arithmetic
4456,The square root of 1296 is 37.,Contradicted,Correct fact: 36^2=1296,Computed,mathematics
4457,An undiscovered manuscript in a library in Ulaanbaatar contains an unknown play by Fyodor Dostoevsky.,Unverified,"No verifiable source exists; claim is speculative, private, unrecorded or about the future.",N/A,speculation
4458,The mayor of Caracas privately decided in 1984 to rename a bridge after a childhood friend.,Unverified,"No verifiable source exists; claim is speculative, private, unrecorded or about the future.",N/A,unrecorded-detail
4459,Dr. Ananya Das published a study in the Journal of Applied Obscure Studies in 1992 proving a cure for the common cold.,Unverified,"No verifiable source exists; claim is speculative, private, unrecorded or about the future.",N/A,unsourced-claim
4460,The steam engine improvements (separate condenser) is credited to James Watt.,Verified,the steam engine improvements (separate condenser) -> James Watt,Encyclopaedia Britannica,science history
4461,965 plus 189 equals 1156.,Contradicted,Correct fact: 965+189=1154,Computed,arithmetic
4462,An undiscovered manuscript in a library in Bogota contains an unknown play by Arundhati Roy.,Unverified,"No verifiable source exists; claim is speculative, private, unrecorded or about the future.",N/A,speculation
4463,998 plus 451 equals 1448.,Contradicted,Correct fact: 998+451=1449,Computed,arithmetic
4464,96 multiplied by 28 equals 2698.,Contradicted,Correct fact: 96*28=2688,Computed,arithmetic
4465,"By 2090, the population of South Africa will exceed 300 million.",Unverified,"No verifiable source exists; claim is speculative, private, unrecorded or about the future.",N/A,future-prediction
4466,40 multiplied by 64 equals 2560.,Verified,40*64=2560,Computed,arithmetic
4467,217 is a composite number.,Verified,217 divisible by 7,Computed,mathematics
4468,There is a species of beetle living only in a single cave near Budapest that has never been catalogued.,Unverified,"No verifiable source exists; claim is speculative, private, unrecorded or about the future.",N/A,speculation
4469,129 plus 426 equals 555.,Verified,129+426=555,Computed,arithmetic
4470,360 plus 200 equals 560.,Verified,360+200=560,Computed,arithmetic
4471,359 plus 203 equals 563.,Contradicted,Correct fact: 359+203=562,Computed,arithmetic
4472,561 plus 620 equals 1181.,Verified,561+620=1181,Computed,arithmetic
4473,Ancient traders from Italy secretly reached the Americas around the year 642.,Unverified,"No verifiable source exists; claim is speculative, private, unrecorded or about the future.",N/A,speculation
4474,784 plus 43 equals 825.,Contradicted,Correct fact: 784+43=827,Computed,arithmetic
4475,"People in Dublin are, on average, 4 percent happier on Tuesdays than on Wednesdays.",Unverified,"No verifiable source exists; claim is speculative, private, unrecorded or about the future.",N/A,unsourced-claim
4476,An undiscovered manuscript in a library in Bangkok contains an unknown play by James Joyce.,Unverified,"No verifiable source exists; claim is speculative, private, unrecorded or about the future.",N/A,speculation
4477,73 degrees Celsius equals 158.4 degrees Fahrenheit.,Contradicted,Correct fact: F=C*9/5+32=163.4,SI / standard conversion,units
4478,A tiger sighted near Kyiv in 1918 weighed exactly 168 kg.,Unverified,"No verifiable source exists; claim is speculative, private, unrecorded or about the future.",N/A,unrecorded-detail
4479,184 plus 811 equals 995.,Verified,184+811=995,Computed,arithmetic
4480,The square root of 100 is 10.,Verified,10^2=100,Computed,mathematics
4481,93 multiplied by 23 equals 2139.,Verified,93*23=2139,Computed,arithmetic
4482,822 plus 155 equals 977.,Verified,822+155=977,Computed,arithmetic
4483,156 plus 535 equals 692.,Contradicted,Correct fact: 156+535=691,Computed,arithmetic
4484,99 multiplied by 55 equals 5445.,Verified,99*55=5445,Computed,arithmetic
4485,A tiger sighted near Amsterdam in 1957 weighed exactly 232 kg.,Unverified,"No verifiable source exists; claim is speculative, private, unrecorded or about the future.",N/A,unrecorded-detail
4486,The mayor of Kathmandu privately decided in 1974 to rename a bridge after a childhood friend.,Unverified,"No verifiable source exists; claim is speculative, private, unrecorded or about the future.",N/A,unrecorded-detail
4487,The square root of 3364 is 58.,Verified,58^2=3364,Computed,mathematics
4488,Karan Bhatia ate poha for lunch on 23 September 2016.,Unverified,"No verifiable source exists; claim is speculative, private, unrecorded or about the future.",N/A,personal-private
4489,237 is a prime number.,Contradicted,Correct fact: 237 divisible by 3,Computed,mathematics
4490,50 plus 70 equals 120.,Verified,50+70=120,Computed,arithmetic
4491,Arjun Reddy ate paratha for lunch on 7 December 2003.,Unverified,"No verifiable source exists; claim is speculative, private, unrecorded or about the future.",N/A,personal-private
4492,The grandmother of Karan Bhatia once met a famous scientist in Ulaanbaatar in 1980.,Unverified,"No verifiable source exists; claim is speculative, private, unrecorded or about the future.",N/A,personal-private
4493,917 plus 977 equals 1894.,Verified,917+977=1894,Computed,arithmetic
4494,160 is a prime number.,Contradicted,Correct fact: 160 divisible by 2,Computed,mathematics
4495,608 plus 577 equals 1185.,Verified,608+577=1185,Computed,arithmetic
4496,A tiger sighted near Kyiv in 1925 weighed exactly 231 kg.,Unverified,"No verifiable source exists; claim is speculative, private, unrecorded or about the future.",N/A,unrecorded-detail
4497,The grandmother of Ananya Das once met a famous scientist in Pretoria in 1969.,Unverified,"No verifiable source exists; claim is speculative, private, unrecorded or about the future.",N/A,personal-private
4498,There is a species of beetle living only in a single cave near Dodoma that has never been catalogued.,Unverified,"No verifiable source exists; claim is speculative, private, unrecorded or about the future.",N/A,speculation
4499,613 plus 198 equals 811.,Verified,613+198=811,Computed,arithmetic
4500,A tiger sighted near Dublin in 1900 weighed exactly 164 kg.,Unverified,"No verifiable source exists; claim is speculative, private, unrecorded or about the future.",N/A,unrecorded-detail
