id,category,claim,evidence,label,reasoning,split
tc-00001,capitals,Tunisia's capital is Tunis.,Reference note: Reference works list Tunis as the capital of Tunisia.,supported,The evidence directly supports the claim: it gives Tunis.,test
tc-00002,elements_symbol,K is the symbol of the element Mercury.,Mercury is abbreviated Hg in the periodic table.,unsupported,Retrieved evidence contradicts the claim: the correct value is Hg.,test
tc-00003,planets,"Counting outward from the Sun, Venus is the third planet.",Reference note: Earth is the third planet from the Sun in the Solar System.,uncertain,The evidence is insufficient to confirm or contradict the claim.,train
tc-00004,elements_symbol,The chemical symbol for Neon is He.,Reference note: The standard chemical symbol for Tin is Sn.,uncertain,The evidence is about a different subject and does not address this claim.,train
tc-00005,geography,Italy lies on the continent of Europe.,"Reference note: Geographically, Italy lies on the continent of Europe.",supported,"The evidence states Europe, which matches the claim.",train
tc-00006,elements_symbol,The chemical symbol for Nitrogen is N.,One source says: The standard chemical symbol for Nitrogen is N. Another source says: The standard chemical symbol for Nitrogen is Ne.,uncertain,"Sources disagree (N versus Ne), so the claim cannot be confirmed.",train
tc-00007,elements_number,Argon is element number 47.,"Reference note: In the periodic table, Argon occupies position 18.",unsupported,"The evidence gives 18, not 47, so the claim is contradicted.",train
tc-00008,capitals,Venezuela's capital is Caracas.,Sources disagree. Source A: Caracas is the capital city of Venezuela. Source B: Venezuela is a country whose capital city is Kampala.,uncertain,"Sources disagree (Caracas versus Kampala), so the claim cannot be confirmed.",train
tc-00009,books,The author of The Trial is Franz Kafka.,Reference note: Franz Kafka wrote The Trial.,supported,"The evidence states Franz Kafka, which matches the claim.",train
tc-00010,science,Water freezes at 4 degrees Celsius at standard pressure.,"At standard pressure, water freezes at 0 degrees Celsius.",unsupported,Retrieved evidence contradicts the claim: the correct value is 0 degrees Celsius.,train
tc-00011,events,The Eiffel Tower was completed in the year 1880.,Reference note: The year 2016 is when the United Kingdom held its Brexit referendum.,uncertain,The evidence is insufficient to confirm or contradict the claim.,train
tc-00012,capitals,The capital of Romania is Bucharest.,One source says: Romania is a country whose capital city is Bucharest. Another source says: The capital of Romania is Kyiv.,uncertain,"The evidence conflicts, giving both Bucharest and Kyiv.",val
tc-00013,science,Sound travels through air at 20 degrees Celsius at about 343 metres per second.,"At 20 degrees Celsius, the speed of sound in air is about 343 metres per second. This is widely documented.",supported,"The evidence states 343 metres per second, which matches the claim.",train
tc-00014,science,Topaz is the hardest naturally occurring material.,The hardest naturally occurring material is Diamond. This is widely documented.,unsupported,"The evidence gives Diamond, not Topaz, so the claim is contradicted.",train
tc-00015,events,The first modern Olympic Games were held in Athens in 1894.,"The first modern Olympic Games were held in Athens in 1896, according to standard histories. This is widely documented.",unsupported,"The source states 1896. The claim says 1894, which does not match.",test
tc-00016,capitals,Brazil's capital is Brussels.,Reference works list Brasilia as the capital of Brazil.,unsupported,Retrieved evidence contradicts the claim: the correct value is Brasilia.,train
tc-00017,elements_symbol,Mg is the symbol of the element Magnesium.,Magnesium is abbreviated Mg in the periodic table. This is widely documented.,supported,"The evidence states Mg, which matches the claim.",test
tc-00018,formulas,C6H12O6 is the formula for water.,"In chemistry, water is written as H2O. This is widely documented.",unsupported,Retrieved evidence contradicts the claim: the correct value is H2O.,train
tc-00019,geography,Thailand is in Africa.,Reference note: Thailand is located in Asia.,unsupported,Retrieved evidence contradicts the claim: the correct value is Asia.,train
tc-00020,books,The author of Animal Farm is George Orwell.,George Orwell wrote Animal Farm. This is widely documented.,supported,"The retrieved source confirms George Orwell, so the claim is supported.",train
tc-00021,events,King John sealed the Magna Carta in the year 1215.,"One source says: Historical records show that King John sealed the Magna Carta in 1215. Another source says: King John sealed the Magna Carta in 1216, according to standard histories.",uncertain,"Sources disagree (1215 versus 1216), so the claim cannot be confirmed.",train
tc-00022,books,Stephen Hawking is the author of A Brief History of Time.,Reference note: A Brief History of Time is a book by Stephen Hawking.,supported,The evidence directly supports the claim: it gives Stephen Hawking.,train
tc-00023,science,Earth takes about 300 days to orbit the Sun.,Textbook summary: One orbit of Earth around the Sun takes about 365 days.,unsupported,"The source states 365 days. The claim says 300 days, which does not match.",train
tc-00024,capitals,Romania's capital is Bucharest.,Reference note: Bucharest is the capital city of Romania.,supported,The evidence directly supports the claim: it gives Bucharest.,val
tc-00025,events,The October Revolution took place in Russia in the year 1914.,Textbook summary: Historical records show that the October Revolution took place in Russia in 1917.,unsupported,"The evidence gives 1917, not 1914, so the claim is contradicted.",train
tc-00026,events,"In 1794, the French Revolution began.",The year 1789 is when the French Revolution began. This is widely documented.,unsupported,"The evidence gives 1789, not 1794, so the claim is contradicted.",train
tc-00027,capitals,Canberra is the capital city of Australia.,The capital of Australia is Canberra. This is widely documented.,supported,The evidence directly supports the claim: it gives Canberra.,train
tc-00028,elements_number,Zinc is element number 20.,Conflicting reports. First report: An atom of Zinc contains 30 protons. Second report: An atom of Zinc contains 20 protons.,uncertain,Conflicting evidence means this claim cannot be marked supported or unsupported.,train
tc-00029,events,Christopher Columbus made his first voyage across the Atlantic in the year 1480.,"Textbook summary: The Chernobyl nuclear disaster occurred in 1986, according to standard histories.",uncertain,The evidence is insufficient to confirm or contradict the claim.,train
tc-00030,elements_number,Cobalt is element number 3.,"In the periodic table, Cobalt occupies position 27. This is widely documented.",unsupported,"The evidence gives 27, not 3, so the claim is contradicted.",train
tc-00031,events,The Treaty of Versailles was signed in the year 1907.,Reference note: The year 1903 is when the Wright brothers made their first powered flight.,uncertain,The evidence is about a different subject and does not address this claim.,train
tc-00032,planets,Earth is the sixth planet from the Sun.,"Textbook summary: In order of distance from the Sun, Earth comes third.",unsupported,Retrieved evidence contradicts the claim: the correct value is third.,train
tc-00033,science,The largest planet in the Solar System is Saturn.,Textbook summary: The adult human skeleton is made up of 206 bones.,uncertain,The evidence is about a different subject and does not address this claim.,train
tc-00034,events,The Space Shuttle Challenger disaster occurred in the year 1986.,Textbook summary: The year 1986 is when the Space Shuttle Challenger disaster occurred.,supported,The evidence directly supports the claim: it gives 1986.,test
tc-00035,events,The Titanic sank in the year 1912.,Textbook summary: The year 1912 is when the Titanic sank.,supported,The evidence directly supports the claim: it gives 1912.,train
tc-00036,elements_symbol,W is the symbol of the element Tungsten.,One source says: The element Tungsten is represented by the symbol W. Another source says: The element Tungsten is represented by the symbol Cr.,uncertain,"The evidence conflicts, giving both W and Cr.",train
tc-00037,capitals,Luanda is the capital city of Angola.,Reference note: Angola is a country whose capital city is Luanda.,supported,The evidence directly supports the claim: it gives Luanda.,train
tc-00038,books,The author of The Odyssey is Chinua Achebe.,Homer wrote The Odyssey. This is widely documented.,unsupported,"The source states Homer. The claim says Chinua Achebe, which does not match.",train
tc-00039,capitals,The capital of Egypt is Manila.,Sources disagree. Source A: Reference works list Cairo as the capital of Egypt. Source B: Reference works list Manila as the capital of Egypt.,uncertain,"Sources disagree (Cairo versus Manila), so the claim cannot be confirmed.",train
tc-00040,events,Nelson Mandela was released from prison in the year 1993.,Historical records show that Nelson Mandela was released from prison in 1990.,unsupported,"The evidence gives 1990, not 1993, so the claim is contradicted.",train
tc-00041,planets,Uranus is the fifth planet from the Sun.,Sources disagree. Source A: Uranus is the seventh planet from the Sun in the Solar System. Source B: Uranus is the fifth planet from the Sun in the Solar System.,uncertain,Conflicting evidence means this claim cannot be marked supported or unsupported.,train
tc-00042,capitals,Brazil's capital is Brasilia.,Brazil is a country whose capital city is Brasilia.,supported,The evidence directly supports the claim: it gives Brasilia.,train
tc-00043,elements_number,Copper is element number 1.,Textbook summary: Argon is the chemical element with atomic number 18.,uncertain,The evidence is insufficient to confirm or contradict the claim.,test
tc-00044,elements_number,Nickel has 19 protons in its nucleus.,Conflicting reports. First report: An atom of Nickel contains 28 protons. Second report: An atom of Nickel contains 19 protons.,uncertain,"The evidence conflicts, giving both 28 and 19.",train
tc-00045,science,Graphite is the hardest naturally occurring material.,The most abundant gas in Earth's atmosphere is Nitrogen. This is widely documented.,uncertain,The evidence is about a different subject and does not address this claim.,train
tc-00046,elements_symbol,Na is the symbol of the element Gold.,Textbook summary: The element Gold is represented by the symbol Au.,unsupported,Retrieved evidence contradicts the claim: the correct value is Au.,train
tc-00047,formulas,The chemical formula of ammonia is NH3.,Reference note: The standard formula for methane is CH4.,uncertain,The evidence is about a different subject and does not address this claim.,train
tc-00048,elements_symbol,The chemical symbol for Boron is H.,Textbook summary: The standard chemical symbol for Boron is B.,unsupported,"The evidence gives B, not H, so the claim is contradicted.",val
tc-00049,formulas,Sulfuric acid has the formula CO2.,Reference note: The standard formula for sulfuric acid is H2SO4.,unsupported,"The source states H2SO4. The claim says CO2, which does not match.",train
tc-00050,events,India gained independence from British rule in 1949.,"India gained independence from British rule in 1947, according to standard histories.",unsupported,"The source states 1947. The claim says 1949, which does not match.",train
tc-00051,events,Watson and Crick published the double helix structure of DNA in 1953.,Historical records show that Watson and Crick published the double helix structure of DNA in 1953. This is widely documented.,supported,"The evidence states 1953, which matches the claim.",test
tc-00052,geography,Chile is a country in North America.,Reference note: Chile is part of South America.,unsupported,"The source states South America. The claim says North America, which does not match.",train
tc-00053,capitals,Germany's capital is Berlin.,Sources disagree. Source A: Germany is a country whose capital city is Berlin. Source B: Germany is a country whose capital city is Hanoi.,uncertain,Conflicting evidence means this claim cannot be marked supported or unsupported.,train
tc-00054,formulas,Carbon dioxide has the formula H2O2.,"Textbook summary: In chemistry, carbon dioxide is written as CO2.",unsupported,"The source states CO2. The claim says H2O2, which does not match.",train
tc-00055,elements_number,The atomic number of Neon is 3.,Neon is the chemical element with atomic number 10.,unsupported,"The source states 10. The claim says 3, which does not match.",train
tc-00056,books,The Divine Comedy was written by J. D. Salinger.,Reference note: The work The Divine Comedy was authored by Dante Alighieri.,unsupported,"The evidence gives Dante Alighieri, not J. D. Salinger, so the claim is contradicted.",train
tc-00057,elements_number,The atomic number of Boron is 5.,An atom of Boron contains 5 protons. This is widely documented.,supported,The evidence directly supports the claim: it gives 5.,val
tc-00058,capitals,The capital of Colombia is Helsinki.,The capital of Colombia is Bogota. This is widely documented.,unsupported,"The evidence gives Bogota, not Helsinki, so the claim is contradicted.",train
tc-00059,elements_symbol,The chemical symbol for Platinum is Pt.,Conflicting reports. First report: The element Platinum is represented by the symbol Pt. Second report: The standard chemical symbol for Platinum is W.,uncertain,"The evidence conflicts, giving both Pt and W.",train
tc-00060,capitals,Kazakhstan's capital is Astana.,Reference note: Reference works list Astana as the capital of Kazakhstan.,supported,"The evidence states Astana, which matches the claim.",train
tc-00061,formulas,Limestone has the formula H2O.,The standard formula for limestone is CaCO3.,unsupported,"The source states CaCO3. The claim says H2O, which does not match.",train
tc-00062,formulas,The chemical formula of carbon dioxide is CO2.,Reference note: Carbon dioxide has the chemical formula CO2.,supported,"The retrieved source confirms CO2, so the claim is supported.",train
tc-00063,capitals,The capital of Slovenia is Stockholm.,One source says: Ljubljana is the capital city of Slovenia. Another source says: The capital of Slovenia is Stockholm.,uncertain,"The evidence conflicts, giving both Ljubljana and Stockholm.",train
tc-00064,books,Chinua Achebe is the author of Things Fall Apart.,Reference note: Chinua Achebe wrote Things Fall Apart.,supported,"The retrieved source confirms Chinua Achebe, so the claim is supported.",train
tc-00065,books,Moby-Dick was written by Herman Melville.,The work Moby-Dick was authored by Herman Melville.,supported,"The evidence states Herman Melville, which matches the claim.",train
tc-00066,planets,"Counting outward from the Sun, Neptune is the second planet.",Reference note: Neptune is the eighth planet from the Sun in the Solar System.,unsupported,"The source states eighth. The claim says second, which does not match.",train
tc-00067,elements_number,The atomic number of Beryllium is 82.,"Textbook summary: In the periodic table, Beryllium occupies position 4.",unsupported,Retrieved evidence contradicts the claim: the correct value is 4.,train
tc-00068,books,Leo Tolstoy is the author of Hamlet.,Hamlet is a book by William Shakespeare. This is widely documented.,unsupported,"The source states William Shakespeare. The claim says Leo Tolstoy, which does not match.",train
tc-00069,books,Plato is the author of The Republic.,Plato wrote The Republic. This is widely documented.,supported,"The retrieved source confirms Plato, so the claim is supported.",train
tc-00070,planets,"Counting outward from the Sun, Mars is the fourth planet.",One source says: Mars is the fourth planet from the Sun in the Solar System. Another source says: Mars is the sixth planet from the Sun in the Solar System.,uncertain,Conflicting evidence means this claim cannot be marked supported or unsupported.,train
tc-00071,events,The Hubble Space Telescope was launched in the year 1988.,Historical records show that the Hubble Space Telescope was launched in 1990.,unsupported,"The source states 1990. The claim says 1988, which does not match.",test
tc-00072,books,Emily Bronte is the author of Wuthering Heights.,Textbook summary: Wuthering Heights is a book by Emily Bronte.,supported,"The retrieved source confirms Emily Bronte, so the claim is supported.",train
tc-00073,elements_symbol,K is the symbol of the element Potassium.,Reference note: The standard chemical symbol for Potassium is K.,supported,The evidence directly supports the claim: it gives K.,train
tc-00074,books,The author of Things Fall Apart is Chinua Achebe.,Things Fall Apart is a book by Chinua Achebe.,supported,"The retrieved source confirms Chinua Achebe, so the claim is supported.",train
tc-00075,capitals,Vilnius is the capital city of Lithuania.,Reference note: Moscow is the capital city of Russia.,uncertain,The evidence is about a different subject and does not address this claim.,train
tc-00076,events,The Statue of Liberty was dedicated in 1886.,"The Statue of Liberty was dedicated in 1886, according to standard histories.",supported,The evidence directly supports the claim: it gives 1886.,train
tc-00077,events,"In 1910, the Treaty of Versailles was signed.","Textbook summary: The first iPhone was released in 2007, according to standard histories.",uncertain,The evidence is insufficient to confirm or contradict the claim.,train
tc-00078,formulas,NaHCO3 is the formula for glucose.,The standard formula for glucose is C6H12O6.,unsupported,"The source states C6H12O6. The claim says NaHCO3, which does not match.",train
tc-00079,geography,Australia lies on the continent of North America.,Textbook summary: Australia is located in Oceania.,unsupported,"The evidence gives Oceania, not North America, so the claim is contradicted.",train
tc-00080,geography,Ghana is a country in Africa.,"Geographically, Ghana lies on the continent of Africa. This is widely documented.",supported,The evidence directly supports the claim: it gives Africa.,train
tc-00081,capitals,New Zealand's capital is Wellington.,Textbook summary: The capital of New Zealand is Wellington.,supported,"The retrieved source confirms Wellington, so the claim is supported.",train
tc-00082,elements_number,Cobalt is element number 27.,An atom of Cobalt contains 27 protons. This is widely documented.,supported,The evidence directly supports the claim: it gives 27.,train
tc-00083,events,Edmund Hillary and Tenzing Norgay first reached the summit of Mount Everest in the year 1953.,The year 1953 is when Edmund Hillary and Tenzing Norgay first reached the summit of Mount Everest.,supported,"The retrieved source confirms 1953, so the claim is supported.",train
tc-00084,elements_symbol,Ti is the symbol of the element Beryllium.,Reference note: The element Beryllium is represented by the symbol Be.,unsupported,"The source states Be. The claim says Ti, which does not match.",train
tc-00085,books,The author of A Brief History of Time is William Shakespeare.,Textbook summary: Stephen Hawking wrote A Brief History of Time.,unsupported,Retrieved evidence contradicts the claim: the correct value is Stephen Hawking.,train
tc-00086,geography,Colombia is a country in South America.,Colombia is part of South America. This is widely documented.,supported,"The retrieved source confirms South America, so the claim is supported.",train
tc-00087,events,Euro banknotes and coins entered circulation in the year 2001.,"Euro banknotes and coins entered circulation in 2002, according to standard histories. This is widely documented.",unsupported,"The source states 2002. The claim says 2001, which does not match.",train
tc-00088,planets,"Counting outward from the Sun, Jupiter is the fifth planet.","In order of distance from the Sun, Jupiter comes fifth.",supported,The evidence directly supports the claim: it gives fifth.,train
tc-00089,elements_number,The atomic number of Carbon is 1.,Silicon is the chemical element with atomic number 14. This is widely documented.,uncertain,The evidence is insufficient to confirm or contradict the claim.,train
tc-00090,elements_number,Iodine has 53 protons in its nucleus.,An atom of Iodine contains 53 protons.,supported,"The retrieved source confirms 53, so the claim is supported.",test
tc-00091,capitals,Uzbekistan's capital is Tashkent.,Textbook summary: Reference works list Tashkent as the capital of Uzbekistan.,supported,"The evidence states Tashkent, which matches the claim.",train
tc-00092,science,Diamond is the hardest naturally occurring material.,The hardest naturally occurring material is Diamond.,supported,"The evidence states Diamond, which matches the claim.",train
tc-00093,capitals,The capital of Turkey is Ankara.,Textbook summary: Turkey is a country whose capital city is Ankara.,supported,The evidence directly supports the claim: it gives Ankara.,val
tc-00094,elements_number,Boron is element number 30.,Boron is the chemical element with atomic number 5. This is widely documented.,unsupported,Retrieved evidence contradicts the claim: the correct value is 5.,val
tc-00095,elements_number,Nickel has 1 protons in its nucleus.,Reference note: An atom of Iron contains 26 protons.,uncertain,The evidence is insufficient to confirm or contradict the claim.,train
tc-00096,books,Pride and Prejudice was written by Charles Darwin.,Pride and Prejudice is a book by Jane Austen. This is widely documented.,unsupported,"The evidence gives Jane Austen, not Charles Darwin, so the claim is contradicted.",train
tc-00097,science,Oxygen is the most abundant gas in Earth's atmosphere.,Reference note: The most abundant gas in Earth's atmosphere is Nitrogen.,unsupported,"The source states Nitrogen. The claim says Oxygen, which does not match.",val
tc-00098,events,The Cuban Missile Crisis took place in the year 1950.,Historical records show that the Hubble Space Telescope was launched in 1990. This is widely documented.,uncertain,The evidence is about a different subject and does not address this claim.,val
tc-00099,geography,New Zealand is a country in North America.,New Zealand is located in Oceania. This is widely documented.,unsupported,Retrieved evidence contradicts the claim: the correct value is Oceania.,val
tc-00100,books,Wuthering Heights was written by Emily Bronte.,Wuthering Heights is a book by Emily Bronte. This is widely documented.,supported,"The evidence states Emily Bronte, which matches the claim.",train
tc-00101,formulas,Sulfuric acid has the formula C2H5OH.,"In chemistry, sulfuric acid is written as H2SO4. This is widely documented.",unsupported,"The evidence gives H2SO4, not C2H5OH, so the claim is contradicted.",train
tc-00102,geography,Cuba is in Asia.,"One source says: Geographically, Cuba lies on the continent of North America. Another source says: Cuba is part of Asia.",uncertain,"The evidence conflicts, giving both North America and Asia.",train
tc-00103,formulas,NaCl is the formula for ammonia.,"In chemistry, hydrogen peroxide is written as H2O2. This is widely documented.",uncertain,The evidence is about a different subject and does not address this claim.,train
tc-00104,elements_symbol,Au is the symbol of the element Gold.,Textbook summary: The standard chemical symbol for Gold is Au.,supported,The evidence directly supports the claim: it gives Au.,train
tc-00105,events,Christopher Columbus made his first voyage across the Atlantic in the year 1492.,Sources disagree. Source A: Historical records show that Christopher Columbus made his first voyage across the Atlantic in 1492. Source B: Historical records show that Christopher Columbus made his first voyage across the Atlantic in 1499.,uncertain,"The evidence conflicts, giving both 1492 and 1499.",train
tc-00106,capitals,Rabat is the capital city of Morocco.,Reference note: Rabat is the capital city of Morocco.,supported,The evidence directly supports the claim: it gives Rabat.,val
tc-00107,elements_number,The atomic number of Magnesium is 12.,"Textbook summary: In the periodic table, Magnesium occupies position 12.",supported,"The retrieved source confirms 12, so the claim is supported.",train
tc-00108,capitals,Nepal's capital is Kathmandu.,Reference note: Kathmandu is the capital city of Nepal.,supported,The evidence directly supports the claim: it gives Kathmandu.,train
tc-00109,capitals,Thailand's capital is Bangkok.,Reference note: The capital of Thailand is Bangkok.,supported,"The evidence states Bangkok, which matches the claim.",val
tc-00110,elements_number,The atomic number of Magnesium is 5.,"Reference note: In the periodic table, Magnesium occupies position 12.",unsupported,"The source states 12. The claim says 5, which does not match.",train
tc-00111,capitals,The capital of Austria is Vienna.,One source says: Reference works list Vienna as the capital of Austria. Another source says: Reference works list London as the capital of Austria.,uncertain,"The evidence conflicts, giving both Vienna and London.",train
tc-00112,elements_number,Helium is element number 79.,Helium is the chemical element with atomic number 2. This is widely documented.,unsupported,"The source states 2. The claim says 79, which does not match.",train
tc-00113,capitals,The capital of South Korea is Warsaw.,Textbook summary: Reference works list Seoul as the capital of South Korea.,unsupported,"The source states Seoul. The claim says Warsaw, which does not match.",train
tc-00114,events,Edmund Hillary and Tenzing Norgay first reached the summit of Mount Everest in 1955.,Historical records show that Edmund Hillary and Tenzing Norgay first reached the summit of Mount Everest in 1953.,unsupported,"The evidence gives 1953, not 1955, so the claim is contradicted.",train
tc-00115,formulas,NaCl is the formula for limestone.,"Textbook summary: In chemistry, limestone is written as CaCO3.",unsupported,Retrieved evidence contradicts the claim: the correct value is CaCO3.,train
tc-00116,events,The Suez Canal opened in the year 1857.,Reference note: The year 1869 is when the Suez Canal opened.,unsupported,"The evidence gives 1869, not 1857, so the claim is contradicted.",train
tc-00117,books,Miguel de Cervantes is the author of Don Quixote.,Miguel de Cervantes wrote Don Quixote.,supported,The evidence directly supports the claim: it gives Miguel de Cervantes.,train
tc-00118,capitals,Saudi Arabia's capital is Riyadh.,Riyadh is the capital city of Saudi Arabia.,supported,"The retrieved source confirms Riyadh, so the claim is supported.",test
tc-00119,events,The Curiosity rover landed on Mars in 2012.,"One source says: The Curiosity rover landed on Mars in 2012, according to standard histories. Another source says: The year 2005 is when the Curiosity rover landed on Mars.",uncertain,Conflicting evidence means this claim cannot be marked supported or unsupported.,val
tc-00120,geography,Pakistan lies on the continent of Asia.,Textbook summary: Fiji is located in Oceania.,uncertain,The evidence is insufficient to confirm or contradict the claim.,train
tc-00121,capitals,Lithuania's capital is Vilnius.,The capital of Lithuania is Vilnius.,supported,"The evidence states Vilnius, which matches the claim.",train
tc-00122,capitals,Iceland's capital is Havana.,Reference works list Reykjavik as the capital of Iceland.,unsupported,"The source states Reykjavik. The claim says Havana, which does not match.",train
tc-00123,elements_number,Beryllium is element number 4.,"Reference note: In the periodic table, Beryllium occupies position 4.",supported,"The retrieved source confirms 4, so the claim is supported.",train
tc-00124,science,Carbon dioxide is the most abundant gas in Earth's atmosphere.,Conflicting reports. First report: The most abundant gas in Earth's atmosphere is Nitrogen. Second report: The most abundant gas in Earth's atmosphere is Carbon dioxide.,uncertain,"Sources disagree (Nitrogen versus Carbon dioxide), so the claim cannot be confirmed.",val
tc-00125,science,Earth takes about 365 days to orbit the Sun.,Reference note: One orbit of Earth around the Sun takes about 365 days.,supported,The evidence directly supports the claim: it gives 365 days.,train
tc-00126,capitals,Ljubljana is the capital city of Slovenia.,Reference works list Ljubljana as the capital of Slovenia. This is widely documented.,supported,"The evidence states Ljubljana, which matches the claim.",train
tc-00127,science,The Solar System has eight planets.,Textbook summary: The Solar System contains eight recognised planets.,supported,"The retrieved source confirms eight, so the claim is supported.",test
tc-00128,elements_symbol,The chemical symbol for Manganese is Mn.,Textbook summary: The standard chemical symbol for Manganese is Mn.,supported,"The evidence states Mn, which matches the claim.",train
tc-00129,geography,Italy lies on the continent of Europe.,Textbook summary: Italy is located in Europe.,supported,"The evidence states Europe, which matches the claim.",train
tc-00130,geography,Vietnam lies on the continent of Europe.,Australia is located in Oceania. This is widely documented.,uncertain,The evidence is insufficient to confirm or contradict the claim.,train
tc-00131,geography,Chile is a country in Europe.,Textbook summary: Thailand is located in Asia.,uncertain,The evidence is insufficient to confirm or contradict the claim.,train
tc-00132,capitals,The capital of Jordan is Harare.,Amman is the capital city of Jordan. This is widely documented.,unsupported,"The source states Amman. The claim says Harare, which does not match.",val
tc-00133,books,The author of Moby-Dick is Plato.,Jane Austen wrote Pride and Prejudice.,uncertain,"The retrieved text does not mention what the claim asserts, so it cannot be confirmed.",train
tc-00134,books,F. Scott Fitzgerald is the author of The Great Gatsby.,One source says: The work The Great Gatsby was authored by F. Scott Fitzgerald. Another source says: The Great Gatsby is a book by Homer.,uncertain,Conflicting evidence means this claim cannot be marked supported or unsupported.,val
tc-00135,elements_number,Nitrogen has 10 protons in its nucleus.,An atom of Nitrogen contains 7 protons. This is widely documented.,unsupported,"The evidence gives 7, not 10, so the claim is contradicted.",test
tc-00136,elements_number,The atomic number of Beryllium is 11.,Textbook summary: An atom of Beryllium contains 4 protons.,unsupported,"The evidence gives 4, not 11, so the claim is contradicted.",train
tc-00137,events,The Soviet Union was dissolved in the year 1979.,Reference note: The year 1928 is when Alexander Fleming discovered penicillin.,uncertain,The evidence is insufficient to confirm or contradict the claim.,train
tc-00138,elements_symbol,The chemical symbol for Magnesium is Mg.,Magnesium is abbreviated Mg in the periodic table. This is widely documented.,supported,"The evidence states Mg, which matches the claim.",test
tc-00139,capitals,Kenya's capital is Madrid.,Textbook summary: Kenya is a country whose capital city is Nairobi.,unsupported,"The source states Nairobi. The claim says Madrid, which does not match.",test
tc-00140,geography,Vietnam lies on the continent of Asia.,Textbook summary: Fiji is part of Oceania.,uncertain,"The retrieved text does not mention what the claim asserts, so it cannot be confirmed.",train
tc-00141,events,"In 1981, the Space Shuttle Columbia first flew.","Textbook summary: The Space Shuttle Columbia first flew in 1981, according to standard histories.",supported,The evidence directly supports the claim: it gives 1981.,train
tc-00142,capitals,Estonia's capital is Mexico City.,Sources disagree. Source A: The capital of Estonia is Tallinn. Source B: Estonia is a country whose capital city is Mexico City.,uncertain,"The evidence conflicts, giving both Tallinn and Mexico City.",train
tc-00143,geography,Kenya lies on the continent of Asia.,Kenya is located in Africa. This is widely documented.,unsupported,"The evidence gives Africa, not Asia, so the claim is contradicted.",train
tc-00144,events,Nelson Mandela was released from prison in the year 1990.,Reference note: Historical records show that Nelson Mandela was released from prison in 1990.,supported,"The retrieved source confirms 1990, so the claim is supported.",train
tc-00145,capitals,China's capital is Beijing.,Textbook summary: China is a country whose capital city is Beijing.,supported,"The retrieved source confirms Beijing, so the claim is supported.",train
tc-00146,geography,Kenya is a country in North America.,Sources disagree. Source A: Kenya is located in Africa. Source B: Kenya is located in North America.,uncertain,"The evidence conflicts, giving both Africa and North America.",train
tc-00147,formulas,NaCl is the formula for water.,"In chemistry, water is written as H2O.",unsupported,Retrieved evidence contradicts the claim: the correct value is H2O.,train
tc-00148,capitals,Lisbon is the capital city of Poland.,The capital of Poland is Warsaw.,unsupported,"The evidence gives Warsaw, not Lisbon, so the claim is contradicted.",test
tc-00149,books,Leo Tolstoy is the author of Crime and Punishment.,Crime and Punishment is a book by Fyodor Dostoevsky.,unsupported,"The evidence gives Fyodor Dostoevsky, not Leo Tolstoy, so the claim is contradicted.",train
tc-00150,events,Edmund Hillary and Tenzing Norgay first reached the summit of Mount Everest in the year 1953.,Textbook summary: Historical records show that Edmund Hillary and Tenzing Norgay first reached the summit of Mount Everest in 1953.,supported,"The retrieved source confirms 1953, so the claim is supported.",train
tc-00151,capitals,New Zealand's capital is Wellington.,Sources disagree. Source A: New Zealand is a country whose capital city is Wellington. Source B: Manila is the capital city of New Zealand.,uncertain,Conflicting evidence means this claim cannot be marked supported or unsupported.,train
tc-00152,events,"In 1215, King John sealed the Magna Carta.",Historical records show that King John sealed the Magna Carta in 1215. This is widely documented.,supported,"The retrieved source confirms 1215, so the claim is supported.",train
tc-00153,events,"In 1869, the Suez Canal opened.","Reference note: The Soviet Union was dissolved in 1991, according to standard histories.",uncertain,"The retrieved text does not mention what the claim asserts, so it cannot be confirmed.",train
tc-00154,elements_number,Oxygen is element number 2.,An atom of Oxygen contains 8 protons. This is widely documented.,unsupported,"The source states 8. The claim says 2, which does not match.",train
tc-00155,elements_symbol,Al is the symbol of the element Calcium.,Textbook summary: The standard chemical symbol for Calcium is Ca.,unsupported,"The source states Ca. The claim says Al, which does not match.",train
tc-00156,formulas,H2SO4 is the formula for table salt.,Textbook summary: Table salt has the chemical formula NaCl.,unsupported,Retrieved evidence contradicts the claim: the correct value is NaCl.,train
tc-00157,formulas,SO2 is the formula for sulfur dioxide.,Textbook summary: Sulfur dioxide has the chemical formula SO2.,supported,"The retrieved source confirms SO2, so the claim is supported.",train
tc-00158,elements_number,Iron has 26 protons in its nucleus.,"Textbook summary: In the periodic table, Iron occupies position 26.",supported,"The retrieved source confirms 26, so the claim is supported.",train
tc-00159,capitals,Riga is the capital city of Switzerland.,Reference note: Switzerland is a country whose capital city is Bern.,unsupported,Retrieved evidence contradicts the claim: the correct value is Bern.,val
tc-00160,geography,Vietnam lies on the continent of Asia.,Reference note: Vietnam is part of Asia.,supported,The evidence directly supports the claim: it gives Asia.,train
tc-00161,science,"Mount Everest rises about 8,849 metres above sea level.","Textbook summary: The official height of Mount Everest is about 8,849 metres above sea level.",supported,"The evidence directly supports the claim: it gives 8,849 metres.",val
tc-00162,geography,Cuba is a country in North America.,Cuba is located in North America. This is widely documented.,supported,The evidence directly supports the claim: it gives North America.,train
tc-00163,capitals,Rabat is the capital city of Morocco.,Sources disagree. Source A: The capital of Morocco is Rabat. Source B: Morocco is a country whose capital city is Canberra.,uncertain,"The evidence conflicts, giving both Rabat and Canberra.",val
tc-00164,capitals,The capital of Vietnam is Cairo.,One source says: The capital of Vietnam is Hanoi. Another source says: Vietnam is a country whose capital city is Cairo.,uncertain,"Sources disagree (Hanoi versus Cairo), so the claim cannot be confirmed.",train
tc-00165,science,Water boils at 212 degrees Celsius at standard sea-level pressure.,"Textbook summary: At standard atmospheric pressure at sea level, water boils at 100 degrees Celsius.",unsupported,"The source states 100 degrees Celsius. The claim says 212 degrees Celsius, which does not match.",test
tc-00166,elements_number,Silver has 13 protons in its nucleus.,Sources disagree. Source A: Silver is the chemical element with atomic number 47. Source B: An atom of Silver contains 13 protons.,uncertain,"The evidence conflicts, giving both 47 and 13.",train
tc-00167,capitals,Riga is the capital city of Latvia.,Slovakia is a country whose capital city is Bratislava.,uncertain,"The retrieved text does not mention what the claim asserts, so it cannot be confirmed.",train
tc-00168,science,The Great Barrier Reef lies off the coast of Florida.,"One source says: The Great Barrier Reef is located off Queensland, Australia. Another source says: The Great Barrier Reef is located off Florida.",uncertain,"The evidence conflicts, giving both Queensland, Australia and Florida.",train
tc-00169,formulas,The chemical formula of water is H2SO4.,Reference note: Water has the chemical formula H2O.,unsupported,"The source states H2O. The claim says H2SO4, which does not match.",train
tc-00170,events,"In 1886, the Statue of Liberty was dedicated.",Historical records show that the Statue of Liberty was dedicated in 1886. This is widely documented.,supported,The evidence directly supports the claim: it gives 1886.,train
tc-00171,science,The Great Barrier Reef lies off the coast of Florida.,"Textbook summary: The Great Barrier Reef is located off Queensland, Australia.",unsupported,"The evidence gives Queensland, Australia, not Florida, so the claim is contradicted.",train
tc-00172,geography,Thailand lies on the continent of Europe.,Morocco is located in Africa.,uncertain,The evidence is insufficient to confirm or contradict the claim.,train
tc-00173,geography,Sweden is in Africa.,Sweden is part of Europe. This is widely documented.,unsupported,"The source states Europe. The claim says Africa, which does not match.",val
tc-00174,events,"In 1917, the October Revolution took place in Russia.","Conflicting reports. First report: The October Revolution took place in Russia in 1917, according to standard histories. Second report: Historical records show that the October Revolution took place in Russia in 1921.",uncertain,"The evidence conflicts, giving both 1917 and 1921.",train
tc-00175,books,Animal Farm was written by George Orwell.,Reference note: Animal Farm is a book by George Orwell.,supported,"The retrieved source confirms George Orwell, so the claim is supported.",train
tc-00176,books,Jane Austen is the author of Pride and Prejudice.,Hamlet is a book by William Shakespeare.,uncertain,"The retrieved text does not mention what the claim asserts, so it cannot be confirmed.",train
tc-00177,capitals,Bratislava is the capital city of Slovakia.,The capital of Slovakia is Bratislava.,supported,The evidence directly supports the claim: it gives Bratislava.,train
tc-00178,events,"In 1927, Alexander Fleming discovered penicillin.",Historical records show that Alexander Fleming discovered penicillin in 1928. This is widely documented.,unsupported,"The source states 1928. The claim says 1927, which does not match.",train
tc-00179,science,The Moon takes about 27 days to orbit the Earth.,The hardest naturally occurring material is Diamond. This is widely documented.,uncertain,The evidence is about a different subject and does not address this claim.,train
tc-00180,capitals,Tashkent is the capital city of Uzbekistan.,Textbook summary: Reference works list Tashkent as the capital of Uzbekistan.,supported,"The retrieved source confirms Tashkent, so the claim is supported.",train
tc-00181,elements_symbol,The chemical symbol for Aluminium is Al.,Aluminium is abbreviated Al in the periodic table.,supported,The evidence directly supports the claim: it gives Al.,train
tc-00182,capitals,Abuja is the capital city of Nigeria.,Textbook summary: The capital of Nigeria is Abuja.,supported,"The evidence states Abuja, which matches the claim.",train
tc-00183,science,Humans typically have 23 pairs of chromosomes.,One source says: A typical human cell contains 23 pairs of chromosomes. Another source says: A typical human cell contains 32 pairs of chromosomes.,uncertain,"The evidence conflicts, giving both 23 pairs of chromosomes and 32 pairs of chromosomes.",train
tc-00184,formulas,The chemical formula of sulfur dioxide is SO2.,The standard formula for ammonia is NH3.,uncertain,"The retrieved text does not mention what the claim asserts, so it cannot be confirmed.",train
tc-00185,geography,Norway lies on the continent of Africa.,Reference note: Norway is located in Europe.,unsupported,"The source states Europe. The claim says Africa, which does not match.",train
tc-00186,science,The Moon takes about 27 days to orbit the Earth.,"In a vacuum, light travels at roughly 299,792 kilometres per second.",uncertain,The evidence is insufficient to confirm or contradict the claim.,train
tc-00187,planets,Saturn is the sixth planet from the Sun.,Saturn is the sixth planet from the Sun in the Solar System. This is widely documented.,supported,"The evidence states sixth, which matches the claim.",test
tc-00188,science,Water boils at 80 degrees Celsius at standard sea-level pressure.,"At standard atmospheric pressure at sea level, water boils at 100 degrees Celsius. This is widely documented.",unsupported,"The source states 100 degrees Celsius. The claim says 80 degrees Celsius, which does not match.",test
tc-00189,events,"In 1929, the Wall Street Crash began.",One source says: The year 1929 is when the Wall Street Crash began. Another source says: The year 1925 is when the Wall Street Crash began.,uncertain,"The evidence conflicts, giving both 1929 and 1925.",train
tc-00190,events,"In 1861, the American Civil War began.",Textbook summary: Historical records show that Alexander Fleming discovered penicillin in 1928.,uncertain,"The retrieved text does not mention what the claim asserts, so it cannot be confirmed.",train
tc-00191,capitals,Prague is the capital city of Denmark.,Denmark is a country whose capital city is Copenhagen.,unsupported,Retrieved evidence contradicts the claim: the correct value is Copenhagen.,train
tc-00192,capitals,The capital of Kazakhstan is Astana.,One source says: Kazakhstan is a country whose capital city is Astana. Another source says: Baghdad is the capital city of Kazakhstan.,uncertain,"Sources disagree (Astana versus Baghdad), so the claim cannot be confirmed.",train
tc-00193,capitals,Brasilia is the capital city of Brazil.,Textbook summary: Reference works list Brasilia as the capital of Brazil.,supported,"The evidence states Brasilia, which matches the claim.",train
tc-00194,capitals,The capital of Chile is Santiago.,Reference works list Santiago as the capital of Chile.,supported,The evidence directly supports the claim: it gives Santiago.,train
tc-00195,elements_symbol,Ni is the symbol of the element Nickel.,Reference note: The standard chemical symbol for Nickel is Ni.,supported,"The evidence states Ni, which matches the claim.",train
tc-00196,elements_symbol,Ti is the symbol of the element Tungsten.,Sources disagree. Source A: The element Tungsten is represented by the symbol W. Source B: The element Tungsten is represented by the symbol Ti.,uncertain,"Sources disagree (W versus Ti), so the claim cannot be confirmed.",train
tc-00197,science,Humans typically have 23 pairs of chromosomes.,Conflicting reports. First report: A typical human cell contains 23 pairs of chromosomes. Second report: A typical human cell contains 46 pairs of chromosomes.,uncertain,"Sources disagree (23 pairs of chromosomes versus 46 pairs of chromosomes), so the claim cannot be confirmed.",train
tc-00198,books,Miguel de Cervantes is the author of Ulysses.,One source says: James Joyce wrote Ulysses. Another source says: The work Ulysses was authored by Miguel de Cervantes.,uncertain,Conflicting evidence means this claim cannot be marked supported or unsupported.,train
tc-00199,formulas,The chemical formula of limestone is CaCO3.,"In chemistry, table salt is written as NaCl. This is widely documented.",uncertain,"The retrieved text does not mention what the claim asserts, so it cannot be confirmed.",train
tc-00200,capitals,Greece's capital is Athens.,Vietnam is a country whose capital city is Hanoi. This is widely documented.,uncertain,"The retrieved text does not mention what the claim asserts, so it cannot be confirmed.",train
tc-00201,science,"Sound travels through air at 20 degrees Celsius at about 1,000 metres per second.","Conflicting reports. First report: At 20 degrees Celsius, the speed of sound in air is about 343 metres per second. Second report: At 20 degrees Celsius, the speed of sound in air is about 1,000 metres per second.",uncertain,Conflicting evidence means this claim cannot be marked supported or unsupported.,train
tc-00202,planets,"Counting outward from the Sun, Mercury is the fourth planet.","Conflicting reports. First report: In order of distance from the Sun, Mercury comes first. Second report: Mercury is the fourth planet from the Sun in the Solar System.",uncertain,"The evidence conflicts, giving both first and fourth.",train
tc-00203,formulas,Table salt has the formula H2O.,Carbon dioxide has the chemical formula CO2.,uncertain,The evidence is about a different subject and does not address this claim.,train
tc-00204,elements_number,The atomic number of Fluorine is 29.,An atom of Fluorine contains 9 protons.,unsupported,"The source states 9. The claim says 29, which does not match.",train
tc-00205,capitals,Riga is the capital city of Latvia.,Reference note: Reference works list Riga as the capital of Latvia.,supported,"The evidence states Riga, which matches the claim.",train
tc-00206,events,The Great Fire of London broke out in the year 1654.,"The Hubble Space Telescope was launched in 1990, according to standard histories. This is widely documented.",uncertain,The evidence is insufficient to confirm or contradict the claim.,train
tc-00207,events,"In 1861, the American Civil War began.",Historical records show that the American Civil War began in 1861. This is widely documented.,supported,"The evidence states 1861, which matches the claim.",train
tc-00208,capitals,The capital of Sweden is Kampala.,Reference note: Stockholm is the capital city of Sweden.,unsupported,"The evidence gives Stockholm, not Kampala, so the claim is contradicted.",train
tc-00209,capitals,Wellington is the capital city of New Zealand.,Textbook summary: New Zealand is a country whose capital city is Wellington.,supported,"The retrieved source confirms Wellington, so the claim is supported.",train
tc-00210,events,World War I began in 1923.,Reference note: Historical records show that World War I began in 1914.,unsupported,"The evidence gives 1914, not 1923, so the claim is contradicted.",train
tc-00211,geography,Canada lies on the continent of Africa.,"Textbook summary: Geographically, Poland lies on the continent of Europe.",uncertain,The evidence is insufficient to confirm or contradict the claim.,train
tc-00212,events,The Wall Street Crash began in 1924.,Historical records show that the Wall Street Crash began in 1929. This is widely documented.,unsupported,"The evidence gives 1929, not 1924, so the claim is contradicted.",train
tc-00213,elements_number,Potassium is element number 19.,Textbook summary: Potassium is the chemical element with atomic number 19.,supported,"The retrieved source confirms 19, so the claim is supported.",train
tc-00214,geography,India is in South America.,Reference note: India is part of Asia.,unsupported,Retrieved evidence contradicts the claim: the correct value is Asia.,train
tc-00215,elements_symbol,Fe is the symbol of the element Iron.,Textbook summary: The element Iron is represented by the symbol Fe.,supported,"The retrieved source confirms Fe, so the claim is supported.",test
tc-00216,elements_symbol,Ni is the symbol of the element Nickel.,The standard chemical symbol for Nickel is Ni.,supported,"The evidence states Ni, which matches the claim.",train
tc-00217,formulas,Ethanol has the formula C2H5OH.,Reference note: Ethanol has the chemical formula C2H5OH.,supported,The evidence directly supports the claim: it gives C2H5OH.,train
tc-00218,geography,Jamaica lies on the continent of North America.,Jamaica is located in North America.,supported,The evidence directly supports the claim: it gives North America.,val
tc-00219,geography,Norway is in Europe.,Sources disagree. Source A: Norway is part of Europe. Source B: Norway is located in Africa.,uncertain,Conflicting evidence means this claim cannot be marked supported or unsupported.,train
tc-00220,capitals,The capital of Lebanon is Brussels.,The capital of Lebanon is Beirut.,unsupported,"The source states Beirut. The claim says Brussels, which does not match.",train
tc-00221,events,The United Kingdom held its Brexit referendum in the year 2016.,One source says: The year 2016 is when the United Kingdom held its Brexit referendum. Another source says: The year 2007 is when the United Kingdom held its Brexit referendum.,uncertain,"Sources disagree (2016 versus 2007), so the claim cannot be confirmed.",train
tc-00222,geography,Mexico is in North America.,"Geographically, Mexico lies on the continent of North America. This is widely documented.",supported,"The retrieved source confirms North America, so the claim is supported.",train
tc-00223,elements_symbol,Pb is the symbol of the element Argon.,The standard chemical symbol for Argon is Ar. This is widely documented.,unsupported,"The source states Ar. The claim says Pb, which does not match.",train
tc-00224,elements_number,Iodine has 15 protons in its nucleus.,Reference note: Iodine is the chemical element with atomic number 53.,unsupported,"The evidence gives 53, not 15, so the claim is contradicted.",test
tc-00225,capitals,Kazakhstan's capital is Astana.,Kazakhstan is a country whose capital city is Astana. This is widely documented.,supported,"The retrieved source confirms Astana, so the claim is supported.",train
tc-00226,elements_number,Calcium is element number 20.,"In the periodic table, Calcium occupies position 20. This is widely documented.",supported,"The evidence states 20, which matches the claim.",train
tc-00227,elements_number,The atomic number of Silver is 74.,An atom of Silver contains 47 protons.,unsupported,"The evidence gives 47, not 74, so the claim is contradicted.",train
tc-00228,events,"In 1857, the Suez Canal opened.",Textbook summary: The year 1928 is when Alexander Fleming discovered penicillin.,uncertain,"The retrieved text does not mention what the claim asserts, so it cannot be confirmed.",train
tc-00229,events,The Space Shuttle Columbia first flew in the year 1981.,"Sources disagree. Source A: Historical records show that the Space Shuttle Columbia first flew in 1981. Source B: The Space Shuttle Columbia first flew in 1983, according to standard histories.",uncertain,"Sources disagree (1981 versus 1983), so the claim cannot be confirmed.",train
tc-00230,geography,Mexico lies on the continent of North America.,Reference note: Mexico is part of North America.,supported,The evidence directly supports the claim: it gives North America.,train
tc-00231,capitals,India's capital is Berlin.,Reference note: Reference works list Canberra as the capital of Australia.,uncertain,"The retrieved text does not mention what the claim asserts, so it cannot be confirmed.",test
tc-00232,elements_number,The atomic number of Lead is 1.,Lead is the chemical element with atomic number 82. This is widely documented.,unsupported,Retrieved evidence contradicts the claim: the correct value is 82.,val
tc-00233,events,The Wright brothers made their first powered flight in 1903.,Historical records show that Christopher Columbus made his first voyage across the Atlantic in 1492.,uncertain,The evidence is insufficient to confirm or contradict the claim.,test
tc-00234,books,Stephen Hawking is the author of Brave New World.,The work Brave New World was authored by Aldous Huxley. This is widely documented.,unsupported,Retrieved evidence contradicts the claim: the correct value is Aldous Huxley.,train
tc-00235,capitals,New Zealand's capital is Beirut.,One source says: Wellington is the capital city of New Zealand. Another source says: Reference works list Beirut as the capital of New Zealand.,uncertain,"The evidence conflicts, giving both Wellington and Beirut.",train
tc-00236,books,Victor Hugo is the author of Ulysses.,Reference note: Ulysses is a book by James Joyce.,unsupported,"The evidence gives James Joyce, not Victor Hugo, so the claim is contradicted.",train
tc-00237,books,The author of Beloved is Toni Morrison.,Textbook summary: Beloved is a book by Toni Morrison.,supported,The evidence directly supports the claim: it gives Toni Morrison.,test
tc-00238,capitals,Mexico City is the capital city of Iran.,Tehran is the capital city of Iran.,unsupported,Retrieved evidence contradicts the claim: the correct value is Tehran.,train
tc-00239,events,The October Revolution took place in Russia in 1921.,Textbook summary: Historical records show that the October Revolution took place in Russia in 1917.,unsupported,Retrieved evidence contradicts the claim: the correct value is 1917.,train
tc-00240,books,Emily Bronte is the author of Beloved.,One source says: Toni Morrison wrote Beloved. Another source says: The work Beloved was authored by Emily Bronte.,uncertain,Conflicting evidence means this claim cannot be marked supported or unsupported.,test
tc-00241,geography,Argentina is in Europe.,"Reference note: Geographically, Argentina lies on the continent of South America.",unsupported,Retrieved evidence contradicts the claim: the correct value is South America.,train
tc-00242,capitals,The capital of Iran is London.,The capital of Iran is Tehran.,unsupported,"The source states Tehran. The claim says London, which does not match.",train
tc-00243,formulas,The chemical formula of sulfur dioxide is CH4.,Conflicting reports. First report: Sulfur dioxide has the chemical formula SO2. Second report: Sulfur dioxide has the chemical formula CH4.,uncertain,"Sources disagree (SO2 versus CH4), so the claim cannot be confirmed.",train
tc-00244,books,William Shakespeare is the author of One Hundred Years of Solitude.,Gabriel Garcia Marquez wrote One Hundred Years of Solitude.,unsupported,Retrieved evidence contradicts the claim: the correct value is Gabriel Garcia Marquez.,test
tc-00245,formulas,H2O2 is the formula for hydrogen peroxide.,Reference note: Hydrogen peroxide has the chemical formula H2O2.,supported,"The retrieved source confirms H2O2, so the claim is supported.",train
tc-00246,capitals,Santiago is the capital city of Egypt.,The capital of Egypt is Cairo.,unsupported,Retrieved evidence contradicts the claim: the correct value is Cairo.,train
tc-00247,elements_symbol,The chemical symbol for Nitrogen is Ag.,The element Nitrogen is represented by the symbol N. This is widely documented.,unsupported,"The evidence gives N, not Ag, so the claim is contradicted.",train
tc-00248,geography,Cuba lies on the continent of Oceania.,Textbook summary: Cuba is located in North America.,unsupported,Retrieved evidence contradicts the claim: the correct value is North America.,train
tc-00249,capitals,The Czech Republic's capital is Nairobi.,The capital of the Czech Republic is Prague. This is widely documented.,unsupported,"The evidence gives Prague, not Nairobi, so the claim is contradicted.",val
tc-00250,geography,Ethiopia is a country in Oceania.,"Geographically, Ethiopia lies on the continent of Africa. This is widely documented.",unsupported,"The evidence gives Africa, not Oceania, so the claim is contradicted.",train
tc-00251,capitals,Switzerland's capital is Ljubljana.,The capital of Switzerland is Bern.,unsupported,Retrieved evidence contradicts the claim: the correct value is Bern.,val
tc-00252,capitals,Nairobi is the capital city of Kenya.,Sources disagree. Source A: Reference works list Nairobi as the capital of Kenya. Source B: Dublin is the capital city of Kenya.,uncertain,Conflicting evidence means this claim cannot be marked supported or unsupported.,test
tc-00253,geography,Chile is a country in South America.,Chile is part of South America. This is widely documented.,supported,"The retrieved source confirms South America, so the claim is supported.",train
tc-00254,geography,India lies on the continent of Asia.,Conflicting reports. First report: India is located in Asia. Second report: India is located in North America.,uncertain,"Sources disagree (Asia versus North America), so the claim cannot be confirmed.",train
tc-00255,geography,Tanzania is a country in Europe.,"Geographically, Tanzania lies on the continent of Africa.",unsupported,"The source states Africa. The claim says Europe, which does not match.",test
tc-00256,elements_number,Gold is element number 79.,An atom of Gold contains 79 protons.,supported,"The evidence states 79, which matches the claim.",train
tc-00257,books,The author of Moby-Dick is Herman Melville.,The work Moby-Dick was authored by Herman Melville.,supported,"The retrieved source confirms Herman Melville, so the claim is supported.",train
tc-00258,elements_symbol,The chemical symbol for Mercury is Hg.,Conflicting reports. First report: The element Mercury is represented by the symbol Hg. Second report: The standard chemical symbol for Mercury is B.,uncertain,"Sources disagree (Hg versus B), so the claim cannot be confirmed.",test
tc-00259,formulas,CaCO3 is the formula for limestone.,Limestone has the chemical formula CaCO3.,supported,"The evidence states CaCO3, which matches the claim.",train
tc-00260,elements_number,Nitrogen has 7 protons in its nucleus.,Sources disagree. Source A: Nitrogen is the chemical element with atomic number 7. Source B: An atom of Nitrogen contains 28 protons.,uncertain,"The evidence conflicts, giving both 7 and 28.",test
tc-00261,capitals,Canada's capital is Ottawa.,The capital of Canada is Ottawa.,supported,"The evidence states Ottawa, which matches the claim.",train
tc-00262,elements_number,The atomic number of Manganese is 25.,Textbook summary: Manganese is the chemical element with atomic number 25.,supported,"The retrieved source confirms 25, so the claim is supported.",val
tc-00263,events,The Suez Canal opened in the year 1869.,Textbook summary: The year 1869 is when the Suez Canal opened.,supported,"The retrieved source confirms 1869, so the claim is supported.",train
tc-00264,capitals,The capital of Austria is Vienna.,Reference note: Reference works list Vienna as the capital of Austria.,supported,"The evidence states Vienna, which matches the claim.",train
tc-00265,capitals,Slovakia's capital is Havana.,Reference note: Reference works list Bratislava as the capital of Slovakia.,unsupported,"The evidence gives Bratislava, not Havana, so the claim is contradicted.",train
tc-00266,planets,Mars is the fourth planet from the Sun.,Reference note: Mars is the fourth planet from the Sun in the Solar System.,supported,"The retrieved source confirms fourth, so the claim is supported.",train
tc-00267,elements_number,Tungsten is element number 74.,"Conflicting reports. First report: In the periodic table, Tungsten occupies position 74. Second report: In the periodic table, Tungsten occupies position 24.",uncertain,Conflicting evidence means this claim cannot be marked supported or unsupported.,train
tc-00268,planets,Earth is the second planet from the Sun.,Earth is the third planet from the Sun in the Solar System. This is widely documented.,unsupported,"The source states third. The claim says second, which does not match.",train
tc-00269,capitals,The capital of Spain is Lisbon.,One source says: The capital of Spain is Madrid. Another source says: Spain is a country whose capital city is Lisbon.,uncertain,"The evidence conflicts, giving both Madrid and Lisbon.",train
tc-00270,books,The author of Les Miserables is Victor Hugo.,The work Les Miserables was authored by Victor Hugo. This is widely documented.,supported,The evidence directly supports the claim: it gives Victor Hugo.,train
tc-00271,geography,Nigeria is in South America.,Spain is located in Europe. This is widely documented.,uncertain,The evidence is insufficient to confirm or contradict the claim.,train
tc-00272,science,The largest planet in the Solar System is Jupiter.,Jupiter is the largest planet in the Solar System.,supported,"The retrieved source confirms Jupiter, so the claim is supported.",train
tc-00273,books,Pride and Prejudice was written by James Joyce.,One source says: Pride and Prejudice is a book by Jane Austen. Another source says: Pride and Prejudice is a book by James Joyce.,uncertain,Conflicting evidence means this claim cannot be marked supported or unsupported.,train
tc-00274,events,"In 1979, the Soviet Union was dissolved.",One source says: The year 1991 is when the Soviet Union was dissolved. Another source says: Historical records show that the Soviet Union was dissolved in 1979.,uncertain,"Sources disagree (1991 versus 1979), so the claim cannot be confirmed.",train
tc-00275,elements_number,Neon is element number 1.,"In the periodic table, Silver occupies position 47.",uncertain,"The retrieved text does not mention what the claim asserts, so it cannot be confirmed.",train
tc-00276,formulas,Carbon monoxide has the formula C2H5OH.,"Textbook summary: In chemistry, carbon monoxide is written as CO.",unsupported,"The source states CO. The claim says C2H5OH, which does not match.",train
tc-00277,events,"In 1960, the Cuban Missile Crisis took place.",Reference note: The year 1962 is when the Cuban Missile Crisis took place.,unsupported,"The source states 1962. The claim says 1960, which does not match.",val
tc-00278,events,Sputnik 1 was launched in 1948.,"The United States Declaration of Independence was adopted in 1776, according to standard histories.",uncertain,"The retrieved text does not mention what the claim asserts, so it cannot be confirmed.",train
tc-00279,capitals,The capital of Portugal is Berlin.,Reference note: Reference works list Tehran as the capital of Iran.,uncertain,The evidence is about a different subject and does not address this claim.,train
tc-00280,capitals,Tokyo is the capital city of Japan.,Textbook summary: Tokyo is the capital city of Japan.,supported,"The evidence states Tokyo, which matches the claim.",train
tc-00281,capitals,The capital of Mexico is Tallinn.,Sources disagree. Source A: Reference works list Mexico City as the capital of Mexico. Source B: Mexico is a country whose capital city is Tallinn.,uncertain,Conflicting evidence means this claim cannot be marked supported or unsupported.,train
tc-00282,formulas,The chemical formula of limestone is CO2.,"Textbook summary: In chemistry, limestone is written as CaCO3.",unsupported,"The source states CaCO3. The claim says CO2, which does not match.",train
tc-00283,books,The author of The Trial is Franz Kafka.,Sources disagree. Source A: Franz Kafka wrote The Trial. Source B: The Trial is a book by James Joyce.,uncertain,Conflicting evidence means this claim cannot be marked supported or unsupported.,train
tc-00284,capitals,Kazakhstan's capital is Tokyo.,Reference note: Reference works list Astana as the capital of Kazakhstan.,unsupported,"The evidence gives Astana, not Tokyo, so the claim is contradicted.",train
tc-00285,books,One Hundred Years of Solitude was written by Gustave Flaubert.,One source says: The work One Hundred Years of Solitude was authored by Gabriel Garcia Marquez. Another source says: One Hundred Years of Solitude is a book by Gustave Flaubert.,uncertain,"Sources disagree (Gabriel Garcia Marquez versus Gustave Flaubert), so the claim cannot be confirmed.",test
tc-00286,elements_number,Silicon is element number 2.,An atom of Silicon contains 14 protons.,unsupported,"The source states 14. The claim says 2, which does not match.",train
tc-00287,planets,Neptune is the first planet from the Sun.,"Reference note: In order of distance from the Sun, Mars comes fourth.",uncertain,The evidence is about a different subject and does not address this claim.,train
tc-00288,events,The Statue of Liberty was dedicated in the year 1886.,Historical records show that the first iPhone was released in 2007.,uncertain,The evidence is insufficient to confirm or contradict the claim.,train
tc-00289,capitals,The capital of Malaysia is Manila.,Reference note: Reference works list Kuala Lumpur as the capital of Malaysia.,unsupported,Retrieved evidence contradicts the claim: the correct value is Kuala Lumpur.,train
tc-00290,events,"In 1953, Watson and Crick published the double helix structure of DNA.",One source says: Historical records show that Watson and Crick published the double helix structure of DNA in 1953. Another source says: Historical records show that Watson and Crick published the double helix structure of DNA in 1949.,uncertain,"The evidence conflicts, giving both 1953 and 1949.",test
tc-00291,formulas,The chemical formula of sulfur dioxide is SO2.,Textbook summary: Sulfur dioxide has the chemical formula SO2.,supported,"The retrieved source confirms SO2, so the claim is supported.",train
tc-00292,capitals,Senegal's capital is Vienna.,Reference note: Reference works list Dakar as the capital of Senegal.,unsupported,Retrieved evidence contradicts the claim: the correct value is Dakar.,train
tc-00293,elements_symbol,Hg is the symbol of the element Mercury.,Reference note: The standard chemical symbol for Mercury is Hg.,supported,"The retrieved source confirms Hg, so the claim is supported.",test
tc-00294,events,"In 1947, India gained independence from British rule.","Textbook summary: India gained independence from British rule in 1947, according to standard histories.",supported,The evidence directly supports the claim: it gives 1947.,train
tc-00295,elements_symbol,H is the symbol of the element Lead.,Potassium is abbreviated K in the periodic table. This is widely documented.,uncertain,The evidence is about a different subject and does not address this claim.,train
tc-00296,elements_number,Gold is element number 9.,"In the periodic table, Gold occupies position 79.",unsupported,"The source states 79. The claim says 9, which does not match.",train
tc-00297,capitals,The capital of Thailand is Dublin.,The capital of Thailand is Bangkok.,unsupported,"The source states Bangkok. The claim says Dublin, which does not match.",val
tc-00298,capitals,Bern is the capital city of Switzerland.,Bern is the capital city of Switzerland. This is widely documented.,supported,"The evidence states Bern, which matches the claim.",val
tc-00299,science,The human heart has two chambers.,Reference note: The human heart is divided into four chambers.,unsupported,"The evidence gives four chambers, not two chambers, so the claim is contradicted.",train
tc-00300,events,The Wall Street Crash began in 1929.,The year 1929 is when the Wall Street Crash began. This is widely documented.,supported,"The evidence states 1929, which matches the claim.",train
tc-00301,formulas,NH3 is the formula for ammonia.,Textbook summary: Ammonia has the chemical formula NH3.,supported,"The evidence states NH3, which matches the claim.",train
tc-00302,books,Gustave Flaubert is the author of Madame Bovary.,Textbook summary: The work Madame Bovary was authored by Gustave Flaubert.,supported,The evidence directly supports the claim: it gives Gustave Flaubert.,train
tc-00303,geography,Brazil lies on the continent of South America.,Brazil is located in South America. This is widely documented.,supported,The evidence directly supports the claim: it gives South America.,train
tc-00304,books,The author of 1984 is Plato.,Textbook summary: A Brief History of Time is a book by Stephen Hawking.,uncertain,The evidence is insufficient to confirm or contradict the claim.,train
tc-00305,elements_number,The atomic number of Tungsten is 1.,"In the periodic table, Mercury occupies position 80.",uncertain,The evidence is insufficient to confirm or contradict the claim.,train
tc-00306,science,The largest planet in the Solar System is Saturn.,"Reference note: At 20 degrees Celsius, the speed of sound in air is about 343 metres per second.",uncertain,"The retrieved text does not mention what the claim asserts, so it cannot be confirmed.",train
tc-00307,geography,Senegal lies on the continent of Africa.,Senegal is located in Africa. This is widely documented.,supported,"The retrieved source confirms Africa, so the claim is supported.",test
tc-00308,events,"In 1951, Watson and Crick published the double helix structure of DNA.","Watson and Crick published the double helix structure of DNA in 1953, according to standard histories.",unsupported,"The evidence gives 1953, not 1951, so the claim is contradicted.",test
tc-00309,events,The Great Fire of London broke out in 1666.,Historical records show that the Great Fire of London broke out in 1666.,supported,"The retrieved source confirms 1666, so the claim is supported.",train
tc-00310,books,The author of Frankenstein is Mary Shelley.,Sources disagree. Source A: Frankenstein is a book by Mary Shelley. Source B: The work Frankenstein was authored by Adam Smith.,uncertain,"The evidence conflicts, giving both Mary Shelley and Adam Smith.",train
tc-00311,science,The largest ocean on Earth is the Pacific Ocean.,"By area, the Pacific Ocean is the largest ocean on Earth. This is widely documented.",supported,"The retrieved source confirms Pacific Ocean, so the claim is supported.",train
tc-00312,capitals,Paris is the capital city of France.,Textbook summary: Paris is the capital city of France.,supported,The evidence directly supports the claim: it gives Paris.,train
tc-00313,books,James Joyce is the author of Ulysses.,Miguel de Cervantes wrote Don Quixote. This is widely documented.,uncertain,The evidence is about a different subject and does not address this claim.,train
tc-00314,events,The Soviet Union was dissolved in the year 1990.,"Textbook summary: The Soviet Union was dissolved in 1991, according to standard histories.",unsupported,Retrieved evidence contradicts the claim: the correct value is 1991.,train
tc-00315,books,The author of Ulysses is George Orwell.,Conflicting reports. First report: The work Ulysses was authored by James Joyce. Second report: Ulysses is a book by George Orwell.,uncertain,Conflicting evidence means this claim cannot be marked supported or unsupported.,train
tc-00316,elements_symbol,Pb is the symbol of the element Lead.,Reference note: Lead is abbreviated Pb in the periodic table.,supported,"The evidence states Pb, which matches the claim.",train
tc-00317,elements_symbol,The chemical symbol for Tungsten is W.,Sources disagree. Source A: Tungsten is abbreviated W in the periodic table. Source B: The element Tungsten is represented by the symbol Li.,uncertain,Conflicting evidence means this claim cannot be marked supported or unsupported.,train
tc-00318,capitals,Dakar is the capital city of Senegal.,The capital of Senegal is Dakar. This is widely documented.,supported,The evidence directly supports the claim: it gives Dakar.,train
tc-00319,books,Jane Austen is the author of 1984.,Textbook summary: George Orwell wrote 1984.,unsupported,Retrieved evidence contradicts the claim: the correct value is George Orwell.,train
tc-00320,science,An adult human skeleton has 256 bones.,Textbook summary: The adult human skeleton is made up of 206 bones.,unsupported,Retrieved evidence contradicts the claim: the correct value is 206 bones.,train
tc-00321,books,James Joyce is the author of Moby-Dick.,Reference note: The work Moby-Dick was authored by Herman Melville.,unsupported,"The evidence gives Herman Melville, not James Joyce, so the claim is contradicted.",train
tc-00322,elements_number,The atomic number of Phosphorus is 1.,Textbook summary: Chlorine is the chemical element with atomic number 17.,uncertain,"The retrieved text does not mention what the claim asserts, so it cannot be confirmed.",train
tc-00323,books,Dante Alighieri is the author of War and Peace.,Textbook summary: A Brief History of Time is a book by Stephen Hawking.,uncertain,"The retrieved text does not mention what the claim asserts, so it cannot be confirmed.",train
tc-00324,elements_number,The atomic number of Argon is 17.,Textbook summary: An atom of Argon contains 18 protons.,unsupported,Retrieved evidence contradicts the claim: the correct value is 18.,train
tc-00325,planets,"Counting outward from the Sun, Venus is the second planet.",Textbook summary: Venus is the second planet from the Sun in the Solar System.,supported,"The retrieved source confirms second, so the claim is supported.",train
tc-00326,capitals,Rome is the capital city of Colombia.,One source says: Colombia is a country whose capital city is Bogota. Another source says: Colombia is a country whose capital city is Rome.,uncertain,"The evidence conflicts, giving both Bogota and Rome.",train
tc-00327,elements_number,Tin is element number 50.,"In the periodic table, Tin occupies position 50. This is widely documented.",supported,"The retrieved source confirms 50, so the claim is supported.",val
tc-00328,planets,"Counting outward from the Sun, Saturn is the sixth planet.",Reference note: Saturn is the sixth planet from the Sun in the Solar System.,supported,"The retrieved source confirms sixth, so the claim is supported.",test
tc-00329,events,The atomic bomb was dropped on Hiroshima in 1945.,The year 1945 is when World War II ended.,uncertain,"The retrieved text does not mention what the claim asserts, so it cannot be confirmed.",train
tc-00330,formulas,The chemical formula of methane is CO2.,Reference note: The standard formula for methane is CH4.,unsupported,"The source states CH4. The claim says CO2, which does not match.",train
tc-00331,science,Humans typically have 23 pairs of chromosomes.,One source says: A typical human cell contains 23 pairs of chromosomes. Another source says: A typical human cell contains 46 pairs of chromosomes.,uncertain,"The evidence conflicts, giving both 23 pairs of chromosomes and 46 pairs of chromosomes.",train
tc-00332,science,The human heart has four chambers.,The human heart is divided into four chambers. This is widely documented.,supported,The evidence directly supports the claim: it gives four chambers.,train
tc-00333,formulas,Sulfur dioxide has the formula SO2.,Sulfur dioxide has the chemical formula SO2.,supported,The evidence directly supports the claim: it gives SO2.,train
tc-00334,elements_symbol,The chemical symbol for Aluminium is Ti.,Reference note: The standard chemical symbol for Aluminium is Al.,unsupported,Retrieved evidence contradicts the claim: the correct value is Al.,train
tc-00335,capitals,Cairo is the capital city of Egypt.,Textbook summary: Egypt is a country whose capital city is Cairo.,supported,"The evidence states Cairo, which matches the claim.",train
tc-00336,planets,"Counting outward from the Sun, Uranus is the fourth planet.",Textbook summary: Uranus is the seventh planet from the Sun in the Solar System.,unsupported,Retrieved evidence contradicts the claim: the correct value is seventh.,train
tc-00337,capitals,The capital of Denmark is Manila.,Reference note: The capital of Denmark is Copenhagen.,unsupported,"The evidence gives Copenhagen, not Manila, so the claim is contradicted.",train
tc-00338,elements_number,The atomic number of Lithium is 3.,Lithium is the chemical element with atomic number 3. This is widely documented.,supported,"The evidence states 3, which matches the claim.",val
tc-00339,capitals,The capital of Zambia is Dublin.,Lusaka is the capital city of Zambia.,unsupported,"The source states Lusaka. The claim says Dublin, which does not match.",val
tc-00340,formulas,Carbon dioxide has the formula NaCl.,Reference note: Hydrogen peroxide has the chemical formula H2O2.,uncertain,The evidence is insufficient to confirm or contradict the claim.,train
tc-00341,events,World War I began in 1914.,The year 1914 is when World War I began. This is widely documented.,supported,The evidence directly supports the claim: it gives 1914.,train
tc-00342,events,"In 1935, Alexander Fleming discovered penicillin.",Historical records show that Alexander Fleming discovered penicillin in 1928.,unsupported,Retrieved evidence contradicts the claim: the correct value is 1928.,train
tc-00343,elements_number,The atomic number of Iodine is 16.,"In the periodic table, Iodine occupies position 53.",unsupported,Retrieved evidence contradicts the claim: the correct value is 53.,test
tc-00344,books,The author of Hamlet is Franz Kafka.,Reference note: The work Hamlet was authored by William Shakespeare.,unsupported,Retrieved evidence contradicts the claim: the correct value is William Shakespeare.,train
tc-00345,elements_number,Uranium is element number 3.,Textbook summary: An atom of Uranium contains 92 protons.,unsupported,"The source states 92. The claim says 3, which does not match.",train
tc-00346,geography,Vietnam is in Asia.,"Geographically, Vietnam lies on the continent of Asia.",supported,The evidence directly supports the claim: it gives Asia.,train
tc-00347,geography,Tanzania is a country in South America.,Tanzania is part of Africa.,unsupported,"The source states Africa. The claim says South America, which does not match.",test
tc-00348,science,A leap year has 364 days.,A leap year in the Gregorian calendar contains 366 days. This is widely documented.,unsupported,"The evidence gives 366 days, not 364 days, so the claim is contradicted.",train
tc-00349,elements_number,Aluminium is element number 13.,Sources disagree. Source A: Aluminium is the chemical element with atomic number 13. Source B: An atom of Aluminium contains 92 protons.,uncertain,Conflicting evidence means this claim cannot be marked supported or unsupported.,train
tc-00350,events,The first modern Olympic Games were held in Athens in 1884.,Sources disagree. Source A: Historical records show that the first modern Olympic Games were held in Athens in 1896. Source B: Historical records show that the first modern Olympic Games were held in Athens in 1884.,uncertain,"Sources disagree (1896 versus 1884), so the claim cannot be confirmed.",test
tc-00351,events,The Hubble Space Telescope was launched in 1981.,The year 1990 is when the Hubble Space Telescope was launched. This is widely documented.,unsupported,"The source states 1990. The claim says 1981, which does not match.",test
tc-00352,capitals,The capital of Nigeria is Buenos Aires.,One source says: Nigeria is a country whose capital city is Abuja. Another source says: Buenos Aires is the capital city of Nigeria.,uncertain,Conflicting evidence means this claim cannot be marked supported or unsupported.,train
tc-00353,capitals,The capital of Nigeria is Abuja.,Reference works list Abuja as the capital of Nigeria. This is widely documented.,supported,"The retrieved source confirms Abuja, so the claim is supported.",train
tc-00354,elements_number,The atomic number of Lead is 29.,An atom of Lead contains 82 protons. This is widely documented.,unsupported,Retrieved evidence contradicts the claim: the correct value is 82.,val
tc-00355,events,The Wright brothers made their first powered flight in 1896.,The year 1903 is when the Wright brothers made their first powered flight.,unsupported,"The source states 1903. The claim says 1896, which does not match.",test
tc-00356,elements_symbol,He is the symbol of the element Lithium.,The element Chromium is represented by the symbol Cr. This is widely documented.,uncertain,"The retrieved text does not mention what the claim asserts, so it cannot be confirmed.",test
tc-00357,science,Humans typically have 32 pairs of chromosomes.,The hardest naturally occurring material is Diamond.,uncertain,"The retrieved text does not mention what the claim asserts, so it cannot be confirmed.",train
tc-00358,formulas,The chemical formula of water is HCl.,"In chemistry, water is written as H2O.",unsupported,Retrieved evidence contradicts the claim: the correct value is H2O.,train
tc-00359,formulas,Ozone has the formula NaCl.,Reference note: The standard formula for glucose is C6H12O6.,uncertain,"The retrieved text does not mention what the claim asserts, so it cannot be confirmed.",train
tc-00360,geography,Indonesia lies on the continent of Africa.,"Textbook summary: Geographically, Ghana lies on the continent of Africa.",uncertain,"The retrieved text does not mention what the claim asserts, so it cannot be confirmed.",train
tc-00361,events,The Panama Canal opened in 1918.,"The Panama Canal opened in 1914, according to standard histories.",unsupported,"The source states 1914. The claim says 1918, which does not match.",train
tc-00362,elements_symbol,The chemical symbol for Phosphorus is Li.,One source says: The standard chemical symbol for Phosphorus is P. Another source says: The element Phosphorus is represented by the symbol Li.,uncertain,Conflicting evidence means this claim cannot be marked supported or unsupported.,test
tc-00363,events,The Berlin Wall fell in the year 1989.,"Textbook summary: The Berlin Wall fell in 1989, according to standard histories.",supported,The evidence directly supports the claim: it gives 1989.,train
tc-00364,books,On the Origin of Species was written by Charles Darwin.,On the Origin of Species is a book by Charles Darwin. This is widely documented.,supported,"The retrieved source confirms Charles Darwin, so the claim is supported.",train
tc-00365,capitals,Berlin is the capital city of Mongolia.,Textbook summary: Pakistan is a country whose capital city is Islamabad.,uncertain,The evidence is insufficient to confirm or contradict the claim.,train
tc-00366,events,The Space Shuttle Columbia first flew in 1978.,"The Space Shuttle Columbia first flew in 1981, according to standard histories.",unsupported,"The evidence gives 1981, not 1978, so the claim is contradicted.",train
tc-00367,books,Jane Eyre was written by Dante Alighieri.,Ulysses is a book by James Joyce.,uncertain,The evidence is insufficient to confirm or contradict the claim.,train
tc-00368,capitals,The capital of Venezuela is Caracas.,Textbook summary: The capital of Venezuela is Caracas.,supported,"The evidence states Caracas, which matches the claim.",train
tc-00369,science,Earth takes about 300 days to orbit the Sun.,One source says: One orbit of Earth around the Sun takes about 365 days. Another source says: One orbit of Earth around the Sun takes about 300 days.,uncertain,"Sources disagree (365 days versus 300 days), so the claim cannot be confirmed.",train
tc-00370,events,Watson and Crick published the double helix structure of DNA in 1941.,"The first modern Olympic Games were held in Athens in 1896, according to standard histories. This is widely documented.",uncertain,The evidence is about a different subject and does not address this claim.,test
tc-00371,capitals,The capital of Italy is Rome.,Textbook summary: Reference works list Rome as the capital of Italy.,supported,The evidence directly supports the claim: it gives Rome.,train
tc-00372,events,Nelson Mandela was released from prison in 1981.,The year 1962 is when the Cuban Missile Crisis took place. This is widely documented.,uncertain,"The retrieved text does not mention what the claim asserts, so it cannot be confirmed.",train
tc-00373,events,The Berlin Wall was built in the year 1949.,Reference note: Historical records show that the Berlin Wall was built in 1961.,unsupported,Retrieved evidence contradicts the claim: the correct value is 1961.,val
tc-00374,events,"In 1943, India gained independence from British rule.",Reference note: Historical records show that India gained independence from British rule in 1947.,unsupported,Retrieved evidence contradicts the claim: the correct value is 1947.,train
tc-00375,books,Fyodor Dostoevsky is the author of Crime and Punishment.,Textbook summary: The work Crime and Punishment was authored by Fyodor Dostoevsky.,supported,"The retrieved source confirms Fyodor Dostoevsky, so the claim is supported.",train
tc-00376,events,The Chernobyl nuclear disaster occurred in 1974.,Historical records show that the Chernobyl nuclear disaster occurred in 1986. This is widely documented.,unsupported,Retrieved evidence contradicts the claim: the correct value is 1986.,train
tc-00377,capitals,The capital of Uganda is Kampala.,Reference note: The capital of Uganda is Kampala.,supported,The evidence directly supports the claim: it gives Kampala.,train
tc-00378,science,Pi is approximately 2.718.,The most abundant gas in Earth's atmosphere is Nitrogen. This is widely documented.,uncertain,"The retrieved text does not mention what the claim asserts, so it cannot be confirmed.",train
tc-00379,capitals,The capital of Croatia is Oslo.,One source says: Croatia is a country whose capital city is Zagreb. Another source says: Reference works list Oslo as the capital of Croatia.,uncertain,Conflicting evidence means this claim cannot be marked supported or unsupported.,train
tc-00380,capitals,The capital of Libya is Kyiv.,Libya is a country whose capital city is Tripoli.,unsupported,"The evidence gives Tripoli, not Kyiv, so the claim is contradicted.",train
tc-00381,capitals,Athens is the capital city of Denmark.,The capital of Denmark is Copenhagen.,unsupported,"The evidence gives Copenhagen, not Athens, so the claim is contradicted.",train
tc-00382,books,To Kill a Mockingbird was written by Charles Darwin.,The work To Kill a Mockingbird was authored by Harper Lee.,unsupported,"The evidence gives Harper Lee, not Charles Darwin, so the claim is contradicted.",train
tc-00383,books,The author of Moby-Dick is Herman Melville.,Conflicting reports. First report: Herman Melville wrote Moby-Dick. Second report: The work Moby-Dick was authored by Adam Smith.,uncertain,"The evidence conflicts, giving both Herman Melville and Adam Smith.",train
tc-00384,science,Pi is approximately 3.14159.,Reference note: The mathematical constant pi is approximately 3.14159.,supported,"The evidence states 3.14159, which matches the claim.",train
tc-00385,planets,Uranus is the seventh planet from the Sun.,One source says: Uranus is the seventh planet from the Sun in the Solar System. Another source says: Uranus is the eighth planet from the Sun in the Solar System.,uncertain,"The evidence conflicts, giving both seventh and eighth.",train
tc-00386,elements_number,Silicon is element number 15.,"One source says: In the periodic table, Silicon occupies position 14. Another source says: An atom of Silicon contains 15 protons.",uncertain,"The evidence conflicts, giving both 14 and 15.",train
tc-00387,capitals,The capital of Peru is Lima.,Reference works list Lima as the capital of Peru. This is widely documented.,supported,"The evidence states Lima, which matches the claim.",train
tc-00388,books,Beloved was written by Toni Morrison.,Textbook summary: Toni Morrison wrote Beloved.,supported,"The retrieved source confirms Toni Morrison, so the claim is supported.",test
tc-00389,science,Argon is the most abundant gas in Earth's atmosphere.,Textbook summary: The most abundant gas in Earth's atmosphere is Nitrogen.,unsupported,"The source states Nitrogen. The claim says Argon, which does not match.",val
tc-00390,books,Bram Stoker is the author of Dracula.,Sources disagree. Source A: The work Dracula was authored by Bram Stoker. Source B: George Orwell wrote Dracula.,uncertain,Conflicting evidence means this claim cannot be marked supported or unsupported.,train
tc-00391,geography,Indonesia lies on the continent of Asia.,Reference note: Indonesia is located in Asia.,supported,"The evidence states Asia, which matches the claim.",train
tc-00392,capitals,The capital of Venezuela is Brasilia.,Conflicting reports. First report: Reference works list Caracas as the capital of Venezuela. Second report: The capital of Venezuela is Brasilia.,uncertain,"Sources disagree (Caracas versus Brasilia), so the claim cannot be confirmed.",train
tc-00393,books,Gustave Flaubert is the author of Hamlet.,William Shakespeare wrote Hamlet. This is widely documented.,unsupported,"The evidence gives William Shakespeare, not Gustave Flaubert, so the claim is contradicted.",train
tc-00394,elements_number,Lithium has 16 protons in its nucleus.,"Textbook summary: In the periodic table, Lithium occupies position 3.",unsupported,Retrieved evidence contradicts the claim: the correct value is 3.,val
tc-00395,geography,Spain lies on the continent of South America.,Spain is located in Europe. This is widely documented.,unsupported,"The source states Europe. The claim says South America, which does not match.",val
tc-00396,capitals,The Philippines's capital is Helsinki.,Sources disagree. Source A: The Philippines is a country whose capital city is Manila. Source B: The Philippines is a country whose capital city is Helsinki.,uncertain,"Sources disagree (Manila versus Helsinki), so the claim cannot be confirmed.",train
tc-00397,science,The human heart has four chambers.,The human heart is divided into four chambers.,supported,The evidence directly supports the claim: it gives four chambers.,train
tc-00398,elements_symbol,Ag is the symbol of the element Sulfur.,The standard chemical symbol for Sulfur is S. This is widely documented.,unsupported,"The source states S. The claim says Ag, which does not match.",train
tc-00399,capitals,Tashkent is the capital city of Uzbekistan.,Tashkent is the capital city of Uzbekistan. This is widely documented.,supported,The evidence directly supports the claim: it gives Tashkent.,train
tc-00400,formulas,The chemical formula of carbon dioxide is CO2.,Textbook summary: Carbon dioxide has the chemical formula CO2.,supported,"The evidence states CO2, which matches the claim.",train
tc-00401,science,The human heart has five chambers.,Reference note: The human heart is divided into four chambers.,unsupported,"The source states four chambers. The claim says five chambers, which does not match.",train
tc-00402,capitals,Vietnam's capital is Rome.,Reference note: Vietnam is a country whose capital city is Hanoi.,unsupported,"The source states Hanoi. The claim says Rome, which does not match.",train
tc-00403,science,The Solar System has eight planets.,One source says: The Solar System contains eight recognised planets. Another source says: The Solar System contains ten recognised planets.,uncertain,"The evidence conflicts, giving both eight and ten.",test
tc-00404,planets,"Counting outward from the Sun, Mercury is the seventh planet.","Conflicting reports. First report: Mercury is the first planet from the Sun in the Solar System. Second report: In order of distance from the Sun, Mercury comes seventh.",uncertain,"Sources disagree (first versus seventh), so the claim cannot be confirmed.",train
tc-00405,formulas,CO is the formula for carbon monoxide.,"In chemistry, carbon monoxide is written as CO. This is widely documented.",supported,"The retrieved source confirms CO, so the claim is supported.",train
tc-00406,capitals,Saudi Arabia's capital is Nairobi.,Conflicting reports. First report: Saudi Arabia is a country whose capital city is Riyadh. Second report: Saudi Arabia is a country whose capital city is Nairobi.,uncertain,"Sources disagree (Riyadh versus Nairobi), so the claim cannot be confirmed.",test
tc-00407,events,The Cuban Missile Crisis took place in 1965.,"One source says: The Cuban Missile Crisis took place in 1962, according to standard histories. Another source says: The Cuban Missile Crisis took place in 1965, according to standard histories.",uncertain,Conflicting evidence means this claim cannot be marked supported or unsupported.,val
tc-00408,capitals,Ecuador's capital is Madrid.,Reference works list Quito as the capital of Ecuador. This is widely documented.,unsupported,"The source states Quito. The claim says Madrid, which does not match.",train
tc-00409,planets,Uranus is the eighth planet from the Sun.,Textbook summary: Uranus is the seventh planet from the Sun in the Solar System.,unsupported,Retrieved evidence contradicts the claim: the correct value is seventh.,train
tc-00410,science,Earth takes about 500 days to orbit the Sun.,Reference note: One orbit of Earth around the Sun takes about 365 days.,unsupported,Retrieved evidence contradicts the claim: the correct value is 365 days.,train
tc-00411,events,"In 2014, the United Kingdom held its Brexit referendum.",Reference note: The year 2016 is when the United Kingdom held its Brexit referendum.,unsupported,"The source states 2016. The claim says 2014, which does not match.",train
tc-00412,capitals,The capital of Vietnam is Hanoi.,Sources disagree. Source A: Vietnam is a country whose capital city is Hanoi. Source B: Vietnam is a country whose capital city is Vilnius.,uncertain,Conflicting evidence means this claim cannot be marked supported or unsupported.,train
tc-00413,capitals,Finland's capital is Tokyo.,The capital of Finland is Helsinki. This is widely documented.,unsupported,"The evidence gives Helsinki, not Tokyo, so the claim is contradicted.",train
tc-00414,capitals,Japan's capital is Tokyo.,Textbook summary: Japan is a country whose capital city is Tokyo.,supported,"The retrieved source confirms Tokyo, so the claim is supported.",train
tc-00415,events,The Cuban Missile Crisis took place in 1962.,"Textbook summary: The Cuban Missile Crisis took place in 1962, according to standard histories.",supported,"The evidence states 1962, which matches the claim.",val
tc-00416,events,"In 1908, the Titanic sank.",Sources disagree. Source A: Historical records show that the Titanic sank in 1912. Source B: Historical records show that the Titanic sank in 1908.,uncertain,"The evidence conflicts, giving both 1912 and 1908.",train
tc-00417,elements_symbol,Ne is the symbol of the element Neon.,The element Neon is represented by the symbol Ne.,supported,The evidence directly supports the claim: it gives Ne.,train
tc-00418,books,1984 was written by Emily Bronte.,Reference note: George Orwell wrote 1984.,unsupported,"The evidence gives George Orwell, not Emily Bronte, so the claim is contradicted.",train
tc-00419,formulas,Ethanol has the formula CO2.,"Conflicting reports. First report: In chemistry, ethanol is written as C2H5OH. Second report: The standard formula for ethanol is CO2.",uncertain,Conflicting evidence means this claim cannot be marked supported or unsupported.,train
tc-00420,books,The author of Pride and Prejudice is Jane Austen.,The work Pride and Prejudice was authored by Jane Austen. This is widely documented.,supported,The evidence directly supports the claim: it gives Jane Austen.,train
tc-00421,books,The Hobbit was written by Dante Alighieri.,Reference note: The Hobbit is a book by J. R. R. Tolkien.,unsupported,"The source states J. R. R. Tolkien. The claim says Dante Alighieri, which does not match.",train
tc-00422,elements_symbol,Be is the symbol of the element Lithium.,One source says: The element Lithium is represented by the symbol Li. Another source says: The element Lithium is represented by the symbol Be.,uncertain,Conflicting evidence means this claim cannot be marked supported or unsupported.,test
tc-00423,formulas,The chemical formula of baking soda is C6H12O6.,"In chemistry, baking soda is written as NaHCO3. This is widely documented.",unsupported,"The source states NaHCO3. The claim says C6H12O6, which does not match.",train
tc-00424,capitals,The capital of Chile is Santiago.,Sources disagree. Source A: Reference works list Santiago as the capital of Chile. Source B: Chile is a country whose capital city is Warsaw.,uncertain,Conflicting evidence means this claim cannot be marked supported or unsupported.,train
tc-00425,events,"In 1961, the Berlin Wall was built.","Reference note: The Berlin Wall was built in 1961, according to standard histories.",supported,The evidence directly supports the claim: it gives 1961.,val
tc-00426,elements_number,The atomic number of Hydrogen is 1.,"In the periodic table, Hydrogen occupies position 1. This is widely documented.",supported,"The retrieved source confirms 1, so the claim is supported.",train
tc-00427,elements_symbol,The chemical symbol for Aluminium is Al.,The standard chemical symbol for Aluminium is Al.,supported,"The evidence states Al, which matches the claim.",train
tc-00428,elements_symbol,The chemical symbol for Mercury is Hg.,Textbook summary: The element Mercury is represented by the symbol Hg.,supported,The evidence directly supports the claim: it gives Hg.,test
tc-00429,books,Miguel de Cervantes is the author of Madame Bovary.,Textbook summary: The work Madame Bovary was authored by Gustave Flaubert.,unsupported,Retrieved evidence contradicts the claim: the correct value is Gustave Flaubert.,train
tc-00430,science,"Light travels through a vacuum at about 299,792 kilometres per second.","Reference note: In a vacuum, light travels at roughly 299,792 kilometres per second.",supported,"The retrieved source confirms 299,792 kilometres per second, so the claim is supported.",train
tc-00431,elements_number,The atomic number of Potassium is 1.,Textbook summary: Hydrogen is the chemical element with atomic number 1.,uncertain,The evidence is insufficient to confirm or contradict the claim.,train
tc-00432,capitals,Pakistan's capital is Islamabad.,Oslo is the capital city of Norway. This is widely documented.,uncertain,"The retrieved text does not mention what the claim asserts, so it cannot be confirmed.",train
tc-00433,formulas,The chemical formula of ammonia is H2O.,The standard formula for ammonia is NH3.,unsupported,Retrieved evidence contradicts the claim: the correct value is NH3.,train
tc-00434,geography,Thailand lies on the continent of North America.,"Geographically, Thailand lies on the continent of Asia.",unsupported,"The evidence gives Asia, not North America, so the claim is contradicted.",train
tc-00435,elements_symbol,H is the symbol of the element Aluminium.,Sources disagree. Source A: The element Aluminium is represented by the symbol Al. Source B: Aluminium is abbreviated H in the periodic table.,uncertain,Conflicting evidence means this claim cannot be marked supported or unsupported.,train
tc-00436,elements_number,Fluorine is element number 9.,An atom of Fluorine contains 9 protons.,supported,The evidence directly supports the claim: it gives 9.,train
tc-00437,elements_symbol,Hg is the symbol of the element Tin.,Tin is abbreviated Sn in the periodic table.,unsupported,"The evidence gives Sn, not Hg, so the claim is contradicted.",train
tc-00438,formulas,The chemical formula of baking soda is NaHCO3.,"Conflicting reports. First report: In chemistry, baking soda is written as NaHCO3. Second report: In chemistry, baking soda is written as CO.",uncertain,"The evidence conflicts, giving both NaHCO3 and CO.",train
tc-00439,formulas,O3 is the formula for table salt.,Textbook summary: The standard formula for table salt is NaCl.,unsupported,Retrieved evidence contradicts the claim: the correct value is NaCl.,train
tc-00440,elements_symbol,I is the symbol of the element Iodine.,Reference note: Iodine is abbreviated I in the periodic table.,supported,"The evidence states I, which matches the claim.",train
tc-00441,science,Sound travels through air at 20 degrees Celsius at about 150 metres per second.,"Reference note: At 20 degrees Celsius, the speed of sound in air is about 343 metres per second.",unsupported,"The evidence gives 343 metres per second, not 150 metres per second, so the claim is contradicted.",train
tc-00442,science,"Mount Everest rises about 7,200 metres above sea level.",Textbook summary: The Solar System contains eight recognised planets.,uncertain,The evidence is insufficient to confirm or contradict the claim.,val
tc-00443,capitals,Budapest is the capital city of Canada.,The capital of Canada is Ottawa. This is widely documented.,unsupported,"The evidence gives Ottawa, not Budapest, so the claim is contradicted.",train
tc-00444,capitals,The capital of Ecuador is Quito.,Reference note: Malaysia is a country whose capital city is Kuala Lumpur.,uncertain,The evidence is insufficient to confirm or contradict the claim.,train
tc-00445,geography,Finland is in Europe.,"Geographically, Finland lies on the continent of Europe. This is widely documented.",supported,"The retrieved source confirms Europe, so the claim is supported.",train
tc-00446,geography,Colombia lies on the continent of North America.,Reference note: Colombia is located in South America.,unsupported,Retrieved evidence contradicts the claim: the correct value is South America.,train
tc-00447,geography,India is a country in Asia.,India is located in Asia. This is widely documented.,supported,"The evidence states Asia, which matches the claim.",train
tc-00448,books,Beloved was written by Gustave Flaubert.,Conflicting reports. First report: Toni Morrison wrote Beloved. Second report: Gustave Flaubert wrote Beloved.,uncertain,"The evidence conflicts, giving both Toni Morrison and Gustave Flaubert.",test
tc-00449,events,The Wall Street Crash began in 1917.,"India gained independence from British rule in 1947, according to standard histories. This is widely documented.",uncertain,"The retrieved text does not mention what the claim asserts, so it cannot be confirmed.",train
tc-00450,elements_symbol,Ar is the symbol of the element Argon.,Argon is abbreviated Ar in the periodic table.,supported,"The evidence states Ar, which matches the claim.",train
tc-00451,events,"In 1970, the Apollo 13 mission suffered an oxygen tank explosion.",Textbook summary: The year 1970 is when the Apollo 13 mission suffered an oxygen tank explosion.,supported,"The evidence states 1970, which matches the claim.",train
tc-00452,formulas,Carbon monoxide has the formula NaCl.,"In chemistry, carbon dioxide is written as CO2. This is widely documented.",uncertain,The evidence is insufficient to confirm or contradict the claim.,train
tc-00453,capitals,Tashkent is the capital city of Iran.,The capital of Iran is Tehran.,unsupported,"The source states Tehran. The claim says Tashkent, which does not match.",train
tc-00454,science,An adult human skeleton has 206 bones.,Textbook summary: The adult human skeleton is made up of 206 bones.,supported,"The evidence states 206 bones, which matches the claim.",train
tc-00455,geography,Sweden lies on the continent of Europe.,"Geographically, Sweden lies on the continent of Europe.",supported,The evidence directly supports the claim: it gives Europe.,val
tc-00456,capitals,The capital of Peru is Lima.,Textbook summary: The capital of Peru is Lima.,supported,"The evidence states Lima, which matches the claim.",train
tc-00457,science,The largest ocean on Earth is the Indian Ocean.,"One source says: By area, the Pacific Ocean is the largest ocean on Earth. Another source says: By area, the Indian Ocean is the largest ocean on Earth.",uncertain,"Sources disagree (Pacific Ocean versus Indian Ocean), so the claim cannot be confirmed.",train
tc-00458,elements_symbol,The chemical symbol for Argon is P.,Argon is abbreviated Ar in the periodic table.,unsupported,"The evidence gives Ar, not P, so the claim is contradicted.",train
tc-00459,capitals,The capital of Serbia is Belgrade.,Sources disagree. Source A: The capital of Serbia is Belgrade. Source B: Ottawa is the capital city of Serbia.,uncertain,"The evidence conflicts, giving both Belgrade and Ottawa.",train
tc-00460,geography,Fiji is a country in Asia.,"Conflicting reports. First report: Geographically, Fiji lies on the continent of Oceania. Second report: Fiji is located in Asia.",uncertain,"The evidence conflicts, giving both Oceania and Asia.",train
tc-00461,events,The French Revolution began in the year 1791.,"One source says: Historical records show that the French Revolution began in 1789. Another source says: The French Revolution began in 1791, according to standard histories.",uncertain,"The evidence conflicts, giving both 1789 and 1791.",train
tc-00462,elements_number,Manganese is element number 16.,Manganese is the chemical element with atomic number 25.,unsupported,Retrieved evidence contradicts the claim: the correct value is 25.,val
tc-00463,geography,Morocco is a country in Oceania.,Morocco is located in Africa.,unsupported,Retrieved evidence contradicts the claim: the correct value is Africa.,test
tc-00464,books,The author of Moby-Dick is Plato.,Textbook summary: The work Moby-Dick was authored by Herman Melville.,unsupported,"The evidence gives Herman Melville, not Plato, so the claim is contradicted.",train
tc-00465,capitals,Estonia's capital is Montevideo.,Estonia is a country whose capital city is Tallinn.,unsupported,"The source states Tallinn. The claim says Montevideo, which does not match.",train
tc-00466,capitals,London is the capital city of the United Kingdom.,London is the capital city of the United Kingdom. This is widely documented.,supported,The evidence directly supports the claim: it gives London.,train
tc-00467,formulas,CO is the formula for glucose.,Conflicting reports. First report: Glucose has the chemical formula C6H12O6. Second report: The standard formula for glucose is CO.,uncertain,"The evidence conflicts, giving both C6H12O6 and CO.",train
tc-00468,capitals,Bangladesh's capital is Dhaka.,The capital of Bangladesh is Dhaka.,supported,The evidence directly supports the claim: it gives Dhaka.,train
tc-00469,formulas,CH4 is the formula for methane.,"In chemistry, methane is written as CH4.",supported,The evidence directly supports the claim: it gives CH4.,train
tc-00470,formulas,CH4 is the formula for carbon monoxide.,Sources disagree. Source A: The standard formula for carbon monoxide is CO. Source B: The standard formula for carbon monoxide is CH4.,uncertain,"The evidence conflicts, giving both CO and CH4.",train
tc-00471,elements_number,Argon has 79 protons in its nucleus.,An atom of Argon contains 18 protons. This is widely documented.,unsupported,"The evidence gives 18, not 79, so the claim is contradicted.",train
tc-00472,capitals,Rabat is the capital city of Morocco.,Conflicting reports. First report: Morocco is a country whose capital city is Rabat. Second report: Wellington is the capital city of Morocco.,uncertain,"The evidence conflicts, giving both Rabat and Wellington.",val
tc-00473,books,Harper Lee is the author of To Kill a Mockingbird.,One source says: To Kill a Mockingbird is a book by Harper Lee. Another source says: The work To Kill a Mockingbird was authored by Emily Bronte.,uncertain,"The evidence conflicts, giving both Harper Lee and Emily Bronte.",train
tc-00474,capitals,Berlin is the capital city of Tunisia.,Textbook summary: Ukraine is a country whose capital city is Kyiv.,uncertain,The evidence is insufficient to confirm or contradict the claim.,test
tc-00475,capitals,Angola's capital is Algiers.,Textbook summary: Reference works list Luanda as the capital of Angola.,unsupported,Retrieved evidence contradicts the claim: the correct value is Luanda.,train
tc-00476,events,"In 2000, the Curiosity rover landed on Mars.",Textbook summary: The year 2016 is when the United Kingdom held its Brexit referendum.,uncertain,The evidence is insufficient to confirm or contradict the claim.,val
tc-00477,science,The Moon takes about 7 days to orbit the Earth.,Textbook summary: The Moon completes one orbit of Earth in about 27 days.,unsupported,Retrieved evidence contradicts the claim: the correct value is 27 days.,train
tc-00478,elements_symbol,I is the symbol of the element Iodine.,One source says: The element Iodine is represented by the symbol I. Another source says: The element Iodine is represented by the symbol Al.,uncertain,"The evidence conflicts, giving both I and Al.",train
tc-00479,formulas,The chemical formula of methane is CH4.,"In chemistry, methane is written as CH4. This is widely documented.",supported,The evidence directly supports the claim: it gives CH4.,train
tc-00480,geography,Senegal lies on the continent of North America.,Senegal is located in Africa.,unsupported,"The evidence gives Africa, not North America, so the claim is contradicted.",test
tc-00481,elements_number,Uranium is element number 92.,"Sources disagree. Source A: In the periodic table, Uranium occupies position 92. Source B: Uranium is the chemical element with atomic number 27.",uncertain,Conflicting evidence means this claim cannot be marked supported or unsupported.,train
tc-00482,science,Diamond is the hardest naturally occurring material.,Reference note: The hardest naturally occurring material is Diamond.,supported,"The retrieved source confirms Diamond, so the claim is supported.",train
tc-00483,events,The Berlin Wall was built in the year 1965.,Textbook summary: The year 1961 is when the Berlin Wall was built.,unsupported,"The source states 1961. The claim says 1965, which does not match.",val
tc-00484,elements_number,Lithium is element number 16.,Textbook summary: Lithium is the chemical element with atomic number 3.,unsupported,"The evidence gives 3, not 16, so the claim is contradicted.",val
tc-00485,elements_symbol,The chemical symbol for Iodine is I.,Iodine is abbreviated I in the periodic table.,supported,"The evidence states I, which matches the claim.",train
tc-00486,capitals,Bratislava is the capital city of Slovenia.,Reference note: Slovenia is a country whose capital city is Ljubljana.,unsupported,"The source states Ljubljana. The claim says Bratislava, which does not match.",train
tc-00487,books,Aldous Huxley is the author of Beloved.,Reference note: Beloved is a book by Toni Morrison.,unsupported,Retrieved evidence contradicts the claim: the correct value is Toni Morrison.,test
tc-00488,capitals,The capital of France is Islamabad.,One source says: The capital of France is Paris. Another source says: France is a country whose capital city is Islamabad.,uncertain,Conflicting evidence means this claim cannot be marked supported or unsupported.,train
tc-00489,science,Earth takes about 365 days to orbit the Sun.,One orbit of Earth around the Sun takes about 365 days.,supported,"The retrieved source confirms 365 days, so the claim is supported.",train
tc-00490,capitals,The capital of Iran is Kyiv.,Conflicting reports. First report: The capital of Iran is Tehran. Second report: Reference works list Kyiv as the capital of Iran.,uncertain,"The evidence conflicts, giving both Tehran and Kyiv.",train
tc-00491,capitals,Colombia's capital is Bogota.,Textbook summary: Reference works list Bogota as the capital of Colombia.,supported,"The retrieved source confirms Bogota, so the claim is supported.",train
tc-00492,elements_number,The atomic number of Aluminium is 15.,An atom of Aluminium contains 13 protons. This is widely documented.,unsupported,"The evidence gives 13, not 15, so the claim is contradicted.",train
tc-00493,capitals,Mexico City is the capital city of Greece.,Reference note: Athens is the capital city of Greece.,unsupported,Retrieved evidence contradicts the claim: the correct value is Athens.,train
tc-00494,geography,Brazil is a country in South America.,"Reference note: Geographically, Thailand lies on the continent of Asia.",uncertain,The evidence is insufficient to confirm or contradict the claim.,train
tc-00495,events,The Berlin Wall fell in the year 1989.,"Sources disagree. Source A: The Berlin Wall fell in 1989, according to standard histories. Source B: Historical records show that the Berlin Wall fell in 1992.",uncertain,"The evidence conflicts, giving both 1989 and 1992.",train
tc-00496,books,The author of A Brief History of Time is Stephen Hawking.,Textbook summary: The Republic is a book by Plato.,uncertain,"The retrieved text does not mention what the claim asserts, so it cannot be confirmed.",train
tc-00497,formulas,The chemical formula of water is NaCl.,The standard formula for water is H2O. This is widely documented.,unsupported,"The source states H2O. The claim says NaCl, which does not match.",train
tc-00498,events,"In 1886, the Statue of Liberty was dedicated.","The Statue of Liberty was dedicated in 1886, according to standard histories. This is widely documented.",supported,"The evidence states 1886, which matches the claim.",train
tc-00499,capitals,Chile's capital is Santiago.,Textbook summary: Lebanon is a country whose capital city is Beirut.,uncertain,"The retrieved text does not mention what the claim asserts, so it cannot be confirmed.",train
tc-00500,geography,Finland is in Africa.,"Geographically, Finland lies on the continent of Europe. This is widely documented.",unsupported,"The evidence gives Europe, not Africa, so the claim is contradicted.",train
tc-00501,books,The author of Hamlet is Bram Stoker.,William Shakespeare wrote Hamlet.,unsupported,"The evidence gives William Shakespeare, not Bram Stoker, so the claim is contradicted.",train
tc-00502,books,Homer is the author of Hamlet.,Textbook summary: William Shakespeare wrote Hamlet.,unsupported,Retrieved evidence contradicts the claim: the correct value is William Shakespeare.,train
tc-00503,events,The Space Shuttle Columbia first flew in 1981.,"Reference note: The Space Shuttle Columbia first flew in 1981, according to standard histories.",supported,"The retrieved source confirms 1981, so the claim is supported.",train
tc-00504,capitals,The capital of Tunisia is Baghdad.,Reference note: Tunis is the capital city of Tunisia.,unsupported,Retrieved evidence contradicts the claim: the correct value is Tunis.,test
tc-00505,geography,Jamaica is a country in Oceania.,"Conflicting reports. First report: Jamaica is located in North America. Second report: Geographically, Jamaica lies on the continent of Oceania.",uncertain,Conflicting evidence means this claim cannot be marked supported or unsupported.,val
tc-00506,elements_number,Beryllium has 4 protons in its nucleus.,"In the periodic table, Beryllium occupies position 4. This is widely documented.",supported,"The evidence states 4, which matches the claim.",train
tc-00507,events,Christopher Columbus made his first voyage across the Atlantic in 1492.,Reference note: The year 1492 is when Christopher Columbus made his first voyage across the Atlantic.,supported,"The evidence states 1492, which matches the claim.",train
tc-00508,elements_symbol,Si is the symbol of the element Chromium.,The standard chemical symbol for Chromium is Cr.,unsupported,"The source states Cr. The claim says Si, which does not match.",test
tc-00509,elements_symbol,The chemical symbol for Fluorine is F.,Reference note: The standard chemical symbol for Fluorine is F.,supported,"The retrieved source confirms F, so the claim is supported.",train
tc-00510,capitals,Peru's capital is Lima.,Peru is a country whose capital city is Lima. This is widely documented.,supported,The evidence directly supports the claim: it gives Lima.,train
tc-00511,capitals,Zambia's capital is Rabat.,Reference note: Zambia is a country whose capital city is Lusaka.,unsupported,"The evidence gives Lusaka, not Rabat, so the claim is contradicted.",val
tc-00512,events,The Apollo 13 mission suffered an oxygen tank explosion in 1961.,"The first modern Olympic Games were held in Athens in 1896, according to standard histories. This is widely documented.",uncertain,The evidence is insufficient to confirm or contradict the claim.,train
tc-00513,elements_number,Nitrogen is element number 2.,Phosphorus is the chemical element with atomic number 15.,uncertain,The evidence is insufficient to confirm or contradict the claim.,test
tc-00514,geography,Kenya lies on the continent of South America.,Kenya is located in Africa. This is widely documented.,unsupported,"The source states Africa. The claim says South America, which does not match.",train
tc-00515,formulas,CaCO3 is the formula for limestone.,Textbook summary: Limestone has the chemical formula CaCO3.,supported,"The retrieved source confirms CaCO3, so the claim is supported.",train
tc-00516,elements_number,Zinc is element number 5.,"In the periodic table, Zinc occupies position 30.",unsupported,"The evidence gives 30, not 5, so the claim is contradicted.",train
tc-00517,geography,Nigeria is a country in Africa.,Reference note: Nigeria is located in Africa.,supported,The evidence directly supports the claim: it gives Africa.,train
tc-00518,elements_symbol,The chemical symbol for Aluminium is Cl.,The element Aluminium is represented by the symbol Al.,unsupported,"The evidence gives Al, not Cl, so the claim is contradicted.",train
tc-00519,geography,Norway is a country in Oceania.,Textbook summary: Norway is part of Europe.,unsupported,"The evidence gives Europe, not Oceania, so the claim is contradicted.",train
tc-00520,events,The first iPhone was released in the year 2019.,Textbook summary: Historical records show that the first iPhone was released in 2007.,unsupported,Retrieved evidence contradicts the claim: the correct value is 2007.,train
tc-00521,geography,Jamaica is in North America.,"Geographically, Jamaica lies on the continent of North America. This is widely documented.",supported,"The retrieved source confirms North America, so the claim is supported.",val
tc-00522,events,Nelson Mandela was released from prison in 1990.,"Reference note: Nelson Mandela was released from prison in 1990, according to standard histories.",supported,"The retrieved source confirms 1990, so the claim is supported.",train
tc-00523,books,Charles Darwin is the author of On the Origin of Species.,On the Origin of Species is a book by Charles Darwin.,supported,The evidence directly supports the claim: it gives Charles Darwin.,train
tc-00524,planets,"Counting outward from the Sun, Uranus is the third planet.","In order of distance from the Sun, Uranus comes seventh. This is widely documented.",unsupported,"The source states seventh. The claim says third, which does not match.",train
tc-00525,events,India gained independence from British rule in 1956.,"Conflicting reports. First report: India gained independence from British rule in 1947, according to standard histories. Second report: India gained independence from British rule in 1956, according to standard histories.",uncertain,"Sources disagree (1947 versus 1956), so the claim cannot be confirmed.",train
tc-00526,elements_symbol,He is the symbol of the element Titanium.,The standard chemical symbol for Sodium is Na.,uncertain,The evidence is insufficient to confirm or contradict the claim.,val
tc-00527,events,"In 1989, Nelson Mandela was released from prison.",The year 1990 is when Nelson Mandela was released from prison.,unsupported,"The evidence gives 1990, not 1989, so the claim is contradicted.",train
tc-00528,elements_number,Sulfur has 16 protons in its nucleus.,Sulfur is the chemical element with atomic number 16.,supported,"The evidence states 16, which matches the claim.",train
tc-00529,events,"In 1917, the October Revolution took place in Russia.",Textbook summary: Historical records show that the October Revolution took place in Russia in 1917.,supported,"The retrieved source confirms 1917, so the claim is supported.",train
tc-00530,science,The largest planet in the Solar System is Saturn.,The mathematical constant pi is approximately 3.14159.,uncertain,The evidence is about a different subject and does not address this claim.,train
tc-00531,capitals,Belgium's capital is Brussels.,Textbook summary: Brussels is the capital city of Belgium.,supported,"The retrieved source confirms Brussels, so the claim is supported.",train
tc-00532,geography,Brazil is in South America.,"Geographically, Brazil lies on the continent of South America. This is widely documented.",supported,The evidence directly supports the claim: it gives South America.,train
tc-00533,formulas,CO2 is the formula for carbon dioxide.,Textbook summary: Carbon dioxide has the chemical formula CO2.,supported,"The retrieved source confirms CO2, so the claim is supported.",train
tc-00534,capitals,Vienna is the capital city of Sweden.,Textbook summary: Reference works list Stockholm as the capital of Sweden.,unsupported,"The source states Stockholm. The claim says Vienna, which does not match.",train
tc-00535,science,"The Great Barrier Reef lies off the coast of Queensland, Australia.","Reference note: At 20 degrees Celsius, the speed of sound in air is about 343 metres per second.",uncertain,"The retrieved text does not mention what the claim asserts, so it cannot be confirmed.",train
tc-00536,elements_symbol,Al is the symbol of the element Uranium.,The standard chemical symbol for Uranium is U.,unsupported,Retrieved evidence contradicts the claim: the correct value is U.,train
tc-00537,events,"In 1957, Sputnik 1 was launched.",The year 1969 is when Apollo 11 landed the first humans on the Moon.,uncertain,The evidence is insufficient to confirm or contradict the claim.,train
tc-00538,books,The author of The Catcher in the Rye is J. D. Salinger.,One source says: The work The Catcher in the Rye was authored by J. D. Salinger. Another source says: Toni Morrison wrote The Catcher in the Rye.,uncertain,"Sources disagree (J. D. Salinger versus Toni Morrison), so the claim cannot be confirmed.",val
tc-00539,events,"In 1776, the United States Declaration of Independence was adopted.",Reference note: The year 1776 is when the United States Declaration of Independence was adopted.,supported,"The retrieved source confirms 1776, so the claim is supported.",train
tc-00540,books,Victor Hugo is the author of Les Miserables.,Victor Hugo wrote Les Miserables. This is widely documented.,supported,"The evidence states Victor Hugo, which matches the claim.",train
tc-00541,capitals,The capital of France is Bern.,One source says: Reference works list Paris as the capital of France. Another source says: The capital of France is Bern.,uncertain,"Sources disagree (Paris versus Bern), so the claim cannot be confirmed.",train
tc-00542,books,F. Scott Fitzgerald is the author of A Brief History of Time.,Textbook summary: Stephen Hawking wrote A Brief History of Time.,unsupported,"The evidence gives Stephen Hawking, not F. Scott Fitzgerald, so the claim is contradicted.",train
tc-00543,capitals,Slovakia's capital is Bratislava.,Bratislava is the capital city of Slovakia.,supported,"The retrieved source confirms Bratislava, so the claim is supported.",train
tc-00544,capitals,Rabat is the capital city of Morocco.,Reference note: Morocco is a country whose capital city is Rabat.,supported,"The evidence states Rabat, which matches the claim.",val
tc-00545,events,The Hubble Space Telescope was launched in the year 1983.,Reference note: The year 1990 is when the Hubble Space Telescope was launched.,unsupported,"The evidence gives 1990, not 1983, so the claim is contradicted.",test
tc-00546,events,"In 1990, Nelson Mandela was released from prison.",Textbook summary: Historical records show that the Suez Canal opened in 1869.,uncertain,The evidence is insufficient to confirm or contradict the claim.,train
tc-00547,books,The author of Frankenstein is Mary Shelley.,Gabriel Garcia Marquez wrote One Hundred Years of Solitude. This is widely documented.,uncertain,The evidence is about a different subject and does not address this claim.,train
tc-00548,events,India gained independence from British rule in the year 1947.,Sources disagree. Source A: Historical records show that India gained independence from British rule in 1947. Source B: The year 1938 is when India gained independence from British rule.,uncertain,Conflicting evidence means this claim cannot be marked supported or unsupported.,train
tc-00549,formulas,Sulfuric acid has the formula H2O.,The standard formula for ozone is O3.,uncertain,"The retrieved text does not mention what the claim asserts, so it cannot be confirmed.",train
tc-00550,events,"In 1928, Alexander Fleming discovered penicillin.",Textbook summary: The year 1928 is when Alexander Fleming discovered penicillin.,supported,"The evidence states 1928, which matches the claim.",train
tc-00551,elements_number,Calcium has 20 protons in its nucleus.,An atom of Calcium contains 20 protons.,supported,"The evidence states 20, which matches the claim.",train
tc-00552,events,The Space Shuttle Challenger disaster occurred in 1990.,Historical records show that the Space Shuttle Challenger disaster occurred in 1986.,unsupported,"The evidence gives 1986, not 1990, so the claim is contradicted.",test
tc-00553,science,The Great Barrier Reef lies off the coast of the Philippines.,"Textbook summary: The Great Barrier Reef is located off Queensland, Australia.",unsupported,"The evidence gives Queensland, Australia, not the Philippines, so the claim is contradicted.",train
tc-00554,events,"In 1960, Sputnik 1 was launched.","Sputnik 1 was launched in 1957, according to standard histories.",unsupported,"The source states 1957. The claim says 1960, which does not match.",train
tc-00555,geography,Norway is a country in South America.,Senegal is located in Africa.,uncertain,"The retrieved text does not mention what the claim asserts, so it cannot be confirmed.",train
tc-00556,geography,Peru is a country in North America.,Conflicting reports. First report: Peru is part of South America. Second report: Peru is located in North America.,uncertain,"The evidence conflicts, giving both South America and North America.",train
tc-00557,geography,India is a country in Asia.,Textbook summary: India is located in Asia.,supported,"The evidence states Asia, which matches the claim.",train
tc-00558,planets,Neptune is the second planet from the Sun.,"In order of distance from the Sun, Neptune comes eighth.",unsupported,Retrieved evidence contradicts the claim: the correct value is eighth.,train
tc-00559,elements_symbol,Hg is the symbol of the element Mercury.,Conflicting reports. First report: The standard chemical symbol for Mercury is Hg. Second report: The standard chemical symbol for Mercury is Cu.,uncertain,Conflicting evidence means this claim cannot be marked supported or unsupported.,test
tc-00560,planets,"Counting outward from the Sun, Mars is the fourth planet.",Mars is the fourth planet from the Sun in the Solar System. This is widely documented.,supported,"The evidence states fourth, which matches the claim.",train
tc-00561,science,The Solar System has seven planets.,Textbook summary: The Solar System contains eight recognised planets.,unsupported,"The source states eight. The claim says seven, which does not match.",test
tc-00562,elements_symbol,C is the symbol of the element Carbon.,Sources disagree. Source A: The element Carbon is represented by the symbol C. Source B: Carbon is abbreviated N in the periodic table.,uncertain,"Sources disagree (C versus N), so the claim cannot be confirmed.",train
tc-00563,events,"In 1957, Sputnik 1 was launched.",Textbook summary: The year 1957 is when Sputnik 1 was launched.,supported,The evidence directly supports the claim: it gives 1957.,train
tc-00564,elements_number,Nickel has 2 protons in its nucleus.,Reference note: An atom of Iodine contains 53 protons.,uncertain,"The retrieved text does not mention what the claim asserts, so it cannot be confirmed.",train
tc-00565,books,The author of 1984 is George Orwell.,Reference note: The work 1984 was authored by George Orwell.,supported,"The evidence states George Orwell, which matches the claim.",train
tc-00566,books,Dante Alighieri is the author of On the Origin of Species.,Leo Tolstoy wrote War and Peace. This is widely documented.,uncertain,The evidence is insufficient to confirm or contradict the claim.,train
tc-00567,geography,New Zealand lies on the continent of Oceania.,Reference note: New Zealand is located in Oceania.,supported,"The retrieved source confirms Oceania, so the claim is supported.",val
tc-00568,geography,Japan lies on the continent of Oceania.,Textbook summary: Japan is part of Asia.,unsupported,"The source states Asia. The claim says Oceania, which does not match.",train
tc-00569,capitals,Berlin is the capital city of Uruguay.,Reference note: Ukraine is a country whose capital city is Kyiv.,uncertain,"The retrieved text does not mention what the claim asserts, so it cannot be confirmed.",train
tc-00570,books,The author of One Hundred Years of Solitude is Leo Tolstoy.,One source says: One Hundred Years of Solitude is a book by Gabriel Garcia Marquez. Another source says: The work One Hundred Years of Solitude was authored by Leo Tolstoy.,uncertain,"The evidence conflicts, giving both Gabriel Garcia Marquez and Leo Tolstoy.",test
tc-00571,geography,Uruguay lies on the continent of Asia.,Reference note: Uruguay is part of South America.,unsupported,"The evidence gives South America, not Asia, so the claim is contradicted.",train
tc-00572,elements_number,Neon has 10 protons in its nucleus.,"In the periodic table, Neon occupies position 10.",supported,"The retrieved source confirms 10, so the claim is supported.",train
tc-00573,science,"Mount Everest rises about 8,849 metres above sea level.","One source says: The official height of Mount Everest is about 8,849 metres above sea level. Another source says: The official height of Mount Everest is about 6,900 metres above sea level.",uncertain,Conflicting evidence means this claim cannot be marked supported or unsupported.,val
tc-00574,events,The Curiosity rover landed on Mars in 2007.,The year 2012 is when the Curiosity rover landed on Mars. This is widely documented.,unsupported,Retrieved evidence contradicts the claim: the correct value is 2012.,val
tc-00575,geography,Poland lies on the continent of Europe.,"Conflicting reports. First report: Poland is located in Europe. Second report: Geographically, Poland lies on the continent of Asia.",uncertain,Conflicting evidence means this claim cannot be marked supported or unsupported.,test
tc-00576,elements_symbol,The chemical symbol for Boron is B.,Boron is abbreviated B in the periodic table.,supported,"The evidence states B, which matches the claim.",val
tc-00577,capitals,Germany's capital is Kuala Lumpur.,Germany is a country whose capital city is Berlin. This is widely documented.,unsupported,"The evidence gives Berlin, not Kuala Lumpur, so the claim is contradicted.",train
tc-00578,events,"In 1983, Nelson Mandela was released from prison.","Sources disagree. Source A: Nelson Mandela was released from prison in 1990, according to standard histories. Source B: The year 1983 is when Nelson Mandela was released from prison.",uncertain,"The evidence conflicts, giving both 1990 and 1983.",train
tc-00579,formulas,Nitric acid has the formula NaCl.,Reference note: Ozone has the chemical formula O3.,uncertain,The evidence is about a different subject and does not address this claim.,train
tc-00580,elements_number,Platinum is element number 10.,Reference note: An atom of Platinum contains 78 protons.,unsupported,"The evidence gives 78, not 10, so the claim is contradicted.",train
tc-00581,science,The largest planet in the Solar System is Saturn.,Jupiter is the largest planet in the Solar System.,unsupported,Retrieved evidence contradicts the claim: the correct value is Jupiter.,train
tc-00582,books,The author of The Divine Comedy is Franz Kafka.,Sources disagree. Source A: The work The Divine Comedy was authored by Dante Alighieri. Source B: The Divine Comedy is a book by Franz Kafka.,uncertain,Conflicting evidence means this claim cannot be marked supported or unsupported.,train
tc-00583,formulas,The chemical formula of baking soda is SO2.,Baking soda has the chemical formula NaHCO3. This is widely documented.,unsupported,"The evidence gives NaHCO3, not SO2, so the claim is contradicted.",train
tc-00584,books,Madame Bovary was written by Plato.,The work Leviathan was authored by Thomas Hobbes.,uncertain,"The retrieved text does not mention what the claim asserts, so it cannot be confirmed.",train
tc-00585,capitals,The capital of Switzerland is Bern.,Reference note: Reference works list Bern as the capital of Switzerland.,supported,"The retrieved source confirms Bern, so the claim is supported.",val
tc-00586,science,The human heart has four chambers.,One source says: The human heart is divided into four chambers. Another source says: The human heart is divided into two chambers.,uncertain,Conflicting evidence means this claim cannot be marked supported or unsupported.,train
tc-00587,science,A leap year has 365 days.,"Reference note: At 20 degrees Celsius, the speed of sound in air is about 343 metres per second.",uncertain,The evidence is about a different subject and does not address this claim.,train
tc-00588,geography,Argentina lies on the continent of South America.,Textbook summary: Argentina is part of South America.,supported,"The evidence states South America, which matches the claim.",train
tc-00589,books,The author of The Odyssey is Dante Alighieri.,The work The Odyssey was authored by Homer. This is widely documented.,unsupported,"The evidence gives Homer, not Dante Alighieri, so the claim is contradicted.",train
tc-00590,capitals,Austria's capital is Vienna.,Paris is the capital city of France.,uncertain,The evidence is about a different subject and does not address this claim.,train
tc-00591,capitals,The capital of Iraq is Beijing.,Baghdad is the capital city of Iraq.,unsupported,Retrieved evidence contradicts the claim: the correct value is Baghdad.,train
tc-00592,capitals,Accra is the capital city of Ghana.,Reference note: Oslo is the capital city of Norway.,uncertain,"The retrieved text does not mention what the claim asserts, so it cannot be confirmed.",test
tc-00593,capitals,Nepal's capital is Riyadh.,Sources disagree. Source A: Nepal is a country whose capital city is Kathmandu. Source B: Nepal is a country whose capital city is Riyadh.,uncertain,"The evidence conflicts, giving both Kathmandu and Riyadh.",train
tc-00594,elements_number,Neon is element number 10.,An atom of Neon contains 10 protons.,supported,"The evidence states 10, which matches the claim.",train
tc-00595,elements_symbol,Mn is the symbol of the element Helium.,One source says: Helium is abbreviated He in the periodic table. Another source says: The element Helium is represented by the symbol Mn.,uncertain,"The evidence conflicts, giving both He and Mn.",train
tc-00596,elements_number,Magnesium has 12 protons in its nucleus.,Reference note: Chlorine is the chemical element with atomic number 17.,uncertain,The evidence is about a different subject and does not address this claim.,train
tc-00597,geography,Germany is in South America.,"Reference note: Geographically, Canada lies on the continent of North America.",uncertain,The evidence is about a different subject and does not address this claim.,train
tc-00598,events,"In 2002, euro banknotes and coins entered circulation.",Sources disagree. Source A: Historical records show that euro banknotes and coins entered circulation in 2002. Source B: The year 2014 is when euro banknotes and coins entered circulation.,uncertain,Conflicting evidence means this claim cannot be marked supported or unsupported.,train
tc-00599,geography,Italy is a country in Africa.,"Geographically, Italy lies on the continent of Europe.",unsupported,Retrieved evidence contradicts the claim: the correct value is Europe.,train
tc-00600,elements_symbol,He is the symbol of the element Mercury.,Textbook summary: Silicon is abbreviated Si in the periodic table.,uncertain,The evidence is about a different subject and does not address this claim.,test
tc-00601,events,The Great Fire of London broke out in 1666.,"Reference note: The Great Fire of London broke out in 1666, according to standard histories.",supported,"The retrieved source confirms 1666, so the claim is supported.",train
tc-00602,books,Crime and Punishment was written by Fyodor Dostoevsky.,Sources disagree. Source A: Crime and Punishment is a book by Fyodor Dostoevsky. Source B: Charlotte Bronte wrote Crime and Punishment.,uncertain,Conflicting evidence means this claim cannot be marked supported or unsupported.,train
tc-00603,formulas,The chemical formula of ammonia is HNO3.,"In chemistry, ammonia is written as NH3. This is widely documented.",unsupported,"The evidence gives NH3, not HNO3, so the claim is contradicted.",train
tc-00604,capitals,The capital of Pakistan is Caracas.,Textbook summary: Islamabad is the capital city of Pakistan.,unsupported,Retrieved evidence contradicts the claim: the correct value is Islamabad.,train
tc-00605,geography,Finland lies on the continent of Oceania.,Reference note: Finland is part of Europe.,unsupported,Retrieved evidence contradicts the claim: the correct value is Europe.,train
tc-00606,geography,Uruguay is a country in South America.,"Geographically, Uruguay lies on the continent of South America.",supported,"The retrieved source confirms South America, so the claim is supported.",train
tc-00607,capitals,Bern is the capital city of Switzerland.,One source says: Bern is the capital city of Switzerland. Another source says: The capital of Switzerland is Zagreb.,uncertain,Conflicting evidence means this claim cannot be marked supported or unsupported.,val
tc-00608,capitals,Berlin is the capital city of Ecuador.,Mexico is a country whose capital city is Mexico City.,uncertain,The evidence is insufficient to confirm or contradict the claim.,train
tc-00609,elements_symbol,The chemical symbol for Calcium is Ca.,Reference note: Calcium is abbreviated Ca in the periodic table.,supported,The evidence directly supports the claim: it gives Ca.,train
tc-00610,books,The author of The Great Gatsby is F. Scott Fitzgerald.,Conflicting reports. First report: The work The Great Gatsby was authored by F. Scott Fitzgerald. Second report: Stephen Hawking wrote The Great Gatsby.,uncertain,"Sources disagree (F. Scott Fitzgerald versus Stephen Hawking), so the claim cannot be confirmed.",val
tc-00611,books,The author of War and Peace is Leo Tolstoy.,Reference note: The work War and Peace was authored by Leo Tolstoy.,supported,"The retrieved source confirms Leo Tolstoy, so the claim is supported.",train
tc-00612,science,"Light travels through a vacuum at about 150,000 kilometres per second.","In a vacuum, light travels at roughly 299,792 kilometres per second. This is widely documented.",unsupported,"The evidence gives 299,792 kilometres per second, not 150,000 kilometres per second, so the claim is contradicted.",train
tc-00613,capitals,The capital of the Netherlands is Amsterdam.,Reference note: Reference works list Ljubljana as the capital of Slovenia.,uncertain,"The retrieved text does not mention what the claim asserts, so it cannot be confirmed.",train
tc-00614,formulas,Hydrogen peroxide has the formula NaCl.,Carbon dioxide has the chemical formula CO2.,uncertain,The evidence is insufficient to confirm or contradict the claim.,train
tc-00615,elements_number,The atomic number of Silver is 47.,Textbook summary: Silver is the chemical element with atomic number 47.,supported,"The evidence states 47, which matches the claim.",train
tc-00616,geography,Sweden is a country in South America.,"Conflicting reports. First report: Geographically, Sweden lies on the continent of Europe. Second report: Sweden is located in South America.",uncertain,"The evidence conflicts, giving both Europe and South America.",val
tc-00617,events,"In 1930, the Wall Street Crash began.","The Wall Street Crash began in 1929, according to standard histories. This is widely documented.",unsupported,"The source states 1929. The claim says 1930, which does not match.",train
tc-00618,geography,Finland is a country in Oceania.,"Geographically, Finland lies on the continent of Europe. This is widely documented.",unsupported,"The evidence gives Europe, not Oceania, so the claim is contradicted.",train
tc-00619,geography,South Korea lies on the continent of Europe.,Sources disagree. Source A: South Korea is located in Asia. Source B: South Korea is part of Europe.,uncertain,Conflicting evidence means this claim cannot be marked supported or unsupported.,train
tc-00620,capitals,The capital of Uruguay is Montevideo.,Reference note: Uruguay is a country whose capital city is Montevideo.,supported,"The retrieved source confirms Montevideo, so the claim is supported.",train
tc-00621,events,The Suez Canal opened in the year 1860.,Textbook summary: The year 1869 is when the Suez Canal opened.,unsupported,"The evidence gives 1869, not 1860, so the claim is contradicted.",train
tc-00622,capitals,The capital of Russia is Kyiv.,Reference note: Reference works list Moscow as the capital of Russia.,unsupported,"The evidence gives Moscow, not Kyiv, so the claim is contradicted.",test
tc-00623,books,Dante Alighieri is the author of On the Origin of Species.,Textbook summary: The work Frankenstein was authored by Mary Shelley.,uncertain,The evidence is about a different subject and does not address this claim.,train
tc-00624,events,"In 1919, the Treaty of Versailles was signed.","Reference note: The Treaty of Versailles was signed in 1919, according to standard histories.",supported,The evidence directly supports the claim: it gives 1919.,train
tc-00625,geography,Chile is a country in South America.,Reference note: Chile is located in South America.,supported,The evidence directly supports the claim: it gives South America.,train
tc-00626,elements_number,Platinum is element number 30.,An atom of Platinum contains 78 protons. This is widely documented.,unsupported,"The evidence gives 78, not 30, so the claim is contradicted.",train
tc-00627,elements_number,The atomic number of Gold is 14.,Reference note: An atom of Gold contains 79 protons.,unsupported,Retrieved evidence contradicts the claim: the correct value is 79.,train
tc-00628,elements_number,Phosphorus has 15 protons in its nucleus.,"In the periodic table, Phosphorus occupies position 15.",supported,The evidence directly supports the claim: it gives 15.,train
tc-00629,events,"In 1990, the Hubble Space Telescope was launched.",The year 1990 is when the Hubble Space Telescope was launched. This is widely documented.,supported,"The retrieved source confirms 1990, so the claim is supported.",test
tc-00630,geography,Fiji is a country in Europe.,Fiji is part of Oceania. This is widely documented.,unsupported,Retrieved evidence contradicts the claim: the correct value is Oceania.,train
tc-00631,elements_symbol,The chemical symbol for Mercury is Hg.,Reference note: Mercury is abbreviated Hg in the periodic table.,supported,"The retrieved source confirms Hg, so the claim is supported.",test
tc-00632,events,The Soviet Union was dissolved in 1979.,Textbook summary: Historical records show that World War I began in 1914.,uncertain,The evidence is insufficient to confirm or contradict the claim.,train
tc-00633,formulas,Ammonia has the formula HCl.,The standard formula for ammonia is NH3.,unsupported,"The evidence gives NH3, not HCl, so the claim is contradicted.",train
tc-00634,capitals,Argentina's capital is Brussels.,Textbook summary: Buenos Aires is the capital city of Argentina.,unsupported,"The source states Buenos Aires. The claim says Brussels, which does not match.",train
tc-00635,science,The largest planet in the Solar System is Saturn.,Reference note: Jupiter is the largest planet in the Solar System.,unsupported,"The evidence gives Jupiter, not Saturn, so the claim is contradicted.",train
tc-00636,capitals,Berlin is the capital city of Ireland.,Reference note: Moscow is the capital city of Russia.,uncertain,"The retrieved text does not mention what the claim asserts, so it cannot be confirmed.",train
tc-00637,books,Chinua Achebe is the author of Wuthering Heights.,The work Wuthering Heights was authored by Emily Bronte. This is widely documented.,unsupported,"The evidence gives Emily Bronte, not Chinua Achebe, so the claim is contradicted.",train
tc-00638,capitals,The capital of Ecuador is Sofia.,Quito is the capital city of Ecuador. This is widely documented.,unsupported,Retrieved evidence contradicts the claim: the correct value is Quito.,train
tc-00639,capitals,The Philippines's capital is Berlin.,The capital of Mexico is Mexico City.,uncertain,The evidence is about a different subject and does not address this claim.,train
tc-00640,elements_number,The atomic number of Titanium is 22.,An atom of Aluminium contains 13 protons. This is widely documented.,uncertain,The evidence is about a different subject and does not address this claim.,train
tc-00641,capitals,Kyiv is the capital city of Ukraine.,Ukraine is a country whose capital city is Kyiv. This is widely documented.,supported,"The evidence states Kyiv, which matches the claim.",test
tc-00642,elements_symbol,Al is the symbol of the element Chromium.,Textbook summary: The standard chemical symbol for Chromium is Cr.,unsupported,"The source states Cr. The claim says Al, which does not match.",test
tc-00643,capitals,Paris is the capital city of Denmark.,Textbook summary: Cuba is a country whose capital city is Havana.,uncertain,"The retrieved text does not mention what the claim asserts, so it cannot be confirmed.",train
tc-00644,elements_number,Gold has 28 protons in its nucleus.,"In the periodic table, Gold occupies position 79. This is widely documented.",unsupported,"The evidence gives 79, not 28, so the claim is contradicted.",train
tc-00645,capitals,Astana is the capital city of Ethiopia.,Conflicting reports. First report: The capital of Ethiopia is Addis Ababa. Second report: Astana is the capital city of Ethiopia.,uncertain,"The evidence conflicts, giving both Addis Ababa and Astana.",train
tc-00646,capitals,Kenya's capital is Lima.,The capital of Kenya is Nairobi. This is widely documented.,unsupported,Retrieved evidence contradicts the claim: the correct value is Nairobi.,test
tc-00647,science,Sound travels through air at 20 degrees Celsius at about 343 metres per second.,"Conflicting reports. First report: At 20 degrees Celsius, the speed of sound in air is about 343 metres per second. Second report: At 20 degrees Celsius, the speed of sound in air is about 150 metres per second.",uncertain,"The evidence conflicts, giving both 343 metres per second and 150 metres per second.",train
tc-00648,capitals,The capital of Zambia is Lusaka.,Lusaka is the capital city of Zambia. This is widely documented.,supported,"The evidence states Lusaka, which matches the claim.",val
tc-00649,elements_number,The atomic number of Chlorine is 12.,An atom of Chlorine contains 17 protons. This is widely documented.,unsupported,"The source states 17. The claim says 12, which does not match.",train
tc-00650,events,"In 2007, euro banknotes and coins entered circulation.",Historical records show that euro banknotes and coins entered circulation in 2002.,unsupported,"The source states 2002. The claim says 2007, which does not match.",train
tc-00651,events,"In 1966, Apollo 11 landed the first humans on the Moon.",One source says: Historical records show that Apollo 11 landed the first humans on the Moon in 1969. Another source says: The year 1966 is when Apollo 11 landed the first humans on the Moon.,uncertain,Conflicting evidence means this claim cannot be marked supported or unsupported.,train
tc-00652,books,Dante Alighieri is the author of The Catcher in the Rye.,Textbook summary: The Hobbit is a book by J. R. R. Tolkien.,uncertain,The evidence is about a different subject and does not address this claim.,val
tc-00653,capitals,The capital of Turkey is Astana.,Ankara is the capital city of Turkey.,unsupported,Retrieved evidence contradicts the claim: the correct value is Ankara.,val
tc-00654,elements_number,Boron is element number 4.,Reference note: Boron is the chemical element with atomic number 5.,unsupported,"The evidence gives 5, not 4, so the claim is contradicted.",val
tc-00655,capitals,The Netherlands's capital is Amsterdam.,Amsterdam is the capital city of the Netherlands.,supported,"The retrieved source confirms Amsterdam, so the claim is supported.",train
tc-00656,elements_symbol,The chemical symbol for Platinum is Co.,Reference note: Platinum is abbreviated Pt in the periodic table.,unsupported,"The source states Pt. The claim says Co, which does not match.",train
tc-00657,events,The October Revolution took place in Russia in 1917.,The year 1917 is when the October Revolution took place in Russia. This is widely documented.,supported,The evidence directly supports the claim: it gives 1917.,train
tc-00658,books,Toni Morrison is the author of Beloved.,The work To Kill a Mockingbird was authored by Harper Lee. This is widely documented.,uncertain,"The retrieved text does not mention what the claim asserts, so it cannot be confirmed.",test
tc-00659,elements_number,Magnesium is element number 2.,Potassium is the chemical element with atomic number 19. This is widely documented.,uncertain,The evidence is about a different subject and does not address this claim.,train
tc-00660,capitals,The capital of Jordan is Amman.,Reference note: Jordan is a country whose capital city is Amman.,supported,"The evidence states Amman, which matches the claim.",val
tc-00661,capitals,Caracas is the capital city of Venezuela.,Venezuela is a country whose capital city is Caracas. This is widely documented.,supported,"The evidence states Caracas, which matches the claim.",train
tc-00662,books,The author of Jane Eyre is Plato.,F. Scott Fitzgerald wrote The Great Gatsby.,uncertain,The evidence is about a different subject and does not address this claim.,train
tc-00663,planets,"Counting outward from the Sun, Jupiter is the sixth planet.",Jupiter is the fifth planet from the Sun in the Solar System. This is widely documented.,unsupported,"The source states fifth. The claim says sixth, which does not match.",train
tc-00664,elements_number,The atomic number of Cobalt is 2.,Textbook summary: An atom of Silver contains 47 protons.,uncertain,The evidence is about a different subject and does not address this claim.,train
tc-00665,planets,"Counting outward from the Sun, Earth is the fifth planet.","Textbook summary: In order of distance from the Sun, Earth comes third.",unsupported,"The evidence gives third, not fifth, so the claim is contradicted.",train
tc-00666,formulas,SO2 is the formula for sulfur dioxide.,The standard formula for sulfur dioxide is SO2. This is widely documented.,supported,"The evidence states SO2, which matches the claim.",train
tc-00667,events,"In 1914, the Panama Canal opened.",Reference note: Historical records show that the Panama Canal opened in 1914.,supported,"The evidence states 1914, which matches the claim.",train
tc-00668,events,The Curiosity rover landed on Mars in the year 2012.,Reference note: Historical records show that the Curiosity rover landed on Mars in 2012.,supported,"The retrieved source confirms 2012, so the claim is supported.",val
tc-00669,capitals,Kathmandu is the capital city of Nepal.,Reference note: Nepal is a country whose capital city is Kathmandu.,supported,"The retrieved source confirms Kathmandu, so the claim is supported.",train
tc-00670,elements_symbol,The chemical symbol for Silver is Ag.,The standard chemical symbol for Silver is Ag.,supported,"The retrieved source confirms Ag, so the claim is supported.",train
tc-00671,events,"In 1990, Nelson Mandela was released from prison.","Conflicting reports. First report: Nelson Mandela was released from prison in 1990, according to standard histories. Second report: Nelson Mandela was released from prison in 1988, according to standard histories.",uncertain,"The evidence conflicts, giving both 1990 and 1988.",train
tc-00672,capitals,Warsaw is the capital city of Poland.,Reference works list Warsaw as the capital of Poland. This is widely documented.,supported,"The evidence states Warsaw, which matches the claim.",test
tc-00673,capitals,The capital of Latvia is Bucharest.,Sources disagree. Source A: Riga is the capital city of Latvia. Source B: Reference works list Bucharest as the capital of Latvia.,uncertain,"The evidence conflicts, giving both Riga and Bucharest.",train
tc-00674,elements_number,Tin is element number 1.,"Reference note: In the periodic table, Silicon occupies position 14.",uncertain,The evidence is about a different subject and does not address this claim.,val
tc-00675,books,To Kill a Mockingbird was written by Harper Lee.,Victor Hugo wrote Les Miserables.,uncertain,The evidence is insufficient to confirm or contradict the claim.,train
tc-00676,planets,"Counting outward from the Sun, Earth is the third planet.","Textbook summary: In order of distance from the Sun, Earth comes third.",supported,The evidence directly supports the claim: it gives third.,train
tc-00677,capitals,Caracas is the capital city of Venezuela.,Caracas is the capital city of Venezuela. This is widely documented.,supported,"The evidence states Caracas, which matches the claim.",train
tc-00678,capitals,Beirut is the capital city of Lebanon.,Beirut is the capital city of Lebanon. This is widely documented.,supported,The evidence directly supports the claim: it gives Beirut.,train
tc-00679,capitals,Tunisia's capital is Reykjavik.,Conflicting reports. First report: Tunis is the capital city of Tunisia. Second report: Reykjavik is the capital city of Tunisia.,uncertain,"Sources disagree (Tunis versus Reykjavik), so the claim cannot be confirmed.",test
tc-00680,events,The United States Declaration of Independence was adopted in 1767.,"The Wall Street Crash began in 1929, according to standard histories. This is widely documented.",uncertain,"The retrieved text does not mention what the claim asserts, so it cannot be confirmed.",train
tc-00681,books,The Great Gatsby was written by F. Scott Fitzgerald.,One source says: The work The Great Gatsby was authored by F. Scott Fitzgerald. Another source says: The Great Gatsby is a book by Bram Stoker.,uncertain,Conflicting evidence means this claim cannot be marked supported or unsupported.,val
tc-00682,books,The author of Hamlet is Gustave Flaubert.,Sources disagree. Source A: Hamlet is a book by William Shakespeare. Source B: The work Hamlet was authored by Gustave Flaubert.,uncertain,"Sources disagree (William Shakespeare versus Gustave Flaubert), so the claim cannot be confirmed.",train
tc-00683,geography,Tanzania is in South America.,"Geographically, South Korea lies on the continent of Asia. This is widely documented.",uncertain,The evidence is insufficient to confirm or contradict the claim.,test
tc-00684,geography,Jamaica is in Oceania.,Textbook summary: Jamaica is part of North America.,unsupported,"The source states North America. The claim says Oceania, which does not match.",val
tc-00685,capitals,Dublin is the capital city of Ireland.,Reference note: Reference works list Dublin as the capital of Ireland.,supported,"The evidence states Dublin, which matches the claim.",train
tc-00686,events,"In 1911, the Panama Canal opened.",Historical records show that the Panama Canal opened in 1914.,unsupported,"The evidence gives 1914, not 1911, so the claim is contradicted.",train
tc-00687,formulas,NaCl is the formula for hydrochloric acid.,Reference note: The standard formula for water is H2O.,uncertain,The evidence is about a different subject and does not address this claim.,train
tc-00688,elements_symbol,The chemical symbol for Sulfur is He.,The element Lead is represented by the symbol Pb. This is widely documented.,uncertain,The evidence is insufficient to confirm or contradict the claim.,train
tc-00689,elements_symbol,The chemical symbol for Nitrogen is Pb.,The element Nitrogen is represented by the symbol N.,unsupported,Retrieved evidence contradicts the claim: the correct value is N.,train
tc-00690,books,The Hobbit was written by James Joyce.,The Hobbit is a book by J. R. R. Tolkien. This is widely documented.,unsupported,"The source states J. R. R. Tolkien. The claim says James Joyce, which does not match.",train
tc-00691,books,J. D. Salinger is the author of The Great Gatsby.,The work The Great Gatsby was authored by F. Scott Fitzgerald.,unsupported,"The evidence gives F. Scott Fitzgerald, not J. D. Salinger, so the claim is contradicted.",val
tc-00692,events,Watson and Crick published the double helix structure of DNA in 1953.,"Watson and Crick published the double helix structure of DNA in 1953, according to standard histories. This is widely documented.",supported,"The evidence states 1953, which matches the claim.",test
tc-00693,events,The Space Shuttle Columbia first flew in 1972.,Historical records show that the Space Shuttle Challenger disaster occurred in 1986. This is widely documented.,uncertain,"The retrieved text does not mention what the claim asserts, so it cannot be confirmed.",train
tc-00694,elements_symbol,The chemical symbol for Sulfur is S.,Sources disagree. Source A: The element Sulfur is represented by the symbol S. Source B: The element Sulfur is represented by the symbol W.,uncertain,Conflicting evidence means this claim cannot be marked supported or unsupported.,train
tc-00695,geography,Argentina is a country in North America.,"Reference note: Geographically, Argentina lies on the continent of South America.",unsupported,"The source states South America. The claim says North America, which does not match.",train
tc-00696,elements_symbol,Be is the symbol of the element Beryllium.,Reference note: Beryllium is abbreviated Be in the periodic table.,supported,"The retrieved source confirms Be, so the claim is supported.",train
tc-00697,events,The first modern Olympic Games were held in Athens in 1908.,"Reference note: The first modern Olympic Games were held in Athens in 1896, according to standard histories.",unsupported,"The source states 1896. The claim says 1908, which does not match.",test
tc-00698,books,Plato is the author of Wuthering Heights.,War and Peace is a book by Leo Tolstoy. This is widely documented.,uncertain,The evidence is insufficient to confirm or contradict the claim.,train
tc-00699,elements_number,Boron has 5 protons in its nucleus.,Textbook summary: An atom of Boron contains 5 protons.,supported,"The evidence states 5, which matches the claim.",val
tc-00700,capitals,The Czech Republic's capital is Ulaanbaatar.,Reference note: Prague is the capital city of the Czech Republic.,unsupported,Retrieved evidence contradicts the claim: the correct value is Prague.,val
tc-00701,elements_symbol,The chemical symbol for Zinc is Zn.,Sources disagree. Source A: Zinc is abbreviated Zn in the periodic table. Source B: The standard chemical symbol for Zinc is O.,uncertain,"The evidence conflicts, giving both Zn and O.",train
tc-00702,capitals,The capital of Iceland is Reykjavik.,Reference works list Reykjavik as the capital of Iceland. This is widely documented.,supported,The evidence directly supports the claim: it gives Reykjavik.,train
tc-00703,elements_symbol,The chemical symbol for Sodium is H.,Textbook summary: The standard chemical symbol for Cobalt is Co.,uncertain,The evidence is insufficient to confirm or contradict the claim.,train
tc-00704,events,The Wright brothers made their first powered flight in the year 1903.,"Sources disagree. Source A: The year 1903 is when the Wright brothers made their first powered flight. Source B: The Wright brothers made their first powered flight in 1900, according to standard histories.",uncertain,"The evidence conflicts, giving both 1903 and 1900.",test
tc-00705,capitals,The capital of Slovenia is Ljubljana.,The capital of Slovenia is Ljubljana. This is widely documented.,supported,"The evidence states Ljubljana, which matches the claim.",train
tc-00706,events,"In 1776, the United States Declaration of Independence was adopted.",Reference note: Historical records show that the United States Declaration of Independence was adopted in 1776.,supported,The evidence directly supports the claim: it gives 1776.,train
tc-00707,elements_symbol,The chemical symbol for Potassium is U.,Reference note: The element Potassium is represented by the symbol K.,unsupported,"The source states K. The claim says U, which does not match.",train
tc-00708,capitals,The Czech Republic's capital is Prague.,Poland is a country whose capital city is Warsaw.,uncertain,The evidence is insufficient to confirm or contradict the claim.,val
tc-00709,science,Diamond is the hardest naturally occurring material.,The hardest naturally occurring material is Diamond. This is widely documented.,supported,"The evidence states Diamond, which matches the claim.",train
tc-00710,events,"In 1937, Alexander Fleming discovered penicillin.",The year 1928 is when Alexander Fleming discovered penicillin. This is widely documented.,unsupported,"The source states 1928. The claim says 1937, which does not match.",train
tc-00711,books,The Republic was written by Plato.,Plato wrote The Republic.,supported,The evidence directly supports the claim: it gives Plato.,train
tc-00712,capitals,The capital of Kazakhstan is Astana.,Textbook summary: Astana is the capital city of Kazakhstan.,supported,"The evidence states Astana, which matches the claim.",train
tc-00713,formulas,Hydrochloric acid has the formula HCl.,Sources disagree. Source A: Hydrochloric acid has the chemical formula HCl. Source B: The standard formula for hydrochloric acid is H2O2.,uncertain,Conflicting evidence means this claim cannot be marked supported or unsupported.,train
tc-00714,elements_symbol,The chemical symbol for Iodine is Pt.,Conflicting reports. First report: Iodine is abbreviated I in the periodic table. Second report: The standard chemical symbol for Iodine is Pt.,uncertain,Conflicting evidence means this claim cannot be marked supported or unsupported.,train
tc-00715,science,Pi is approximately 2.718.,Textbook summary: The Solar System contains eight recognised planets.,uncertain,The evidence is about a different subject and does not address this claim.,train
tc-00716,elements_number,Magnesium has 24 protons in its nucleus.,Reference note: Magnesium is the chemical element with atomic number 12.,unsupported,Retrieved evidence contradicts the claim: the correct value is 12.,train
tc-00717,planets,Earth is the third planet from the Sun.,Reference note: Earth is the third planet from the Sun in the Solar System.,supported,"The retrieved source confirms third, so the claim is supported.",train
tc-00718,science,An adult human skeleton has 180 bones.,Textbook summary: The adult human skeleton is made up of 206 bones.,unsupported,Retrieved evidence contradicts the claim: the correct value is 206 bones.,train
tc-00719,capitals,Brasilia is the capital city of Brazil.,Brazil is a country whose capital city is Brasilia.,supported,"The evidence states Brasilia, which matches the claim.",train
tc-00720,capitals,New Zealand's capital is Wellington.,Textbook summary: Reference works list Wellington as the capital of New Zealand.,supported,The evidence directly supports the claim: it gives Wellington.,train
tc-00721,capitals,Nairobi is the capital city of Argentina.,Textbook summary: Reference works list Buenos Aires as the capital of Argentina.,unsupported,"The source states Buenos Aires. The claim says Nairobi, which does not match.",train
tc-00722,events,"In 1877, the Eiffel Tower was completed.",Historical records show that the Curiosity rover landed on Mars in 2012.,uncertain,The evidence is about a different subject and does not address this claim.,train
tc-00723,books,Leo Tolstoy is the author of The Trial.,Franz Kafka wrote The Trial. This is widely documented.,unsupported,Retrieved evidence contradicts the claim: the correct value is Franz Kafka.,train
tc-00724,books,J. R. R. Tolkien is the author of War and Peace.,One source says: The work War and Peace was authored by Leo Tolstoy. Another source says: War and Peace is a book by J. R. R. Tolkien.,uncertain,Conflicting evidence means this claim cannot be marked supported or unsupported.,train
tc-00725,planets,"Counting outward from the Sun, Mercury is the first planet.",Venus is the second planet from the Sun in the Solar System. This is widely documented.,uncertain,The evidence is about a different subject and does not address this claim.,train
tc-00726,events,King John sealed the Magna Carta in the year 1214.,"Textbook summary: King John sealed the Magna Carta in 1215, according to standard histories.",unsupported,"The evidence gives 1215, not 1214, so the claim is contradicted.",train
tc-00727,books,The author of On the Origin of Species is Charles Darwin.,On the Origin of Species is a book by Charles Darwin.,supported,"The retrieved source confirms Charles Darwin, so the claim is supported.",train
tc-00728,geography,Pakistan is in Asia.,"Geographically, Pakistan lies on the continent of Asia. This is widely documented.",supported,"The retrieved source confirms Asia, so the claim is supported.",train
tc-00729,capitals,The capital of Thailand is Paris.,Reference note: Helsinki is the capital city of Finland.,uncertain,The evidence is insufficient to confirm or contradict the claim.,val
tc-00730,elements_symbol,Co is the symbol of the element Cobalt.,Textbook summary: Cobalt is abbreviated Co in the periodic table.,supported,"The retrieved source confirms Co, so the claim is supported.",train
tc-00731,planets,"Counting outward from the Sun, Saturn is the second planet.",Saturn is the sixth planet from the Sun in the Solar System.,unsupported,"The evidence gives sixth, not second, so the claim is contradicted.",test
tc-00732,books,The author of Crime and Punishment is Chinua Achebe.,Conflicting reports. First report: Fyodor Dostoevsky wrote Crime and Punishment. Second report: The work Crime and Punishment was authored by Chinua Achebe.,uncertain,"Sources disagree (Fyodor Dostoevsky versus Chinua Achebe), so the claim cannot be confirmed.",train
tc-00733,elements_symbol,The chemical symbol for Uranium is Ag.,Uranium is abbreviated U in the periodic table. This is widely documented.,unsupported,"The source states U. The claim says Ag, which does not match.",train
tc-00734,geography,Fiji lies on the continent of Oceania.,Fiji is part of Oceania. This is widely documented.,supported,The evidence directly supports the claim: it gives Oceania.,train
tc-00735,events,"In 1779, the United States Declaration of Independence was adopted.","Conflicting reports. First report: The year 1776 is when the United States Declaration of Independence was adopted. Second report: The United States Declaration of Independence was adopted in 1779, according to standard histories.",uncertain,"Sources disagree (1776 versus 1779), so the claim cannot be confirmed.",train
tc-00736,elements_symbol,The chemical symbol for Hydrogen is U.,Reference note: Hydrogen is abbreviated H in the periodic table.,unsupported,"The source states H. The claim says U, which does not match.",val
tc-00737,geography,Ghana lies on the continent of Africa.,Textbook summary: Ghana is located in Africa.,supported,"The retrieved source confirms Africa, so the claim is supported.",train
tc-00738,events,"In 2007, the first iPhone was released.",Reference note: Historical records show that the first iPhone was released in 2007.,supported,The evidence directly supports the claim: it gives 2007.,train
tc-00739,books,Plato is the author of Brave New World.,Reference note: To Kill a Mockingbird is a book by Harper Lee.,uncertain,"The retrieved text does not mention what the claim asserts, so it cannot be confirmed.",train
tc-00740,events,King John sealed the Magna Carta in the year 1219.,Textbook summary: The year 1215 is when King John sealed the Magna Carta.,unsupported,"The evidence gives 1215, not 1219, so the claim is contradicted.",train
tc-00741,books,Dante Alighieri is the author of The Great Gatsby.,Ulysses is a book by James Joyce. This is widely documented.,uncertain,The evidence is about a different subject and does not address this claim.,val
tc-00742,capitals,The capital of Kazakhstan is Bangkok.,Sources disagree. Source A: Reference works list Astana as the capital of Kazakhstan. Source B: Bangkok is the capital city of Kazakhstan.,uncertain,"The evidence conflicts, giving both Astana and Bangkok.",train
tc-00743,capitals,Beirut is the capital city of Lebanon.,Reference works list Madrid as the capital of Spain.,uncertain,The evidence is about a different subject and does not address this claim.,train
tc-00744,geography,Mexico is in North America.,Mexico is part of North America. This is widely documented.,supported,"The retrieved source confirms North America, so the claim is supported.",train
tc-00745,events,"In 1962, the Cuban Missile Crisis took place.",Reference note: The year 1962 is when the Cuban Missile Crisis took place.,supported,"The retrieved source confirms 1962, so the claim is supported.",val
tc-00746,events,The Wall Street Crash began in the year 1934.,"Sources disagree. Source A: The Wall Street Crash began in 1929, according to standard histories. Source B: The year 1934 is when the Wall Street Crash began.",uncertain,"Sources disagree (1929 versus 1934), so the claim cannot be confirmed.",train
tc-00747,geography,Jamaica lies on the continent of North America.,"Sources disagree. Source A: Jamaica is part of North America. Source B: Geographically, Jamaica lies on the continent of Africa.",uncertain,"Sources disagree (North America versus Africa), so the claim cannot be confirmed.",val
tc-00748,science,Water freezes at 32 degrees Celsius at standard pressure.,"Conflicting reports. First report: At standard pressure, water freezes at 0 degrees Celsius. Second report: At standard pressure, water freezes at 32 degrees Celsius.",uncertain,Conflicting evidence means this claim cannot be marked supported or unsupported.,train
tc-00749,books,The author of A Brief History of Time is Fyodor Dostoevsky.,A Brief History of Time is a book by Stephen Hawking. This is widely documented.,unsupported,"The source states Stephen Hawking. The claim says Fyodor Dostoevsky, which does not match.",train
tc-00750,capitals,Dakar is the capital city of Senegal.,Textbook summary: The capital of Senegal is Dakar.,supported,"The evidence states Dakar, which matches the claim.",train
tc-00751,science,The Great Barrier Reef lies off the coast of Western Australia.,"Textbook summary: The Great Barrier Reef is located off Queensland, Australia.",unsupported,"The source states Queensland, Australia. The claim says Western Australia, which does not match.",train
tc-00752,geography,Fiji lies on the continent of South America.,Fiji is part of Oceania. This is widely documented.,unsupported,"The source states Oceania. The claim says South America, which does not match.",train
tc-00753,capitals,Paris is the capital city of Thailand.,Reference works list Belgrade as the capital of Serbia. This is widely documented.,uncertain,The evidence is about a different subject and does not address this claim.,val
tc-00754,capitals,Accra is the capital city of Ghana.,Reference note: Iraq is a country whose capital city is Baghdad.,uncertain,The evidence is insufficient to confirm or contradict the claim.,test
tc-00755,geography,Peru lies on the continent of Africa.,Reference note: Nigeria is located in Africa.,uncertain,The evidence is insufficient to confirm or contradict the claim.,train
tc-00756,capitals,Tokyo is the capital city of Brazil.,Reference note: Brasilia is the capital city of Brazil.,unsupported,"The evidence gives Brasilia, not Tokyo, so the claim is contradicted.",train
tc-00757,formulas,NaHCO3 is the formula for carbon dioxide.,Reference note: Carbon dioxide has the chemical formula CO2.,unsupported,Retrieved evidence contradicts the claim: the correct value is CO2.,train
tc-00758,geography,Ethiopia is in Asia.,"Geographically, Ethiopia lies on the continent of Africa. This is widely documented.",unsupported,"The source states Africa. The claim says Asia, which does not match.",train
tc-00759,elements_symbol,The chemical symbol for Platinum is Pt.,Platinum is abbreviated Pt in the periodic table.,supported,"The retrieved source confirms Pt, so the claim is supported.",train
tc-00760,books,Jane Austen is the author of Pride and Prejudice.,Reference note: Jane Austen wrote Pride and Prejudice.,supported,"The evidence states Jane Austen, which matches the claim.",train
tc-00761,capitals,Tripoli is the capital city of Libya.,Conflicting reports. First report: The capital of Libya is Tripoli. Second report: Amsterdam is the capital city of Libya.,uncertain,"The evidence conflicts, giving both Tripoli and Amsterdam.",train
tc-00762,books,The author of Ulysses is James Joyce.,Reference note: Ulysses is a book by James Joyce.,supported,The evidence directly supports the claim: it gives James Joyce.,train
tc-00763,capitals,Mexico's capital is Paris.,Reference note: Reference works list Baghdad as the capital of Iraq.,uncertain,"The retrieved text does not mention what the claim asserts, so it cannot be confirmed.",train
tc-00764,capitals,The capital of Austria is Vienna.,Sources disagree. Source A: Reference works list Vienna as the capital of Austria. Source B: Reference works list Santiago as the capital of Austria.,uncertain,"The evidence conflicts, giving both Vienna and Santiago.",train
tc-00765,capitals,The capital of France is Brussels.,Textbook summary: Reference works list Paris as the capital of France.,unsupported,"The source states Paris. The claim says Brussels, which does not match.",train
tc-00766,books,Chinua Achebe is the author of Pride and Prejudice.,The work Pride and Prejudice was authored by Jane Austen. This is widely documented.,unsupported,"The evidence gives Jane Austen, not Chinua Achebe, so the claim is contradicted.",train
tc-00767,science,An adult human skeleton has 180 bones.,The mathematical constant pi is approximately 3.14159. This is widely documented.,uncertain,"The retrieved text does not mention what the claim asserts, so it cannot be confirmed.",train
tc-00768,science,The Moon takes about 27 days to orbit the Earth.,Sources disagree. Source A: The Moon completes one orbit of Earth in about 27 days. Source B: The Moon completes one orbit of Earth in about 60 days.,uncertain,"Sources disagree (27 days versus 60 days), so the claim cannot be confirmed.",train
tc-00769,books,Les Miserables was written by Toni Morrison.,Victor Hugo wrote Les Miserables.,unsupported,"The source states Victor Hugo. The claim says Toni Morrison, which does not match.",train
tc-00770,events,"In 1892, the Eiffel Tower was completed.",Historical records show that the Eiffel Tower was completed in 1889. This is widely documented.,unsupported,"The evidence gives 1889, not 1892, so the claim is contradicted.",train
tc-00771,capitals,The capital of Australia is Lima.,Reference works list Canberra as the capital of Australia. This is widely documented.,unsupported,"The evidence gives Canberra, not Lima, so the claim is contradicted.",train
tc-00772,capitals,The capital of the Czech Republic is Brasilia.,The capital of the Czech Republic is Prague. This is widely documented.,unsupported,"The evidence gives Prague, not Brasilia, so the claim is contradicted.",val
tc-00773,science,A leap year has 366 days.,One source says: A leap year in the Gregorian calendar contains 366 days. Another source says: A leap year in the Gregorian calendar contains 367 days.,uncertain,Conflicting evidence means this claim cannot be marked supported or unsupported.,train
tc-00774,events,The United Kingdom held its Brexit referendum in 2012.,"The United Kingdom held its Brexit referendum in 2016, according to standard histories.",unsupported,Retrieved evidence contradicts the claim: the correct value is 2016.,train
tc-00775,events,The French Revolution began in the year 1777.,Reference note: Historical records show that the French Revolution began in 1789.,unsupported,"The source states 1789. The claim says 1777, which does not match.",train
tc-00776,books,The author of Wuthering Heights is Emily Bronte.,Textbook summary: Wuthering Heights is a book by Emily Bronte.,supported,"The retrieved source confirms Emily Bronte, so the claim is supported.",train
tc-00777,formulas,CO2 is the formula for table salt.,"Reference note: In chemistry, table salt is written as NaCl.",unsupported,"The source states NaCl. The claim says CO2, which does not match.",train
tc-00778,geography,Vietnam lies on the continent of Europe.,"Geographically, Vietnam lies on the continent of Asia.",unsupported,Retrieved evidence contradicts the claim: the correct value is Asia.,train
tc-00779,events,The Berlin Wall fell in the year 1985.,"The Berlin Wall fell in 1989, according to standard histories. This is widely documented.",unsupported,"The source states 1989. The claim says 1985, which does not match.",train
tc-00780,elements_symbol,The chemical symbol for Nickel is Al.,The standard chemical symbol for Nickel is Ni.,unsupported,"The source states Ni. The claim says Al, which does not match.",train
tc-00781,formulas,The chemical formula of carbon monoxide is HNO3.,"In chemistry, carbon monoxide is written as CO.",unsupported,"The evidence gives CO, not HNO3, so the claim is contradicted.",train
tc-00782,geography,Japan is in Oceania.,"Geographically, Japan lies on the continent of Asia. This is widely documented.",unsupported,Retrieved evidence contradicts the claim: the correct value is Asia.,train
tc-00783,science,Nitrogen is the most abundant gas in Earth's atmosphere.,Conflicting reports. First report: The most abundant gas in Earth's atmosphere is Nitrogen. Second report: The most abundant gas in Earth's atmosphere is Oxygen.,uncertain,Conflicting evidence means this claim cannot be marked supported or unsupported.,val
tc-00784,science,The Moon takes about 14 days to orbit the Earth.,The Moon completes one orbit of Earth in about 27 days.,unsupported,"The evidence gives 27 days, not 14 days, so the claim is contradicted.",train
tc-00785,elements_number,Gold is element number 5.,One source says: Gold is the chemical element with atomic number 79. Another source says: An atom of Gold contains 5 protons.,uncertain,"The evidence conflicts, giving both 79 and 5.",train
tc-00786,capitals,South Korea's capital is Seoul.,Reference works list Seoul as the capital of South Korea. This is widely documented.,supported,"The retrieved source confirms Seoul, so the claim is supported.",train
tc-00787,events,"In 1872, the Suez Canal opened.","Sources disagree. Source A: The Suez Canal opened in 1869, according to standard histories. Source B: The Suez Canal opened in 1872, according to standard histories.",uncertain,"Sources disagree (1869 versus 1872), so the claim cannot be confirmed.",train
tc-00788,capitals,Dhaka is the capital city of Bangladesh.,Conflicting reports. First report: Dhaka is the capital city of Bangladesh. Second report: The capital of Bangladesh is Warsaw.,uncertain,Conflicting evidence means this claim cannot be marked supported or unsupported.,train
tc-00789,science,"Mount Everest rises about 7,200 metres above sea level.",The most abundant gas in Earth's atmosphere is Nitrogen.,uncertain,The evidence is insufficient to confirm or contradict the claim.,val
tc-00790,capitals,The capital of Australia is Paris.,Reference note: Germany is a country whose capital city is Berlin.,uncertain,The evidence is about a different subject and does not address this claim.,train
tc-00791,events,"In 1977, the Chernobyl nuclear disaster occurred.",The year 1986 is when the Chernobyl nuclear disaster occurred. This is widely documented.,unsupported,Retrieved evidence contradicts the claim: the correct value is 1986.,train
tc-00792,elements_symbol,The chemical symbol for Chromium is C.,Conflicting reports. First report: The standard chemical symbol for Chromium is Cr. Second report: Chromium is abbreviated C in the periodic table.,uncertain,"The evidence conflicts, giving both Cr and C.",test
tc-00793,capitals,Brasilia is the capital city of Chile.,Conflicting reports. First report: Chile is a country whose capital city is Santiago. Second report: The capital of Chile is Brasilia.,uncertain,"Sources disagree (Santiago versus Brasilia), so the claim cannot be confirmed.",train
tc-00794,capitals,The capital of India is Kyiv.,Conflicting reports. First report: India is a country whose capital city is New Delhi. Second report: India is a country whose capital city is Kyiv.,uncertain,Conflicting evidence means this claim cannot be marked supported or unsupported.,test
tc-00795,capitals,Zagreb is the capital city of Croatia.,Reference note: Reference works list Zagreb as the capital of Croatia.,supported,The evidence directly supports the claim: it gives Zagreb.,train
tc-00796,science,The largest planet in the Solar System is Earth.,Reference note: Jupiter is the largest planet in the Solar System.,unsupported,"The evidence gives Jupiter, not Earth, so the claim is contradicted.",train
tc-00797,geography,Peru is a country in Europe.,Fiji is part of Oceania.,uncertain,The evidence is insufficient to confirm or contradict the claim.,train
tc-00798,elements_symbol,O is the symbol of the element Oxygen.,Oxygen is abbreviated O in the periodic table. This is widely documented.,supported,"The evidence states O, which matches the claim.",train
tc-00799,capitals,Quito is the capital city of Estonia.,Reference note: Tallinn is the capital city of Estonia.,unsupported,"The evidence gives Tallinn, not Quito, so the claim is contradicted.",train
tc-00800,events,The Berlin Wall was built in the year 1957.,"Conflicting reports. First report: The year 1961 is when the Berlin Wall was built. Second report: The Berlin Wall was built in 1957, according to standard histories.",uncertain,Conflicting evidence means this claim cannot be marked supported or unsupported.,val
tc-00801,capitals,Copenhagen is the capital city of Kazakhstan.,Sources disagree. Source A: Reference works list Astana as the capital of Kazakhstan. Source B: The capital of Kazakhstan is Copenhagen.,uncertain,"Sources disagree (Astana versus Copenhagen), so the claim cannot be confirmed.",train
tc-00802,formulas,The chemical formula of limestone is C2H5OH.,"Sources disagree. Source A: In chemistry, limestone is written as CaCO3. Source B: Limestone has the chemical formula C2H5OH.",uncertain,"The evidence conflicts, giving both CaCO3 and C2H5OH.",train
tc-00803,events,"In 1666, the Great Fire of London broke out.","The Great Fire of London broke out in 1666, according to standard histories.",supported,The evidence directly supports the claim: it gives 1666.,train
tc-00804,formulas,The chemical formula of hydrogen peroxide is H2O.,"In chemistry, sulfuric acid is written as H2SO4.",uncertain,The evidence is about a different subject and does not address this claim.,train
tc-00805,geography,Vietnam lies on the continent of Asia.,"Reference note: Geographically, Vietnam lies on the continent of Asia.",supported,"The evidence states Asia, which matches the claim.",train
tc-00806,capitals,Wellington is the capital city of Slovenia.,The capital of Slovenia is Ljubljana.,unsupported,"The source states Ljubljana. The claim says Wellington, which does not match.",train
tc-00807,events,The United States Declaration of Independence was adopted in the year 1776.,The year 1776 is when the United States Declaration of Independence was adopted.,supported,"The evidence states 1776, which matches the claim.",train
tc-00808,capitals,Hanoi is the capital city of Vietnam.,The capital of Vietnam is Hanoi.,supported,"The evidence states Hanoi, which matches the claim.",train
tc-00809,capitals,The capital of Serbia is Belgrade.,Reference note: Reference works list Vienna as the capital of Austria.,uncertain,The evidence is about a different subject and does not address this claim.,train
tc-00810,science,Humans typically have 46 pairs of chromosomes.,Textbook summary: A typical human cell contains 23 pairs of chromosomes.,unsupported,Retrieved evidence contradicts the claim: the correct value is 23 pairs of chromosomes.,train
tc-00811,events,The Battle of Hastings was fought in the year 1057.,"Reference note: The Battle of Hastings was fought in 1066, according to standard histories.",unsupported,"The evidence gives 1066, not 1057, so the claim is contradicted.",train
tc-00812,capitals,Islamabad is the capital city of Malaysia.,Reference works list Kuala Lumpur as the capital of Malaysia.,unsupported,"The evidence gives Kuala Lumpur, not Islamabad, so the claim is contradicted.",train
tc-00813,geography,Argentina is in Europe.,"Geographically, Argentina lies on the continent of South America.",unsupported,Retrieved evidence contradicts the claim: the correct value is South America.,train
tc-00814,capitals,New Zealand's capital is Dhaka.,Wellington is the capital city of New Zealand. This is widely documented.,unsupported,"The source states Wellington. The claim says Dhaka, which does not match.",train
tc-00815,geography,Peru is in Africa.,Reference note: Poland is located in Europe.,uncertain,The evidence is about a different subject and does not address this claim.,train
tc-00816,elements_number,The atomic number of Copper is 29.,An atom of Copper contains 29 protons. This is widely documented.,supported,"The evidence states 29, which matches the claim.",test
tc-00817,capitals,Egypt's capital is Beijing.,The capital of Egypt is Cairo. This is widely documented.,unsupported,"The evidence gives Cairo, not Beijing, so the claim is contradicted.",train
tc-00818,events,"In 1955, Watson and Crick published the double helix structure of DNA.","One source says: The year 1953 is when Watson and Crick published the double helix structure of DNA. Another source says: Watson and Crick published the double helix structure of DNA in 1955, according to standard histories.",uncertain,Conflicting evidence means this claim cannot be marked supported or unsupported.,test
tc-00819,elements_symbol,The chemical symbol for Tin is Sn.,The standard chemical symbol for Tin is Sn.,supported,"The evidence states Sn, which matches the claim.",train
tc-00820,events,India gained independence from British rule in the year 1954.,"Textbook summary: India gained independence from British rule in 1947, according to standard histories.",unsupported,"The evidence gives 1947, not 1954, so the claim is contradicted.",train
tc-00821,elements_symbol,The chemical symbol for Argon is W.,The standard chemical symbol for Argon is Ar.,unsupported,"The source states Ar. The claim says W, which does not match.",train
tc-00822,events,The United Kingdom held its Brexit referendum in the year 2014.,The year 2016 is when the United Kingdom held its Brexit referendum.,unsupported,"The source states 2016. The claim says 2014, which does not match.",train
tc-00823,books,Stephen Hawking is the author of Don Quixote.,Conflicting reports. First report: The work Don Quixote was authored by Miguel de Cervantes. Second report: Don Quixote is a book by Stephen Hawking.,uncertain,"Sources disagree (Miguel de Cervantes versus Stephen Hawking), so the claim cannot be confirmed.",train
tc-00824,events,"In 1949, World War II ended.","World War II ended in 1945, according to standard histories. This is widely documented.",unsupported,"The evidence gives 1945, not 1949, so the claim is contradicted.",train
tc-00825,books,One Hundred Years of Solitude was written by Dante Alighieri.,Reference note: Plato wrote The Republic.,uncertain,"The retrieved text does not mention what the claim asserts, so it cannot be confirmed.",test
tc-00826,formulas,Carbon dioxide has the formula CO2.,"Textbook summary: In chemistry, carbon dioxide is written as CO2.",supported,"The evidence states CO2, which matches the claim.",train
tc-00827,capitals,Ulaanbaatar is the capital city of Mongolia.,Ulaanbaatar is the capital city of Mongolia. This is widely documented.,supported,"The retrieved source confirms Ulaanbaatar, so the claim is supported.",train
tc-00828,capitals,Prague is the capital city of the Czech Republic.,Prague is the capital city of the Czech Republic.,supported,"The evidence states Prague, which matches the claim.",val
tc-00829,events,The Treaty of Versailles was signed in the year 1918.,"The Treaty of Versailles was signed in 1919, according to standard histories.",unsupported,Retrieved evidence contradicts the claim: the correct value is 1919.,train
tc-00830,capitals,India's capital is New Delhi.,One source says: Reference works list New Delhi as the capital of India. Another source says: Reference works list Cairo as the capital of India.,uncertain,"The evidence conflicts, giving both New Delhi and Cairo.",test
tc-00831,formulas,H2O is the formula for ethanol.,Reference note: The standard formula for carbon monoxide is CO.,uncertain,"The retrieved text does not mention what the claim asserts, so it cannot be confirmed.",train
tc-00832,books,A Brief History of Time was written by Stephen Hawking.,Sources disagree. Source A: A Brief History of Time is a book by Stephen Hawking. Source B: The work A Brief History of Time was authored by Aldous Huxley.,uncertain,Conflicting evidence means this claim cannot be marked supported or unsupported.,train
tc-00833,elements_number,The atomic number of Nitrogen is 7.,"In the periodic table, Nitrogen occupies position 7. This is widely documented.",supported,"The retrieved source confirms 7, so the claim is supported.",test
tc-00834,capitals,Paris is the capital city of Zambia.,Reference works list Lusaka as the capital of Zambia.,unsupported,"The evidence gives Lusaka, not Paris, so the claim is contradicted.",val
tc-00835,events,"In 1981, the Space Shuttle Columbia first flew.",Reference note: Historical records show that the Space Shuttle Columbia first flew in 1981.,supported,The evidence directly supports the claim: it gives 1981.,train
tc-00836,capitals,Ankara is the capital city of Turkey.,Reference works list Ankara as the capital of Turkey. This is widely documented.,supported,The evidence directly supports the claim: it gives Ankara.,val
tc-00837,elements_symbol,N is the symbol of the element Fluorine.,Textbook summary: Fluorine is abbreviated F in the periodic table.,unsupported,Retrieved evidence contradicts the claim: the correct value is F.,train
tc-00838,capitals,The capital of Tunisia is Tunis.,Reference note: Tunisia is a country whose capital city is Tunis.,supported,"The evidence states Tunis, which matches the claim.",test
tc-00839,geography,India lies on the continent of Asia.,Reference note: India is part of Asia.,supported,The evidence directly supports the claim: it gives Asia.,train
tc-00840,books,Charles Darwin is the author of On the Origin of Species.,Reference note: On the Origin of Species is a book by Charles Darwin.,supported,"The retrieved source confirms Charles Darwin, so the claim is supported.",train
tc-00841,books,Ulysses was written by Plato.,Miguel de Cervantes wrote Don Quixote. This is widely documented.,uncertain,The evidence is about a different subject and does not address this claim.,train
tc-00842,elements_number,The atomic number of Tungsten is 74.,"One source says: In the periodic table, Tungsten occupies position 74. Another source says: An atom of Tungsten contains 2 protons.",uncertain,"The evidence conflicts, giving both 74 and 2.",train
tc-00843,events,The Apollo 13 mission suffered an oxygen tank explosion in the year 1969.,Reference note: Historical records show that the Apollo 13 mission suffered an oxygen tank explosion in 1970.,unsupported,"The source states 1970. The claim says 1969, which does not match.",train
tc-00844,capitals,Brasilia is the capital city of Croatia.,Textbook summary: Zagreb is the capital city of Croatia.,unsupported,"The source states Zagreb. The claim says Brasilia, which does not match.",train
tc-00845,formulas,The chemical formula of limestone is CaCO3.,Sources disagree. Source A: The standard formula for limestone is CaCO3. Source B: The standard formula for limestone is H2O2.,uncertain,"Sources disagree (CaCO3 versus H2O2), so the claim cannot be confirmed.",train
tc-00846,science,Water freezes at 0 degrees Celsius at standard pressure.,Textbook summary: The adult human skeleton is made up of 206 bones.,uncertain,The evidence is about a different subject and does not address this claim.,train
tc-00847,planets,Mercury is the first planet from the Sun.,"One source says: In order of distance from the Sun, Mercury comes first. Another source says: In order of distance from the Sun, Mercury comes sixth.",uncertain,"The evidence conflicts, giving both first and sixth.",train
tc-00848,geography,Norway is a country in Europe.,"Geographically, Norway lies on the continent of Europe. This is widely documented.",supported,The evidence directly supports the claim: it gives Europe.,train
tc-00849,events,The Berlin Wall was built in the year 1952.,"Textbook summary: The Berlin Wall was built in 1961, according to standard histories.",unsupported,Retrieved evidence contradicts the claim: the correct value is 1961.,val
tc-00850,elements_symbol,The chemical symbol for Chlorine is Cl.,One source says: The standard chemical symbol for Chlorine is Cl. Another source says: The element Chlorine is represented by the symbol Fe.,uncertain,"The evidence conflicts, giving both Cl and Fe.",train
tc-00851,geography,Australia lies on the continent of Oceania.,"Geographically, Australia lies on the continent of Oceania.",supported,"The evidence states Oceania, which matches the claim.",train
tc-00852,capitals,Tunis is the capital city of Mexico.,Reference note: Mexico City is the capital city of Mexico.,unsupported,"The source states Mexico City. The claim says Tunis, which does not match.",train
tc-00853,planets,"Counting outward from the Sun, Uranus is the first planet.","Sources disagree. Source A: In order of distance from the Sun, Uranus comes seventh. Source B: Uranus is the first planet from the Sun in the Solar System.",uncertain,"The evidence conflicts, giving both seventh and first.",train
tc-00854,elements_symbol,Zn is the symbol of the element Oxygen.,The element Oxygen is represented by the symbol O. This is widely documented.,unsupported,"The evidence gives O, not Zn, so the claim is contradicted.",train
tc-00855,events,The Space Shuttle Challenger disaster occurred in the year 1986.,Historical records show that the Space Shuttle Challenger disaster occurred in 1986. This is widely documented.,supported,"The evidence states 1986, which matches the claim.",test
tc-00856,elements_number,Argon has 25 protons in its nucleus.,Sources disagree. Source A: Argon is the chemical element with atomic number 18. Source B: Argon is the chemical element with atomic number 25.,uncertain,"Sources disagree (18 versus 25), so the claim cannot be confirmed.",train
tc-00857,science,Carbon dioxide is the most abundant gas in Earth's atmosphere.,Reference note: The most abundant gas in Earth's atmosphere is Nitrogen.,unsupported,"The evidence gives Nitrogen, not Carbon dioxide, so the claim is contradicted.",val
tc-00858,capitals,The capital of Germany is Rome.,Reference note: Reference works list Tripoli as the capital of Libya.,uncertain,The evidence is insufficient to confirm or contradict the claim.,train
tc-00859,planets,Earth is the second planet from the Sun.,"Reference note: In order of distance from the Sun, Mercury comes first.",uncertain,"The retrieved text does not mention what the claim asserts, so it cannot be confirmed.",train
tc-00860,capitals,Algeria's capital is Algiers.,Reference works list Algiers as the capital of Algeria.,supported,"The retrieved source confirms Algiers, so the claim is supported.",train
tc-00861,events,"In 1963, the Apollo 13 mission suffered an oxygen tank explosion.","Conflicting reports. First report: Historical records show that the Apollo 13 mission suffered an oxygen tank explosion in 1970. Second report: The Apollo 13 mission suffered an oxygen tank explosion in 1963, according to standard histories.",uncertain,"Sources disagree (1970 versus 1963), so the claim cannot be confirmed.",train
tc-00862,capitals,Harare is the capital city of Libya.,Reference note: Tripoli is the capital city of Libya.,unsupported,"The evidence gives Tripoli, not Harare, so the claim is contradicted.",train
tc-00863,science,Sound travels through air at 20 degrees Celsius at about 343 metres per second.,"Textbook summary: At 20 degrees Celsius, the speed of sound in air is about 343 metres per second.",supported,"The evidence states 343 metres per second, which matches the claim.",train
tc-00864,elements_number,The atomic number of Gold is 7.,Reference note: An atom of Gold contains 79 protons.,unsupported,"The source states 79. The claim says 7, which does not match.",train
tc-00865,elements_symbol,Cr is the symbol of the element Chromium.,Reference note: Chromium is abbreviated Cr in the periodic table.,supported,"The evidence states Cr, which matches the claim.",test
tc-00866,capitals,The capital of Slovenia is Riyadh.,Reference note: Ljubljana is the capital city of Slovenia.,unsupported,"The evidence gives Ljubljana, not Riyadh, so the claim is contradicted.",train
tc-00867,elements_number,Magnesium is element number 10.,Reference note: Magnesium is the chemical element with atomic number 12.,unsupported,"The evidence gives 12, not 10, so the claim is contradicted.",train
tc-00868,books,Jane Austen is the author of Madame Bovary.,Conflicting reports. First report: The work Madame Bovary was authored by Gustave Flaubert. Second report: The work Madame Bovary was authored by Jane Austen.,uncertain,"Sources disagree (Gustave Flaubert versus Jane Austen), so the claim cannot be confirmed.",train
tc-00869,books,The Divine Comedy was written by Dante Alighieri.,Sources disagree. Source A: The Divine Comedy is a book by Dante Alighieri. Source B: The work The Divine Comedy was authored by George Orwell.,uncertain,"The evidence conflicts, giving both Dante Alighieri and George Orwell.",train
tc-00870,capitals,Ankara is the capital city of Portugal.,Reference works list Lisbon as the capital of Portugal. This is widely documented.,unsupported,"The evidence gives Lisbon, not Ankara, so the claim is contradicted.",train
tc-00871,geography,India is a country in Asia.,Reference note: India is part of Asia.,supported,The evidence directly supports the claim: it gives Asia.,train
tc-00872,elements_number,Chromium is element number 15.,Chromium is the chemical element with atomic number 24.,unsupported,Retrieved evidence contradicts the claim: the correct value is 24.,train
tc-00873,books,The Hobbit was written by J. R. R. Tolkien.,Textbook summary: J. R. R. Tolkien wrote The Hobbit.,supported,The evidence directly supports the claim: it gives J. R. R. Tolkien.,train
tc-00874,capitals,Sweden's capital is Tokyo.,Stockholm is the capital city of Sweden.,unsupported,"The source states Stockholm. The claim says Tokyo, which does not match.",train
tc-00875,capitals,The United Kingdom's capital is London.,Reference note: Lebanon is a country whose capital city is Beirut.,uncertain,The evidence is about a different subject and does not address this claim.,train
tc-00876,elements_symbol,Pt is the symbol of the element Platinum.,The standard chemical symbol for Platinum is Pt. This is widely documented.,supported,"The evidence states Pt, which matches the claim.",train
tc-00877,geography,Poland is a country in Europe.,Poland is part of Europe.,supported,The evidence directly supports the claim: it gives Europe.,test
tc-00878,events,The Chernobyl nuclear disaster occurred in 1984.,"Reference note: The Chernobyl nuclear disaster occurred in 1986, according to standard histories.",unsupported,"The evidence gives 1986, not 1984, so the claim is contradicted.",train
tc-00879,elements_symbol,Ar is the symbol of the element Argon.,Textbook summary: The standard chemical symbol for Argon is Ar.,supported,"The evidence states Ar, which matches the claim.",train
tc-00880,events,The Space Shuttle Challenger disaster occurred in 1986.,Reference note: Historical records show that the Space Shuttle Challenger disaster occurred in 1986.,supported,The evidence directly supports the claim: it gives 1986.,test
tc-00881,events,The French Revolution began in 1790.,Historical records show that the French Revolution began in 1789.,unsupported,"The source states 1789. The claim says 1790, which does not match.",train
tc-00882,capitals,Libya's capital is Tripoli.,Libya is a country whose capital city is Tripoli.,supported,"The evidence states Tripoli, which matches the claim.",train
tc-00883,books,Charlotte Bronte is the author of The Odyssey.,Sources disagree. Source A: The work The Odyssey was authored by Homer. Source B: The Odyssey is a book by Charlotte Bronte.,uncertain,"Sources disagree (Homer versus Charlotte Bronte), so the claim cannot be confirmed.",train
tc-00884,capitals,The capital of Tunisia is Tunis.,Textbook summary: Tunis is the capital city of Tunisia.,supported,"The evidence states Tunis, which matches the claim.",test
tc-00885,capitals,Bangkok is the capital city of Thailand.,Textbook summary: Thailand is a country whose capital city is Bangkok.,supported,The evidence directly supports the claim: it gives Bangkok.,val
tc-00886,events,"In 2010, the first iPhone was released.",Textbook summary: Historical records show that the first iPhone was released in 2007.,unsupported,"The source states 2007. The claim says 2010, which does not match.",train
tc-00887,geography,Argentina lies on the continent of South America.,Argentina is located in South America.,supported,"The retrieved source confirms South America, so the claim is supported.",train
tc-00888,formulas,H2O2 is the formula for hydrogen peroxide.,"In chemistry, hydrogen peroxide is written as H2O2. This is widely documented.",supported,"The retrieved source confirms H2O2, so the claim is supported.",train
tc-00889,capitals,Mexico's capital is Budapest.,The capital of Mexico is Mexico City.,unsupported,Retrieved evidence contradicts the claim: the correct value is Mexico City.,train
tc-00890,capitals,London is the capital city of the United Kingdom.,The capital of the United Kingdom is London. This is widely documented.,supported,"The evidence states London, which matches the claim.",train
tc-00891,geography,Kenya is in Africa.,Kenya is part of Africa. This is widely documented.,supported,The evidence directly supports the claim: it gives Africa.,train
tc-00892,books,The author of Hamlet is William Shakespeare.,Textbook summary: William Shakespeare wrote Hamlet.,supported,"The evidence states William Shakespeare, which matches the claim.",train
tc-00893,events,Euro banknotes and coins entered circulation in 2003.,"Textbook summary: Euro banknotes and coins entered circulation in 2002, according to standard histories.",unsupported,"The evidence gives 2002, not 2003, so the claim is contradicted.",train
tc-00894,elements_symbol,The chemical symbol for Sodium is Na.,One source says: The standard chemical symbol for Sodium is Na. Another source says: The element Sodium is represented by the symbol Zn.,uncertain,"The evidence conflicts, giving both Na and Zn.",train
tc-00895,events,The Great Fire of London broke out in the year 1666.,Textbook summary: Historical records show that the Great Fire of London broke out in 1666.,supported,"The evidence states 1666, which matches the claim.",train
tc-00896,events,The Soviet Union was dissolved in 1991.,"One source says: The Soviet Union was dissolved in 1991, according to standard histories. Another source says: The year 1986 is when the Soviet Union was dissolved.",uncertain,"Sources disagree (1991 versus 1986), so the claim cannot be confirmed.",train
tc-00897,capitals,The capital of Japan is Beijing.,The capital of Japan is Tokyo.,unsupported,"The source states Tokyo. The claim says Beijing, which does not match.",train
tc-00898,events,Euro banknotes and coins entered circulation in the year 2002.,Textbook summary: Historical records show that euro banknotes and coins entered circulation in 2002.,supported,"The evidence states 2002, which matches the claim.",train
tc-00899,capitals,Quito is the capital city of Japan.,Reference note: Tokyo is the capital city of Japan.,unsupported,"The evidence gives Tokyo, not Quito, so the claim is contradicted.",train
tc-00900,books,The author of Les Miserables is Thomas Hobbes.,Textbook summary: Victor Hugo wrote Les Miserables.,unsupported,"The evidence gives Victor Hugo, not Thomas Hobbes, so the claim is contradicted.",train
tc-00901,capitals,The capital of Ecuador is Baghdad.,Ecuador is a country whose capital city is Quito. This is widely documented.,unsupported,"The evidence gives Quito, not Baghdad, so the claim is contradicted.",train
tc-00902,books,Beloved was written by Plato.,Reference note: Franz Kafka wrote The Trial.,uncertain,The evidence is insufficient to confirm or contradict the claim.,test
tc-00903,planets,"Counting outward from the Sun, Mars is the first planet.","Textbook summary: In order of distance from the Sun, Mars comes fourth.",unsupported,"The evidence gives fourth, not first, so the claim is contradicted.",train
tc-00904,events,"In 1982, the Chernobyl nuclear disaster occurred.",Reference note: The year 1986 is when the Chernobyl nuclear disaster occurred.,unsupported,"The source states 1986. The claim says 1982, which does not match.",train
tc-00905,capitals,The capital of Ireland is Dublin.,One source says: Dublin is the capital city of Ireland. Another source says: Reference works list Berlin as the capital of Ireland.,uncertain,"Sources disagree (Dublin versus Berlin), so the claim cannot be confirmed.",train
tc-00906,science,"Light travels through a vacuum at about 150,000 kilometres per second.","Textbook summary: In a vacuum, light travels at roughly 299,792 kilometres per second.",unsupported,"Retrieved evidence contradicts the claim: the correct value is 299,792 kilometres per second.",train
tc-00907,capitals,Zimbabwe's capital is Copenhagen.,Textbook summary: Zimbabwe is a country whose capital city is Harare.,unsupported,Retrieved evidence contradicts the claim: the correct value is Harare.,train
tc-00908,events,The atomic bomb was dropped on Hiroshima in the year 1945.,"Textbook summary: The atomic bomb was dropped on Hiroshima in 1945, according to standard histories.",supported,"The retrieved source confirms 1945, so the claim is supported.",train
tc-00909,books,Bram Stoker is the author of The Divine Comedy.,One source says: Dante Alighieri wrote The Divine Comedy. Another source says: The Divine Comedy is a book by Bram Stoker.,uncertain,"Sources disagree (Dante Alighieri versus Bram Stoker), so the claim cannot be confirmed.",train
tc-00910,science,Pi is approximately 2.718.,The mathematical constant pi is approximately 3.14159. This is widely documented.,unsupported,"The source states 3.14159. The claim says 2.718, which does not match.",train
tc-00911,science,The Moon takes about 14 days to orbit the Earth.,"The official height of Mount Everest is about 8,849 metres above sea level. This is widely documented.",uncertain,The evidence is about a different subject and does not address this claim.,train
tc-00912,elements_symbol,K is the symbol of the element Potassium.,Textbook summary: Potassium is abbreviated K in the periodic table.,supported,The evidence directly supports the claim: it gives K.,train
tc-00913,science,Water boils at 90 degrees Celsius at standard sea-level pressure.,"Textbook summary: The official height of Mount Everest is about 8,849 metres above sea level.",uncertain,"The retrieved text does not mention what the claim asserts, so it cannot be confirmed.",test
tc-00914,events,The Chernobyl nuclear disaster occurred in the year 1986.,Historical records show that the Chernobyl nuclear disaster occurred in 1986. This is widely documented.,supported,The evidence directly supports the claim: it gives 1986.,train
tc-00915,science,The Solar System has nine planets.,"Reference note: By area, the Pacific Ocean is the largest ocean on Earth.",uncertain,"The retrieved text does not mention what the claim asserts, so it cannot be confirmed.",test
tc-00916,events,The Panama Canal opened in 1902.,"Reference note: The Panama Canal opened in 1914, according to standard histories.",unsupported,"The source states 1914. The claim says 1902, which does not match.",train
tc-00917,events,The first iPhone was released in 2007.,Sources disagree. Source A: Historical records show that the first iPhone was released in 2007. Source B: The year 2014 is when the first iPhone was released.,uncertain,"Sources disagree (2007 versus 2014), so the claim cannot be confirmed.",train
tc-00918,geography,Senegal is in Oceania.,"Sources disagree. Source A: Geographically, Senegal lies on the continent of Africa. Source B: Senegal is part of Oceania.",uncertain,Conflicting evidence means this claim cannot be marked supported or unsupported.,test
tc-00919,elements_symbol,The chemical symbol for Aluminium is H.,The standard chemical symbol for Platinum is Pt. This is widely documented.,uncertain,The evidence is about a different subject and does not address this claim.,train
tc-00920,capitals,New Zealand's capital is Wellington.,Reference works list Wellington as the capital of New Zealand.,supported,"The evidence states Wellington, which matches the claim.",train
tc-00921,elements_symbol,The chemical symbol for Aluminium is Sn.,Aluminium is abbreviated Al in the periodic table.,unsupported,"The evidence gives Al, not Sn, so the claim is contradicted.",train
tc-00922,elements_number,Iodine has 2 protons in its nucleus.,Textbook summary: An atom of Iodine contains 53 protons.,unsupported,"The evidence gives 53, not 2, so the claim is contradicted.",test
tc-00923,books,Miguel de Cervantes is the author of Don Quixote.,The work Don Quixote was authored by Miguel de Cervantes.,supported,"The retrieved source confirms Miguel de Cervantes, so the claim is supported.",train
tc-00924,events,The Panama Canal opened in the year 1916.,"Reference note: The Panama Canal opened in 1914, according to standard histories.",unsupported,Retrieved evidence contradicts the claim: the correct value is 1914.,train
tc-00925,science,"Light travels through a vacuum at about 299,792 kilometres per second.","In a vacuum, light travels at roughly 299,792 kilometres per second.",supported,"The evidence directly supports the claim: it gives 299,792 kilometres per second.",train
tc-00926,events,The Apollo 13 mission suffered an oxygen tank explosion in the year 1958.,"Textbook summary: The atomic bomb was dropped on Hiroshima in 1945, according to standard histories.",uncertain,"The retrieved text does not mention what the claim asserts, so it cannot be confirmed.",train
tc-00927,events,"In 1893, the Statue of Liberty was dedicated.",Historical records show that the Statue of Liberty was dedicated in 1886. This is widely documented.,unsupported,"The source states 1886. The claim says 1893, which does not match.",train
tc-00928,capitals,Turkey's capital is Ankara.,Textbook summary: Turkey is a country whose capital city is Ankara.,supported,"The retrieved source confirms Ankara, so the claim is supported.",val
tc-00929,formulas,H2O is the formula for carbon monoxide.,"One source says: Carbon monoxide has the chemical formula CO. Another source says: In chemistry, carbon monoxide is written as H2O.",uncertain,"Sources disagree (CO versus H2O), so the claim cannot be confirmed.",train
tc-00930,capitals,The capital of Jordan is Berlin.,Textbook summary: Peru is a country whose capital city is Lima.,uncertain,The evidence is about a different subject and does not address this claim.,val
tc-00931,capitals,The capital of Japan is Budapest.,Textbook summary: The capital of Japan is Tokyo.,unsupported,Retrieved evidence contradicts the claim: the correct value is Tokyo.,train
tc-00932,books,Les Miserables was written by Thomas Hobbes.,Victor Hugo wrote Les Miserables.,unsupported,"The source states Victor Hugo. The claim says Thomas Hobbes, which does not match.",train
tc-00933,books,The Catcher in the Rye was written by Gabriel Garcia Marquez.,Textbook summary: The Catcher in the Rye is a book by J. D. Salinger.,unsupported,"The source states J. D. Salinger. The claim says Gabriel Garcia Marquez, which does not match.",val
tc-00934,events,The Treaty of Versailles was signed in the year 1910.,"Watson and Crick published the double helix structure of DNA in 1953, according to standard histories. This is widely documented.",uncertain,"The retrieved text does not mention what the claim asserts, so it cannot be confirmed.",train
tc-00935,books,Dante Alighieri is the author of Beloved.,Dracula is a book by Bram Stoker.,uncertain,The evidence is about a different subject and does not address this claim.,test
tc-00936,elements_number,The atomic number of Argon is 30.,An atom of Argon contains 18 protons.,unsupported,Retrieved evidence contradicts the claim: the correct value is 18.,train
tc-00937,planets,Saturn is the seventh planet from the Sun.,"Reference note: In order of distance from the Sun, Saturn comes sixth.",unsupported,Retrieved evidence contradicts the claim: the correct value is sixth.,test
tc-00938,events,Christopher Columbus made his first voyage across the Atlantic in 1483.,"Sources disagree. Source A: Christopher Columbus made his first voyage across the Atlantic in 1492, according to standard histories. Source B: Christopher Columbus made his first voyage across the Atlantic in 1483, according to standard histories.",uncertain,Conflicting evidence means this claim cannot be marked supported or unsupported.,train
tc-00939,formulas,The chemical formula of sulfur dioxide is NaCl.,"In chemistry, sulfur dioxide is written as SO2.",unsupported,"The evidence gives SO2, not NaCl, so the claim is contradicted.",train
tc-00940,events,The Wall Street Crash began in the year 1929.,Historical records show that the Wall Street Crash began in 1929. This is widely documented.,supported,"The retrieved source confirms 1929, so the claim is supported.",train
tc-00941,elements_symbol,O is the symbol of the element Gold.,The standard chemical symbol for Gold is Au.,unsupported,Retrieved evidence contradicts the claim: the correct value is Au.,train
tc-00942,books,To Kill a Mockingbird was written by Harper Lee.,To Kill a Mockingbird is a book by Harper Lee. This is widely documented.,supported,The evidence directly supports the claim: it gives Harper Lee.,train
tc-00943,events,Watson and Crick published the double helix structure of DNA in 1952.,The year 1953 is when Watson and Crick published the double helix structure of DNA. This is widely documented.,unsupported,"The source states 1953. The claim says 1952, which does not match.",test
tc-00944,events,The Chernobyl nuclear disaster occurred in the year 1990.,The year 1986 is when the Chernobyl nuclear disaster occurred. This is widely documented.,unsupported,"The source states 1986. The claim says 1990, which does not match.",train
tc-00945,elements_number,Potassium has 12 protons in its nucleus.,Reference note: An atom of Potassium contains 19 protons.,unsupported,Retrieved evidence contradicts the claim: the correct value is 19.,train
tc-00946,geography,Brazil is a country in South America.,Brazil is located in South America. This is widely documented.,supported,The evidence directly supports the claim: it gives South America.,train
tc-00947,planets,"Counting outward from the Sun, Mercury is the first planet.","One source says: In order of distance from the Sun, Mercury comes first. Another source says: In order of distance from the Sun, Mercury comes third.",uncertain,Conflicting evidence means this claim cannot be marked supported or unsupported.,train
tc-00948,capitals,Berlin is the capital city of Spain.,Reference note: Morocco is a country whose capital city is Rabat.,uncertain,The evidence is insufficient to confirm or contradict the claim.,train
tc-00949,geography,Uruguay is a country in South America.,"One source says: Geographically, Uruguay lies on the continent of South America. Another source says: Uruguay is part of Asia.",uncertain,Conflicting evidence means this claim cannot be marked supported or unsupported.,train
tc-00950,capitals,Lusaka is the capital city of Ecuador.,Reference note: The capital of Ecuador is Quito.,unsupported,"The evidence gives Quito, not Lusaka, so the claim is contradicted.",train
tc-00951,elements_number,The atomic number of Mercury is 8.,"One source says: An atom of Mercury contains 80 protons. Another source says: In the periodic table, Mercury occupies position 8.",uncertain,"The evidence conflicts, giving both 80 and 8.",train
tc-00952,elements_symbol,He is the symbol of the element Tungsten.,The element Sodium is represented by the symbol Na. This is widely documented.,uncertain,"The retrieved text does not mention what the claim asserts, so it cannot be confirmed.",train
tc-00953,geography,Thailand lies on the continent of Africa.,Reference note: Poland is part of Europe.,uncertain,The evidence is about a different subject and does not address this claim.,train
tc-00954,events,World War II ended in 1945.,"Reference note: World War II ended in 1945, according to standard histories.",supported,"The evidence states 1945, which matches the claim.",train
tc-00955,formulas,CO2 is the formula for ethanol.,"Conflicting reports. First report: In chemistry, ethanol is written as C2H5OH. Second report: The standard formula for ethanol is CO2.",uncertain,"The evidence conflicts, giving both C2H5OH and CO2.",train
tc-00956,capitals,Lima is the capital city of Peru.,Peru is a country whose capital city is Lima. This is widely documented.,supported,The evidence directly supports the claim: it gives Lima.,train
tc-00957,events,"In 1888, the Eiffel Tower was completed.","Textbook summary: The Eiffel Tower was completed in 1889, according to standard histories.",unsupported,Retrieved evidence contradicts the claim: the correct value is 1889.,train
tc-00958,events,"In 1962, the Cuban Missile Crisis took place.","The Space Shuttle Challenger disaster occurred in 1986, according to standard histories.",uncertain,The evidence is insufficient to confirm or contradict the claim.,val
tc-00959,capitals,The capital of Ukraine is Kyiv.,Sources disagree. Source A: The capital of Ukraine is Kyiv. Source B: Mexico City is the capital city of Ukraine.,uncertain,"Sources disagree (Kyiv versus Mexico City), so the claim cannot be confirmed.",test
tc-00960,capitals,Nigeria's capital is Abuja.,Textbook summary: The capital of Nigeria is Abuja.,supported,"The retrieved source confirms Abuja, so the claim is supported.",train
tc-00961,formulas,NH3 is the formula for ammonia.,"Textbook summary: In chemistry, ammonia is written as NH3.",supported,"The retrieved source confirms NH3, so the claim is supported.",train
tc-00962,events,"In 1914, World War I began.",Reference note: The year 1914 is when World War I began.,supported,The evidence directly supports the claim: it gives 1914.,train
tc-00963,books,James Joyce is the author of The Divine Comedy.,Dante Alighieri wrote The Divine Comedy.,unsupported,"The evidence gives Dante Alighieri, not James Joyce, so the claim is contradicted.",train
tc-00964,events,Apollo 11 landed the first humans on the Moon in 1971.,"Apollo 11 landed the first humans on the Moon in 1969, according to standard histories.",unsupported,Retrieved evidence contradicts the claim: the correct value is 1969.,train
tc-00965,books,Homer is the author of The Odyssey.,Reference note: The work The Odyssey was authored by Homer.,supported,"The evidence states Homer, which matches the claim.",train
tc-00966,capitals,The capital of Zimbabwe is Ankara.,Reference works list Harare as the capital of Zimbabwe.,unsupported,Retrieved evidence contradicts the claim: the correct value is Harare.,train
tc-00967,events,"In 2016, the United Kingdom held its Brexit referendum.",Historical records show that the Suez Canal opened in 1869.,uncertain,"The retrieved text does not mention what the claim asserts, so it cannot be confirmed.",train
tc-00968,capitals,The capital of Thailand is Lisbon.,Textbook summary: Reference works list Bangkok as the capital of Thailand.,unsupported,"The source states Bangkok. The claim says Lisbon, which does not match.",val
tc-00969,events,"In 1896, the first modern Olympic Games were held in Athens.","One source says: Historical records show that the first modern Olympic Games were held in Athens in 1896. Another source says: The first modern Olympic Games were held in Athens in 1908, according to standard histories.",uncertain,Conflicting evidence means this claim cannot be marked supported or unsupported.,test
tc-00970,elements_symbol,Zn is the symbol of the element Zinc.,One source says: The standard chemical symbol for Zinc is Zn. Another source says: Zinc is abbreviated Ag in the periodic table.,uncertain,Conflicting evidence means this claim cannot be marked supported or unsupported.,train
tc-00971,elements_symbol,Ni is the symbol of the element Tin.,Textbook summary: The standard chemical symbol for Tin is Sn.,unsupported,"The evidence gives Sn, not Ni, so the claim is contradicted.",train
tc-00972,capitals,The capital of China is Beijing.,Textbook summary: China is a country whose capital city is Beijing.,supported,The evidence directly supports the claim: it gives Beijing.,train
tc-00973,events,"In 1930, the Wall Street Crash began.","The Wall Street Crash began in 1929, according to standard histories.",unsupported,Retrieved evidence contradicts the claim: the correct value is 1929.,train
tc-00974,geography,Sweden lies on the continent of Europe.,Chile is part of South America. This is widely documented.,uncertain,"The retrieved text does not mention what the claim asserts, so it cannot be confirmed.",val
tc-00975,formulas,Ammonia has the formula NH3.,"Sources disagree. Source A: The standard formula for ammonia is NH3. Source B: In chemistry, ammonia is written as HCl.",uncertain,"Sources disagree (NH3 versus HCl), so the claim cannot be confirmed.",train
tc-00976,geography,Argentina is in Europe.,"Textbook summary: Geographically, Argentina lies on the continent of South America.",unsupported,Retrieved evidence contradicts the claim: the correct value is South America.,train
tc-00977,elements_number,The atomic number of Nickel is 7.,Nickel is the chemical element with atomic number 28.,unsupported,Retrieved evidence contradicts the claim: the correct value is 28.,train
tc-00978,capitals,The capital of Hungary is Budapest.,The capital of Hungary is Budapest. This is widely documented.,supported,The evidence directly supports the claim: it gives Budapest.,train
tc-00979,elements_number,Cobalt has 92 protons in its nucleus.,Textbook summary: Cobalt is the chemical element with atomic number 27.,unsupported,"The source states 27. The claim says 92, which does not match.",train
tc-00980,elements_number,Oxygen has 8 protons in its nucleus.,Reference note: Oxygen is the chemical element with atomic number 8.,supported,"The evidence states 8, which matches the claim.",train
tc-00981,capitals,Paris is the capital city of the Philippines.,Textbook summary: Reference works list Manila as the capital of the Philippines.,unsupported,"The source states Manila. The claim says Paris, which does not match.",train
tc-00982,books,The Great Gatsby was written by F. Scott Fitzgerald.,One source says: The Great Gatsby is a book by F. Scott Fitzgerald. Another source says: Toni Morrison wrote The Great Gatsby.,uncertain,"Sources disagree (F. Scott Fitzgerald versus Toni Morrison), so the claim cannot be confirmed.",val
tc-00983,capitals,Amman is the capital city of Jordan.,Reference note: Amman is the capital city of Jordan.,supported,The evidence directly supports the claim: it gives Amman.,val
tc-00984,planets,"Counting outward from the Sun, Saturn is the sixth planet.",Saturn is the sixth planet from the Sun in the Solar System. This is widely documented.,supported,The evidence directly supports the claim: it gives sixth.,test
tc-00985,events,"In 1936, the atomic bomb was dropped on Hiroshima.",The year 1945 is when the atomic bomb was dropped on Hiroshima. This is widely documented.,unsupported,"The evidence gives 1945, not 1936, so the claim is contradicted.",train
tc-00986,capitals,Paris is the capital city of Ecuador.,Textbook summary: The capital of Ghana is Accra.,uncertain,The evidence is insufficient to confirm or contradict the claim.,train
tc-00987,books,Madame Bovary was written by Gustave Flaubert.,Textbook summary: Madame Bovary is a book by Gustave Flaubert.,supported,The evidence directly supports the claim: it gives Gustave Flaubert.,train
tc-00988,events,The first modern Olympic Games were held in Athens in the year 1896.,"Textbook summary: The first modern Olympic Games were held in Athens in 1896, according to standard histories.",supported,"The evidence states 1896, which matches the claim.",test
tc-00989,events,The Chernobyl nuclear disaster occurred in the year 1986.,"Textbook summary: The Chernobyl nuclear disaster occurred in 1986, according to standard histories.",supported,The evidence directly supports the claim: it gives 1986.,train
tc-00990,events,The first iPhone was released in 2006.,Historical records show that the first iPhone was released in 2007.,unsupported,Retrieved evidence contradicts the claim: the correct value is 2007.,train
tc-00991,elements_symbol,Hg is the symbol of the element Nitrogen.,Textbook summary: The standard chemical symbol for Nitrogen is N.,unsupported,"The source states N. The claim says Hg, which does not match.",train
tc-00992,science,The largest ocean on Earth is the Pacific Ocean.,"One source says: By area, the Pacific Ocean is the largest ocean on Earth. Another source says: By area, the Indian Ocean is the largest ocean on Earth.",uncertain,Conflicting evidence means this claim cannot be marked supported or unsupported.,train
tc-00993,elements_symbol,Li is the symbol of the element Lithium.,Conflicting reports. First report: Lithium is abbreviated Li in the periodic table. Second report: The element Lithium is represented by the symbol Ar.,uncertain,Conflicting evidence means this claim cannot be marked supported or unsupported.,test
tc-00994,elements_symbol,The chemical symbol for Sodium is Mg.,The standard chemical symbol for Sodium is Na.,unsupported,"The source states Na. The claim says Mg, which does not match.",train
tc-00995,elements_number,Cobalt is element number 27.,"Reference note: In the periodic table, Cobalt occupies position 27.",supported,The evidence directly supports the claim: it gives 27.,train
tc-00996,elements_symbol,The chemical symbol for Iodine is Ti.,The element Iodine is represented by the symbol I.,unsupported,"The source states I. The claim says Ti, which does not match.",train
tc-00997,science,Water freezes at 4 degrees Celsius at standard pressure.,"Reference note: At standard pressure, water freezes at 0 degrees Celsius.",unsupported,"The source states 0 degrees Celsius. The claim says 4 degrees Celsius, which does not match.",train
tc-00998,elements_number,Lithium is element number 12.,"Reference note: In the periodic table, Lithium occupies position 3.",unsupported,"The evidence gives 3, not 12, so the claim is contradicted.",val
tc-00999,events,India gained independence from British rule in 1935.,The year 1990 is when Nelson Mandela was released from prison. This is widely documented.,uncertain,The evidence is about a different subject and does not address this claim.,train
tc-01000,books,Charlotte Bronte is the author of Jane Eyre.,Conflicting reports. First report: Charlotte Bronte wrote Jane Eyre. Second report: Jane Austen wrote Jane Eyre.,uncertain,"Sources disagree (Charlotte Bronte versus Jane Austen), so the claim cannot be confirmed.",train
tc-01001,geography,Kenya lies on the continent of South America.,"Reference note: Geographically, Peru lies on the continent of South America.",uncertain,"The retrieved text does not mention what the claim asserts, so it cannot be confirmed.",train
tc-01002,books,The author of Les Miserables is Victor Hugo.,Conflicting reports. First report: The work Les Miserables was authored by Victor Hugo. Second report: The work Les Miserables was authored by James Joyce.,uncertain,"Sources disagree (Victor Hugo versus James Joyce), so the claim cannot be confirmed.",train
tc-01003,events,"In 1931, the Wall Street Crash began.",Reference note: The year 1929 is when the Wall Street Crash began.,unsupported,"The evidence gives 1929, not 1931, so the claim is contradicted.",train
tc-01004,events,The Soviet Union was dissolved in 1989.,"Sources disagree. Source A: The year 1991 is when the Soviet Union was dissolved. Source B: The Soviet Union was dissolved in 1989, according to standard histories.",uncertain,"Sources disagree (1991 versus 1989), so the claim cannot be confirmed.",train
tc-01005,events,"In 1889, the first modern Olympic Games were held in Athens.",Historical records show that the first modern Olympic Games were held in Athens in 1896. This is widely documented.,unsupported,Retrieved evidence contradicts the claim: the correct value is 1896.,test
tc-01006,events,The United States Declaration of Independence was adopted in 1779.,"Reference note: The United States Declaration of Independence was adopted in 1776, according to standard histories.",unsupported,"The evidence gives 1776, not 1779, so the claim is contradicted.",train
tc-01007,elements_number,Argon has 18 protons in its nucleus.,An atom of Argon contains 18 protons. This is widely documented.,supported,"The evidence states 18, which matches the claim.",train
tc-01008,capitals,The capital of Slovenia is Ljubljana.,Reference works list Ljubljana as the capital of Slovenia.,supported,"The retrieved source confirms Ljubljana, so the claim is supported.",train
tc-01009,elements_symbol,Al is the symbol of the element Aluminium.,Reference note: Aluminium is abbreviated Al in the periodic table.,supported,"The retrieved source confirms Al, so the claim is supported.",train
tc-01010,science,"Mount Everest rises about 7,200 metres above sea level.",The adult human skeleton is made up of 206 bones.,uncertain,The evidence is about a different subject and does not address this claim.,val
tc-01011,geography,Ghana lies on the continent of Africa.,"Geographically, Ghana lies on the continent of Africa. This is widely documented.",supported,The evidence directly supports the claim: it gives Africa.,train
tc-01012,formulas,The chemical formula of hydrochloric acid is HCl.,Reference note: Hydrochloric acid has the chemical formula HCl.,supported,The evidence directly supports the claim: it gives HCl.,train
tc-01013,elements_number,Silicon has 8 protons in its nucleus.,"In the periodic table, Silicon occupies position 14. This is widely documented.",unsupported,Retrieved evidence contradicts the claim: the correct value is 14.,train
tc-01014,events,The Great Fire of London broke out in the year 1669.,The year 1666 is when the Great Fire of London broke out.,unsupported,"The evidence gives 1666, not 1669, so the claim is contradicted.",train
tc-01015,elements_symbol,Cu is the symbol of the element Copper.,Copper is abbreviated Cu in the periodic table.,supported,The evidence directly supports the claim: it gives Cu.,train
tc-01016,capitals,Santiago is the capital city of Chile.,Reference note: Mexico is a country whose capital city is Mexico City.,uncertain,The evidence is insufficient to confirm or contradict the claim.,train
tc-01017,books,The author of Les Miserables is Victor Hugo.,Textbook summary: Les Miserables is a book by Victor Hugo.,supported,"The evidence states Victor Hugo, which matches the claim.",train
tc-01018,science,The Solar System has eight planets.,Reference note: The Solar System contains eight recognised planets.,supported,"The evidence states eight, which matches the claim.",test
tc-01019,capitals,Prague is the capital city of the Czech Republic.,Textbook summary: Riyadh is the capital city of Saudi Arabia.,uncertain,The evidence is about a different subject and does not address this claim.,val
tc-01020,events,"In 2007, the first iPhone was released.","The first iPhone was released in 2007, according to standard histories. This is widely documented.",supported,"The retrieved source confirms 2007, so the claim is supported.",train
tc-01021,books,Homer is the author of The Odyssey.,The work The Odyssey was authored by Homer.,supported,The evidence directly supports the claim: it gives Homer.,train
tc-01022,capitals,The capital of Pakistan is Islamabad.,Textbook summary: The capital of Portugal is Lisbon.,uncertain,The evidence is insufficient to confirm or contradict the claim.,train
tc-01023,science,The human heart has three chambers.,Textbook summary: The human heart is divided into four chambers.,unsupported,"The evidence gives four chambers, not three chambers, so the claim is contradicted.",train
tc-01024,events,The Treaty of Versailles was signed in the year 1915.,Reference note: The year 1919 is when the Treaty of Versailles was signed.,unsupported,"The evidence gives 1919, not 1915, so the claim is contradicted.",train
tc-01025,science,"Light travels through a vacuum at about 3,000 kilometres per second.",The Solar System contains eight recognised planets.,uncertain,The evidence is about a different subject and does not address this claim.,train
tc-01026,events,King John sealed the Magna Carta in the year 1215.,"Reference note: King John sealed the Magna Carta in 1215, according to standard histories.",supported,"The retrieved source confirms 1215, so the claim is supported.",train
tc-01027,capitals,Ghana's capital is Accra.,Sources disagree. Source A: Accra is the capital city of Ghana. Source B: Lisbon is the capital city of Ghana.,uncertain,"The evidence conflicts, giving both Accra and Lisbon.",test
tc-01028,geography,Senegal is in Asia.,"Geographically, Senegal lies on the continent of Africa.",unsupported,Retrieved evidence contradicts the claim: the correct value is Africa.,test
tc-01029,formulas,The chemical formula of ethanol is C2H5OH.,Ethanol has the chemical formula C2H5OH.,supported,"The retrieved source confirms C2H5OH, so the claim is supported.",train
tc-01030,planets,Saturn is the seventh planet from the Sun.,Sources disagree. Source A: Saturn is the sixth planet from the Sun in the Solar System. Source B: Saturn is the seventh planet from the Sun in the Solar System.,uncertain,Conflicting evidence means this claim cannot be marked supported or unsupported.,test
tc-01031,formulas,Table salt has the formula C2H5OH.,Reference note: Table salt has the chemical formula NaCl.,unsupported,Retrieved evidence contradicts the claim: the correct value is NaCl.,train
tc-01032,elements_number,Beryllium has 17 protons in its nucleus.,Textbook summary: Beryllium is the chemical element with atomic number 4.,unsupported,"The evidence gives 4, not 17, so the claim is contradicted.",train
tc-01033,formulas,HNO3 is the formula for nitric acid.,The standard formula for nitric acid is HNO3.,supported,"The retrieved source confirms HNO3, so the claim is supported.",train
tc-01034,events,Euro banknotes and coins entered circulation in 2002.,"Conflicting reports. First report: The year 2002 is when euro banknotes and coins entered circulation. Second report: Euro banknotes and coins entered circulation in 2004, according to standard histories.",uncertain,Conflicting evidence means this claim cannot be marked supported or unsupported.,train
tc-01035,capitals,Russia's capital is Berlin.,Reference note: The capital of Mongolia is Ulaanbaatar.,uncertain,The evidence is about a different subject and does not address this claim.,test
tc-01036,planets,"Counting outward from the Sun, Mercury is the first planet.","Textbook summary: In order of distance from the Sun, Mercury comes first.",supported,The evidence directly supports the claim: it gives first.,train
tc-01037,books,Toni Morrison is the author of To Kill a Mockingbird.,Reference note: To Kill a Mockingbird is a book by Harper Lee.,unsupported,"The source states Harper Lee. The claim says Toni Morrison, which does not match.",train
tc-01038,planets,"Counting outward from the Sun, Venus is the fifth planet.",Venus is the second planet from the Sun in the Solar System. This is widely documented.,unsupported,Retrieved evidence contradicts the claim: the correct value is second.,train
tc-01039,capitals,The capital of Ireland is Lima.,Dublin is the capital city of Ireland. This is widely documented.,unsupported,Retrieved evidence contradicts the claim: the correct value is Dublin.,train
tc-01040,geography,Norway lies on the continent of North America.,"Geographically, Norway lies on the continent of Europe. This is widely documented.",unsupported,"The evidence gives Europe, not North America, so the claim is contradicted.",train
tc-01041,elements_number,Platinum has 47 protons in its nucleus.,Platinum is the chemical element with atomic number 78.,unsupported,"The evidence gives 78, not 47, so the claim is contradicted.",train
tc-01042,elements_symbol,The chemical symbol for Hydrogen is Ni.,Reference note: The element Hydrogen is represented by the symbol H.,unsupported,"The evidence gives H, not Ni, so the claim is contradicted.",val
tc-01043,capitals,Thailand's capital is Bangkok.,The capital of Thailand is Bangkok. This is widely documented.,supported,The evidence directly supports the claim: it gives Bangkok.,val
tc-01044,events,"In 1924, the Treaty of Versailles was signed.",One source says: The year 1919 is when the Treaty of Versailles was signed. Another source says: The year 1924 is when the Treaty of Versailles was signed.,uncertain,"The evidence conflicts, giving both 1919 and 1924.",train
tc-01045,geography,Fiji is a country in Oceania.,Sources disagree. Source A: Fiji is part of Oceania. Source B: Fiji is part of Africa.,uncertain,"The evidence conflicts, giving both Oceania and Africa.",train
tc-01046,formulas,The chemical formula of nitric acid is HNO3.,Nitric acid has the chemical formula HNO3. This is widely documented.,supported,The evidence directly supports the claim: it gives HNO3.,train
tc-01047,geography,Argentina lies on the continent of South America.,Textbook summary: Tanzania is part of Africa.,uncertain,The evidence is insufficient to confirm or contradict the claim.,train
tc-01048,geography,Tanzania is in South America.,"Geographically, Tanzania lies on the continent of Africa. This is widely documented.",unsupported,"The source states Africa. The claim says South America, which does not match.",test
tc-01049,formulas,The chemical formula of ammonia is NH3.,Textbook summary: Ammonia has the chemical formula NH3.,supported,"The retrieved source confirms NH3, so the claim is supported.",train
tc-01050,geography,Mexico is a country in North America.,One source says: Mexico is part of North America. Another source says: Mexico is part of Oceania.,uncertain,"The evidence conflicts, giving both North America and Oceania.",train
tc-01051,capitals,Bucharest is the capital city of Romania.,Reference note: Romania is a country whose capital city is Bucharest.,supported,"The retrieved source confirms Bucharest, so the claim is supported.",val
tc-01052,planets,"Counting outward from the Sun, Jupiter is the fifth planet.","One source says: In order of distance from the Sun, Jupiter comes fifth. Another source says: Jupiter is the seventh planet from the Sun in the Solar System.",uncertain,"The evidence conflicts, giving both fifth and seventh.",train
tc-01053,events,"In 2017, the United Kingdom held its Brexit referendum.",The year 2016 is when the United Kingdom held its Brexit referendum. This is widely documented.,unsupported,"The source states 2016. The claim says 2017, which does not match.",train
tc-01054,capitals,The capital of Libya is Tripoli.,Textbook summary: Reference works list Tripoli as the capital of Libya.,supported,The evidence directly supports the claim: it gives Tripoli.,train
tc-01055,events,The Berlin Wall was built in the year 1963.,Historical records show that the Berlin Wall was built in 1961. This is widely documented.,unsupported,"The source states 1961. The claim says 1963, which does not match.",val
tc-01056,events,"In 1912, the Titanic sank.",Textbook summary: Historical records show that the Titanic sank in 1912.,supported,"The retrieved source confirms 1912, so the claim is supported.",train
tc-01057,capitals,The capital of Turkey is Tehran.,Turkey is a country whose capital city is Ankara.,unsupported,"The evidence gives Ankara, not Tehran, so the claim is contradicted.",val
tc-01058,books,F. Scott Fitzgerald is the author of Animal Farm.,Textbook summary: George Orwell wrote Animal Farm.,unsupported,Retrieved evidence contradicts the claim: the correct value is George Orwell.,train
tc-01059,capitals,Bratislava is the capital city of Angola.,Conflicting reports. First report: The capital of Angola is Luanda. Second report: Angola is a country whose capital city is Bratislava.,uncertain,Conflicting evidence means this claim cannot be marked supported or unsupported.,train
tc-01060,geography,Spain is in Europe.,"Geographically, Spain lies on the continent of Europe.",supported,"The retrieved source confirms Europe, so the claim is supported.",val
tc-01061,geography,Mexico is a country in Europe.,"Geographically, Mexico lies on the continent of North America.",unsupported,"The source states North America. The claim says Europe, which does not match.",train
tc-01062,elements_symbol,The chemical symbol for Sodium is Ag.,The element Sodium is represented by the symbol Na.,unsupported,"The source states Na. The claim says Ag, which does not match.",train
tc-01063,books,Frankenstein was written by Mary Shelley.,Mary Shelley wrote Frankenstein.,supported,"The retrieved source confirms Mary Shelley, so the claim is supported.",train
tc-01064,elements_symbol,He is the symbol of the element Uranium.,Reference note: Nitrogen is abbreviated N in the periodic table.,uncertain,The evidence is insufficient to confirm or contradict the claim.,train
tc-01065,events,The Chernobyl nuclear disaster occurred in the year 1977.,"Reference note: The atomic bomb was dropped on Hiroshima in 1945, according to standard histories.",uncertain,The evidence is about a different subject and does not address this claim.,train
tc-01066,events,Nelson Mandela was released from prison in the year 1978.,"Reference note: Euro banknotes and coins entered circulation in 2002, according to standard histories.",uncertain,"The retrieved text does not mention what the claim asserts, so it cannot be confirmed.",train
tc-01067,formulas,Nitric acid has the formula HNO3.,Reference note: Nitric acid has the chemical formula HNO3.,supported,The evidence directly supports the claim: it gives HNO3.,train
tc-01068,books,Charles Darwin is the author of On the Origin of Species.,The work On the Origin of Species was authored by Charles Darwin.,supported,"The retrieved source confirms Charles Darwin, so the claim is supported.",train
tc-01069,books,The author of Ulysses is Dante Alighieri.,The work The Republic was authored by Plato. This is widely documented.,uncertain,The evidence is insufficient to confirm or contradict the claim.,train
tc-01070,elements_symbol,N is the symbol of the element Nitrogen.,The element Nitrogen is represented by the symbol N.,supported,"The evidence states N, which matches the claim.",train
tc-01071,planets,Mercury is the first planet from the Sun.,One source says: Mercury is the first planet from the Sun in the Solar System. Another source says: Mercury is the second planet from the Sun in the Solar System.,uncertain,"The evidence conflicts, giving both first and second.",train
tc-01072,capitals,Peru's capital is Lima.,Peru is a country whose capital city is Lima.,supported,"The retrieved source confirms Lima, so the claim is supported.",train
tc-01073,elements_number,The atomic number of Lead is 82.,Textbook summary: Lead is the chemical element with atomic number 82.,supported,"The evidence states 82, which matches the claim.",val
tc-01074,events,"In 1066, the Battle of Hastings was fought.",The year 1066 is when the Battle of Hastings was fought. This is widely documented.,supported,"The retrieved source confirms 1066, so the claim is supported.",train
tc-01075,books,The author of Things Fall Apart is Chinua Achebe.,Sources disagree. Source A: The work Things Fall Apart was authored by Chinua Achebe. Source B: Aldous Huxley wrote Things Fall Apart.,uncertain,"Sources disagree (Chinua Achebe versus Aldous Huxley), so the claim cannot be confirmed.",train
tc-01076,capitals,Brussels is the capital city of Portugal.,Portugal is a country whose capital city is Lisbon. This is widely documented.,unsupported,Retrieved evidence contradicts the claim: the correct value is Lisbon.,train
tc-01077,books,On the Origin of Species was written by Toni Morrison.,Textbook summary: Charles Darwin wrote On the Origin of Species.,unsupported,"The source states Charles Darwin. The claim says Toni Morrison, which does not match.",train
tc-01078,elements_symbol,The chemical symbol for Tungsten is W.,Reference note: The standard chemical symbol for Tungsten is W.,supported,"The evidence states W, which matches the claim.",train
tc-01079,elements_symbol,The chemical symbol for Nitrogen is O.,The element Nitrogen is represented by the symbol N.,unsupported,"The evidence gives N, not O, so the claim is contradicted.",train
tc-01080,capitals,The capital of Uruguay is Montevideo.,The capital of Uruguay is Montevideo.,supported,"The retrieved source confirms Montevideo, so the claim is supported.",train
tc-01081,capitals,Kathmandu is the capital city of Malaysia.,One source says: Kuala Lumpur is the capital city of Malaysia. Another source says: Reference works list Kathmandu as the capital of Malaysia.,uncertain,"Sources disagree (Kuala Lumpur versus Kathmandu), so the claim cannot be confirmed.",train
tc-01082,elements_symbol,The chemical symbol for Silicon is Mg.,The element Silicon is represented by the symbol Si. This is widely documented.,unsupported,"The evidence gives Si, not Mg, so the claim is contradicted.",train
tc-01083,events,"In 1224, King John sealed the Magna Carta.",One source says: The year 1215 is when King John sealed the Magna Carta. Another source says: The year 1224 is when King John sealed the Magna Carta.,uncertain,"The evidence conflicts, giving both 1215 and 1224.",train
tc-01084,elements_symbol,H is the symbol of the element Magnesium.,The standard chemical symbol for Argon is Ar. This is widely documented.,uncertain,The evidence is insufficient to confirm or contradict the claim.,test
tc-01085,books,Charles Darwin is the author of On the Origin of Species.,Textbook summary: On the Origin of Species is a book by Charles Darwin.,supported,The evidence directly supports the claim: it gives Charles Darwin.,train
tc-01086,geography,Germany lies on the continent of Europe.,Reference note: Germany is part of Europe.,supported,"The evidence states Europe, which matches the claim.",train
tc-01087,capitals,The capital of Brazil is Brasilia.,The capital of Brazil is Brasilia.,supported,"The retrieved source confirms Brasilia, so the claim is supported.",train
tc-01088,events,The Great Fire of London broke out in 1659.,Historical records show that the Great Fire of London broke out in 1666. This is widely documented.,unsupported,"The source states 1666. The claim says 1659, which does not match.",train
tc-01089,books,One Hundred Years of Solitude was written by Gabriel Garcia Marquez.,Reference note: Gabriel Garcia Marquez wrote One Hundred Years of Solitude.,supported,"The evidence states Gabriel Garcia Marquez, which matches the claim.",test
tc-01090,formulas,CH4 is the formula for methane.,Textbook summary: The standard formula for methane is CH4.,supported,"The evidence states CH4, which matches the claim.",train
tc-01091,capitals,The capital of Jordan is Amman.,Reference works list Amman as the capital of Jordan.,supported,"The retrieved source confirms Amman, so the claim is supported.",val
tc-01092,geography,Norway lies on the continent of Oceania.,Sources disagree. Source A: Norway is located in Europe. Source B: Norway is part of Oceania.,uncertain,"Sources disagree (Europe versus Oceania), so the claim cannot be confirmed.",train
tc-01093,books,The Hobbit was written by J. R. R. Tolkien.,The Hobbit is a book by J. R. R. Tolkien. This is widely documented.,supported,"The retrieved source confirms J. R. R. Tolkien, so the claim is supported.",train
tc-01094,events,The Great Fire of London broke out in the year 1654.,Historical records show that the United Kingdom held its Brexit referendum in 2016.,uncertain,The evidence is about a different subject and does not address this claim.,train
tc-01095,events,The Battle of Hastings was fought in the year 1073.,The year 1066 is when the Battle of Hastings was fought.,unsupported,"The evidence gives 1066, not 1073, so the claim is contradicted.",train
tc-01096,formulas,The chemical formula of hydrogen peroxide is H2O.,Textbook summary: Hydrochloric acid has the chemical formula HCl.,uncertain,"The retrieved text does not mention what the claim asserts, so it cannot be confirmed.",train
tc-01097,capitals,The capital of the Philippines is Quito.,Reference note: Reference works list Manila as the capital of the Philippines.,unsupported,Retrieved evidence contradicts the claim: the correct value is Manila.,train
tc-01098,capitals,Lusaka is the capital city of Iceland.,Textbook summary: Reykjavik is the capital city of Iceland.,unsupported,"The evidence gives Reykjavik, not Lusaka, so the claim is contradicted.",train
tc-01099,books,The author of The Divine Comedy is F. Scott Fitzgerald.,One source says: The Divine Comedy is a book by Dante Alighieri. Another source says: The work The Divine Comedy was authored by F. Scott Fitzgerald.,uncertain,"Sources disagree (Dante Alighieri versus F. Scott Fitzgerald), so the claim cannot be confirmed.",train
tc-01100,books,The author of The Great Gatsby is Victor Hugo.,Conflicting reports. First report: F. Scott Fitzgerald wrote The Great Gatsby. Second report: Victor Hugo wrote The Great Gatsby.,uncertain,Conflicting evidence means this claim cannot be marked supported or unsupported.,val
tc-01101,capitals,The capital of Lebanon is Beirut.,Reference note: Beirut is the capital city of Lebanon.,supported,"The retrieved source confirms Beirut, so the claim is supported.",train
tc-01102,capitals,Nigeria's capital is Abuja.,Textbook summary: Reference works list Abuja as the capital of Nigeria.,supported,"The evidence states Abuja, which matches the claim.",train
tc-01103,capitals,Ljubljana is the capital city of India.,Reference works list New Delhi as the capital of India.,unsupported,"The source states New Delhi. The claim says Ljubljana, which does not match.",test
tc-01104,capitals,Italy's capital is Paris.,Reference works list Algiers as the capital of Algeria. This is widely documented.,uncertain,The evidence is insufficient to confirm or contradict the claim.,train
tc-01105,capitals,Lisbon is the capital city of Portugal.,One source says: Lisbon is the capital city of Portugal. Another source says: Reference works list Tehran as the capital of Portugal.,uncertain,Conflicting evidence means this claim cannot be marked supported or unsupported.,train
tc-01106,elements_number,The atomic number of Uranium is 92.,Textbook summary: An atom of Uranium contains 92 protons.,supported,The evidence directly supports the claim: it gives 92.,train
tc-01107,events,"In 1991, the Chernobyl nuclear disaster occurred.",Historical records show that the Chernobyl nuclear disaster occurred in 1986.,unsupported,"The evidence gives 1986, not 1991, so the claim is contradicted.",train
tc-01108,books,Chinua Achebe is the author of Things Fall Apart.,The work Things Fall Apart was authored by Chinua Achebe. This is widely documented.,supported,The evidence directly supports the claim: it gives Chinua Achebe.,train
tc-01109,science,The Solar System has nine planets.,Sources disagree. Source A: The Solar System contains eight recognised planets. Source B: The Solar System contains nine recognised planets.,uncertain,Conflicting evidence means this claim cannot be marked supported or unsupported.,test
tc-01110,geography,Japan is in Oceania.,Reference note: Japan is part of Asia.,unsupported,"The source states Asia. The claim says Oceania, which does not match.",train
tc-01111,capitals,The capital of Ethiopia is Algiers.,Addis Ababa is the capital city of Ethiopia.,unsupported,"The evidence gives Addis Ababa, not Algiers, so the claim is contradicted.",train
tc-01112,books,The author of Dracula is Aldous Huxley.,Bram Stoker wrote Dracula.,unsupported,"The source states Bram Stoker. The claim says Aldous Huxley, which does not match.",train
tc-01113,elements_symbol,Ag is the symbol of the element Silver.,Textbook summary: Silver is abbreviated Ag in the periodic table.,supported,"The evidence states Ag, which matches the claim.",train
tc-01114,capitals,Berlin is the capital city of Bulgaria.,The capital of Senegal is Dakar. This is widely documented.,uncertain,"The retrieved text does not mention what the claim asserts, so it cannot be confirmed.",train
tc-01115,capitals,The capital of Lithuania is Vilnius.,Reference note: Vilnius is the capital city of Lithuania.,supported,The evidence directly supports the claim: it gives Vilnius.,train
tc-01116,events,"In 1492, Christopher Columbus made his first voyage across the Atlantic.",Textbook summary: The year 1945 is when the atomic bomb was dropped on Hiroshima.,uncertain,The evidence is insufficient to confirm or contradict the claim.,train
tc-01117,elements_symbol,He is the symbol of the element Helium.,Textbook summary: The element Helium is represented by the symbol He.,supported,"The evidence states He, which matches the claim.",train
tc-01118,elements_symbol,The chemical symbol for Boron is B.,The element Boron is represented by the symbol B. This is widely documented.,supported,"The evidence states B, which matches the claim.",val
tc-01119,geography,Fiji lies on the continent of South America.,"Geographically, Fiji lies on the continent of Oceania. This is widely documented.",unsupported,Retrieved evidence contradicts the claim: the correct value is Oceania.,train
tc-01120,elements_number,The atomic number of Fluorine is 15.,An atom of Fluorine contains 9 protons.,unsupported,Retrieved evidence contradicts the claim: the correct value is 9.,train
tc-01121,science,"Mount Everest rises about 8,849 metres above sea level.","Reference note: The official height of Mount Everest is about 8,849 metres above sea level.",supported,"The evidence directly supports the claim: it gives 8,849 metres.",val
tc-01122,events,The Treaty of Versailles was signed in 1919.,Historical records show that the first iPhone was released in 2007.,uncertain,The evidence is about a different subject and does not address this claim.,train
tc-01123,events,"In 1914, World War I began.",Historical records show that World War I began in 1914.,supported,"The retrieved source confirms 1914, so the claim is supported.",train
tc-01124,events,"In 1054, the Battle of Hastings was fought.",Historical records show that Watson and Crick published the double helix structure of DNA in 1953. This is widely documented.,uncertain,"The retrieved text does not mention what the claim asserts, so it cannot be confirmed.",train
tc-01125,events,"In 1928, Alexander Fleming discovered penicillin.","Reference note: Alexander Fleming discovered penicillin in 1928, according to standard histories.",supported,"The evidence states 1928, which matches the claim.",train
tc-01126,books,The author of The Republic is Aldous Huxley.,Reference note: The work The Republic was authored by Plato.,unsupported,Retrieved evidence contradicts the claim: the correct value is Plato.,train
tc-01127,books,The author of Moby-Dick is William Shakespeare.,Textbook summary: The work Moby-Dick was authored by Herman Melville.,unsupported,"The evidence gives Herman Melville, not William Shakespeare, so the claim is contradicted.",train
tc-01128,events,Christopher Columbus made his first voyage across the Atlantic in the year 1480.,Reference note: The year 1961 is when the Berlin Wall was built.,uncertain,The evidence is about a different subject and does not address this claim.,train
tc-01129,capitals,Mexico's capital is Berlin.,The capital of Bangladesh is Dhaka.,uncertain,The evidence is about a different subject and does not address this claim.,train
tc-01130,formulas,Ethanol has the formula C2H5OH.,"In chemistry, ethanol is written as C2H5OH.",supported,The evidence directly supports the claim: it gives C2H5OH.,train
tc-01131,books,Jane Austen is the author of Pride and Prejudice.,Reference note: One Hundred Years of Solitude is a book by Gabriel Garcia Marquez.,uncertain,"The retrieved text does not mention what the claim asserts, so it cannot be confirmed.",train
tc-01132,elements_symbol,Hg is the symbol of the element Mercury.,One source says: Mercury is abbreviated Hg in the periodic table. Another source says: The standard chemical symbol for Mercury is Fe.,uncertain,Conflicting evidence means this claim cannot be marked supported or unsupported.,test
tc-01133,elements_number,The atomic number of Calcium is 82.,Sources disagree. Source A: Calcium is the chemical element with atomic number 20. Source B: Calcium is the chemical element with atomic number 82.,uncertain,"The evidence conflicts, giving both 20 and 82.",train
tc-01134,formulas,Glucose has the formula C6H12O6.,"Textbook summary: In chemistry, glucose is written as C6H12O6.",supported,The evidence directly supports the claim: it gives C6H12O6.,train
tc-01135,capitals,Santiago is the capital city of Chile.,Sources disagree. Source A: Santiago is the capital city of Chile. Source B: Algiers is the capital city of Chile.,uncertain,"The evidence conflicts, giving both Santiago and Algiers.",train
tc-01136,capitals,The United Kingdom's capital is Berlin.,Reference note: Tallinn is the capital city of Estonia.,uncertain,"The retrieved text does not mention what the claim asserts, so it cannot be confirmed.",train
tc-01137,events,Christopher Columbus made his first voyage across the Atlantic in the year 1495.,Reference note: Historical records show that Christopher Columbus made his first voyage across the Atlantic in 1492.,unsupported,"The evidence gives 1492, not 1495, so the claim is contradicted.",train
tc-01138,geography,Jamaica is a country in Europe.,"Textbook summary: Geographically, Jamaica lies on the continent of North America.",unsupported,"The evidence gives North America, not Europe, so the claim is contradicted.",val
tc-01139,capitals,Nepal's capital is Kathmandu.,Reference note: New Delhi is the capital city of India.,uncertain,The evidence is insufficient to confirm or contradict the claim.,train
tc-01140,books,The Catcher in the Rye was written by Plato.,The work The Odyssey was authored by Homer. This is widely documented.,uncertain,The evidence is insufficient to confirm or contradict the claim.,val
tc-01141,capitals,Bratislava is the capital city of Afghanistan.,Reference works list Kabul as the capital of Afghanistan.,unsupported,Retrieved evidence contradicts the claim: the correct value is Kabul.,test
tc-01142,elements_symbol,Hg is the symbol of the element Mercury.,The element Mercury is represented by the symbol Hg. This is widely documented.,supported,"The retrieved source confirms Hg, so the claim is supported.",test
tc-01143,science,The largest planet in the Solar System is Earth.,Jupiter is the largest planet in the Solar System.,unsupported,"The evidence gives Jupiter, not Earth, so the claim is contradicted.",train
tc-01144,capitals,Quito is the capital city of Ecuador.,Textbook summary: Ecuador is a country whose capital city is Quito.,supported,"The evidence states Quito, which matches the claim.",train
tc-01145,elements_symbol,Li is the symbol of the element Lithium.,Reference note: The element Lithium is represented by the symbol Li.,supported,The evidence directly supports the claim: it gives Li.,test
tc-01146,formulas,Baking soda has the formula H2O.,Carbon dioxide has the chemical formula CO2.,uncertain,The evidence is insufficient to confirm or contradict the claim.,train
tc-01147,geography,Indonesia is a country in Asia.,Textbook summary: Indonesia is part of Asia.,supported,The evidence directly supports the claim: it gives Asia.,train
tc-01148,formulas,HCl is the formula for hydrochloric acid.,"One source says: Hydrochloric acid has the chemical formula HCl. Another source says: In chemistry, hydrochloric acid is written as H2O.",uncertain,"The evidence conflicts, giving both HCl and H2O.",train
tc-01149,formulas,Carbon monoxide has the formula CO.,Reference note: The standard formula for carbon monoxide is CO.,supported,"The retrieved source confirms CO, so the claim is supported.",train
tc-01150,events,The Berlin Wall was built in 1958.,Historical records show that the Berlin Wall was built in 1961.,unsupported,Retrieved evidence contradicts the claim: the correct value is 1961.,val
tc-01151,elements_number,Carbon has 6 protons in its nucleus.,"In the periodic table, Hydrogen occupies position 1.",uncertain,The evidence is about a different subject and does not address this claim.,train
tc-01152,events,Christopher Columbus made his first voyage across the Atlantic in 1492.,Historical records show that Christopher Columbus made his first voyage across the Atlantic in 1492.,supported,"The retrieved source confirms 1492, so the claim is supported.",train
tc-01153,capitals,Peru's capital is Paris.,Textbook summary: The capital of Algeria is Algiers.,uncertain,The evidence is insufficient to confirm or contradict the claim.,train
tc-01154,events,"In 2019, the United Kingdom held its Brexit referendum.",The year 2016 is when the United Kingdom held its Brexit referendum.,unsupported,"The source states 2016. The claim says 2019, which does not match.",train
tc-01155,events,The Panama Canal opened in the year 1914.,Sources disagree. Source A: Historical records show that the Panama Canal opened in 1914. Source B: The year 1921 is when the Panama Canal opened.,uncertain,"The evidence conflicts, giving both 1914 and 1921.",train
tc-01156,planets,"Counting outward from the Sun, Saturn is the first planet.","Reference note: In order of distance from the Sun, Saturn comes sixth.",unsupported,"The source states sixth. The claim says first, which does not match.",test
tc-01157,events,Nelson Mandela was released from prison in 1990.,Reference note: Historical records show that Nelson Mandela was released from prison in 1990.,supported,"The evidence states 1990, which matches the claim.",train
tc-01158,planets,"Counting outward from the Sun, Earth is the third planet.","Reference note: In order of distance from the Sun, Earth comes third.",supported,"The evidence states third, which matches the claim.",train
tc-01159,events,"In 1953, Watson and Crick published the double helix structure of DNA.",Textbook summary: Historical records show that Watson and Crick published the double helix structure of DNA in 1953.,supported,"The retrieved source confirms 1953, so the claim is supported.",test
tc-01160,books,Aldous Huxley is the author of The Catcher in the Rye.,Textbook summary: The work The Catcher in the Rye was authored by J. D. Salinger.,unsupported,"The evidence gives J. D. Salinger, not Aldous Huxley, so the claim is contradicted.",val
tc-01161,capitals,The capital of Venezuela is Caracas.,Reference works list Caracas as the capital of Venezuela.,supported,"The retrieved source confirms Caracas, so the claim is supported.",train
tc-01162,capitals,Tunis is the capital city of Mongolia.,Ulaanbaatar is the capital city of Mongolia.,unsupported,"The source states Ulaanbaatar. The claim says Tunis, which does not match.",train
tc-01163,capitals,Riyadh is the capital city of Poland.,The capital of Poland is Warsaw. This is widely documented.,unsupported,Retrieved evidence contradicts the claim: the correct value is Warsaw.,test
tc-01164,formulas,H2O2 is the formula for glucose.,"Conflicting reports. First report: In chemistry, glucose is written as C6H12O6. Second report: The standard formula for glucose is H2O2.",uncertain,"The evidence conflicts, giving both C6H12O6 and H2O2.",train
tc-01165,events,The Curiosity rover landed on Mars in the year 2012.,"The Curiosity rover landed on Mars in 2012, according to standard histories. This is widely documented.",supported,"The retrieved source confirms 2012, so the claim is supported.",val
tc-01166,elements_symbol,Ar is the symbol of the element Argon.,One source says: The standard chemical symbol for Argon is Ar. Another source says: The standard chemical symbol for Argon is C.,uncertain,"Sources disagree (Ar versus C), so the claim cannot be confirmed.",train
tc-01167,events,The Berlin Wall fell in 1989.,Reference note: The year 1989 is when the Berlin Wall fell.,supported,"The evidence states 1989, which matches the claim.",train
tc-01168,events,"In 1996, the Berlin Wall fell.","Textbook summary: The Berlin Wall fell in 1989, according to standard histories.",unsupported,Retrieved evidence contradicts the claim: the correct value is 1989.,train
tc-01169,elements_number,The atomic number of Sodium is 11.,Lead is the chemical element with atomic number 82.,uncertain,"The retrieved text does not mention what the claim asserts, so it cannot be confirmed.",train
tc-01170,elements_number,The atomic number of Uranium is 50.,Textbook summary: An atom of Uranium contains 92 protons.,unsupported,Retrieved evidence contradicts the claim: the correct value is 92.,train
tc-01171,planets,Saturn is the sixth planet from the Sun.,Textbook summary: Saturn is the sixth planet from the Sun in the Solar System.,supported,"The retrieved source confirms sixth, so the claim is supported.",test
tc-01172,events,The United Kingdom held its Brexit referendum in 2020.,Historical records show that the United Kingdom held its Brexit referendum in 2016. This is widely documented.,unsupported,"The source states 2016. The claim says 2020, which does not match.",train
tc-01173,events,"In 1666, the Great Fire of London broke out.",Reference note: The year 1666 is when the Great Fire of London broke out.,supported,"The retrieved source confirms 1666, so the claim is supported.",train
tc-01174,geography,Mexico is a country in North America.,Reference note: South Korea is located in Asia.,uncertain,"The retrieved text does not mention what the claim asserts, so it cannot be confirmed.",train
tc-01175,capitals,The capital of Kazakhstan is Prague.,The capital of Kazakhstan is Astana. This is widely documented.,unsupported,Retrieved evidence contradicts the claim: the correct value is Astana.,train
tc-01176,geography,India is in Asia.,"Conflicting reports. First report: India is located in Asia. Second report: Geographically, India lies on the continent of Oceania.",uncertain,"The evidence conflicts, giving both Asia and Oceania.",train
tc-01177,elements_symbol,Pt is the symbol of the element Manganese.,Reference note: The element Manganese is represented by the symbol Mn.,unsupported,"The source states Mn. The claim says Pt, which does not match.",train
tc-01178,capitals,The capital of Tunisia is Beijing.,Tunis is the capital city of Tunisia.,unsupported,"The evidence gives Tunis, not Beijing, so the claim is contradicted.",test
tc-01179,capitals,Ukraine's capital is Kyiv.,Beijing is the capital city of China. This is widely documented.,uncertain,The evidence is insufficient to confirm or contradict the claim.,test
tc-01180,events,The Space Shuttle Columbia first flew in 1982.,Reference note: Historical records show that the Space Shuttle Columbia first flew in 1981.,unsupported,Retrieved evidence contradicts the claim: the correct value is 1981.,train
tc-01181,books,Homer is the author of The Odyssey.,The Odyssey is a book by Homer.,supported,The evidence directly supports the claim: it gives Homer.,train
tc-01182,science,"Sound travels through air at 20 degrees Celsius at about 3,430 metres per second.","Reference note: At 20 degrees Celsius, the speed of sound in air is about 343 metres per second.",unsupported,"The evidence gives 343 metres per second, not 3,430 metres per second, so the claim is contradicted.",train
tc-01183,capitals,The capital of Egypt is Addis Ababa.,Egypt is a country whose capital city is Cairo.,unsupported,"The source states Cairo. The claim says Addis Ababa, which does not match.",train
tc-01184,events,The Apollo 13 mission suffered an oxygen tank explosion in the year 1979.,Reference note: The year 1970 is when the Apollo 13 mission suffered an oxygen tank explosion.,unsupported,"The source states 1970. The claim says 1979, which does not match.",train
tc-01185,events,The Cuban Missile Crisis took place in the year 1961.,Textbook summary: Historical records show that the Cuban Missile Crisis took place in 1962.,unsupported,"The source states 1962. The claim says 1961, which does not match.",val
tc-01186,events,"In 1947, India gained independence from British rule.",Historical records show that India gained independence from British rule in 1947.,supported,"The evidence states 1947, which matches the claim.",train
tc-01187,elements_number,Helium is element number 15.,"In the periodic table, Helium occupies position 2. This is widely documented.",unsupported,"The source states 2. The claim says 15, which does not match.",train
tc-01188,events,The first modern Olympic Games were held in Athens in 1896.,"The Apollo 13 mission suffered an oxygen tank explosion in 1970, according to standard histories. This is widely documented.",uncertain,The evidence is about a different subject and does not address this claim.,test
tc-01189,elements_symbol,The chemical symbol for Neon is Ne.,The element Neon is represented by the symbol Ne.,supported,"The retrieved source confirms Ne, so the claim is supported.",train
tc-01190,capitals,The capital of Mexico is Mexico City.,Reference note: The Philippines is a country whose capital city is Manila.,uncertain,The evidence is insufficient to confirm or contradict the claim.,train
tc-01191,books,The Trial was written by Dante Alighieri.,Textbook summary: The Odyssey is a book by Homer.,uncertain,"The retrieved text does not mention what the claim asserts, so it cannot be confirmed.",train
tc-01192,science,Pi is approximately 2.718.,Reference note: A typical human cell contains 23 pairs of chromosomes.,uncertain,"The retrieved text does not mention what the claim asserts, so it cannot be confirmed.",train
tc-01193,elements_symbol,The chemical symbol for Sulfur is Na.,Conflicting reports. First report: The element Sulfur is represented by the symbol S. Second report: Sulfur is abbreviated Na in the periodic table.,uncertain,Conflicting evidence means this claim cannot be marked supported or unsupported.,train
tc-01194,capitals,The capital of Finland is Helsinki.,Reference works list Helsinki as the capital of Finland.,supported,"The retrieved source confirms Helsinki, so the claim is supported.",train
tc-01195,events,The atomic bomb was dropped on Hiroshima in the year 1936.,"Reference note: India gained independence from British rule in 1947, according to standard histories.",uncertain,The evidence is insufficient to confirm or contradict the claim.,train
tc-01196,books,The author of One Hundred Years of Solitude is Gabriel Garcia Marquez.,Textbook summary: One Hundred Years of Solitude is a book by Gabriel Garcia Marquez.,supported,The evidence directly supports the claim: it gives Gabriel Garcia Marquez.,test
tc-01197,capitals,South Korea's capital is Tokyo.,South Korea is a country whose capital city is Seoul. This is widely documented.,unsupported,Retrieved evidence contradicts the claim: the correct value is Seoul.,train
tc-01198,formulas,The chemical formula of water is HNO3.,"Conflicting reports. First report: In chemistry, water is written as H2O. Second report: The standard formula for water is HNO3.",uncertain,"The evidence conflicts, giving both H2O and HNO3.",train
tc-01199,books,Brave New World was written by Chinua Achebe.,Conflicting reports. First report: Aldous Huxley wrote Brave New World. Second report: Brave New World is a book by Chinua Achebe.,uncertain,"Sources disagree (Aldous Huxley versus Chinua Achebe), so the claim cannot be confirmed.",train
tc-01200,science,Diamond is the hardest naturally occurring material.,Conflicting reports. First report: The hardest naturally occurring material is Diamond. Second report: The hardest naturally occurring material is Graphite.,uncertain,"Sources disagree (Diamond versus Graphite), so the claim cannot be confirmed.",train
tc-01201,events,"In 1492, Christopher Columbus made his first voyage across the Atlantic.",Textbook summary: The year 1492 is when Christopher Columbus made his first voyage across the Atlantic.,supported,"The evidence states 1492, which matches the claim.",train
tc-01202,events,"In 1954, Sputnik 1 was launched.","Conflicting reports. First report: Historical records show that Sputnik 1 was launched in 1957. Second report: Sputnik 1 was launched in 1954, according to standard histories.",uncertain,"The evidence conflicts, giving both 1957 and 1954.",train
tc-01203,geography,Germany is a country in North America.,Germany is part of Europe. This is widely documented.,unsupported,"The source states Europe. The claim says North America, which does not match.",train
tc-01204,books,Leviathan was written by Thomas Hobbes.,The work Leviathan was authored by Thomas Hobbes. This is widely documented.,supported,"The evidence states Thomas Hobbes, which matches the claim.",train
tc-01205,elements_number,The atomic number of Neon is 10.,Neon is the chemical element with atomic number 10. This is widely documented.,supported,"The retrieved source confirms 10, so the claim is supported.",train
tc-01206,capitals,Tripoli is the capital city of Libya.,Reference note: Libya is a country whose capital city is Tripoli.,supported,"The evidence states Tripoli, which matches the claim.",train
tc-01207,events,"In 2006, the first iPhone was released.","Conflicting reports. First report: The first iPhone was released in 2007, according to standard histories. Second report: Historical records show that the first iPhone was released in 2006.",uncertain,"Sources disagree (2007 versus 2006), so the claim cannot be confirmed.",train
tc-01208,capitals,Nepal's capital is Kathmandu.,One source says: Reference works list Kathmandu as the capital of Nepal. Another source says: The capital of Nepal is Ljubljana.,uncertain,"The evidence conflicts, giving both Kathmandu and Ljubljana.",train
tc-01209,capitals,Canada's capital is Ottawa.,One source says: Canada is a country whose capital city is Ottawa. Another source says: Dakar is the capital city of Canada.,uncertain,"Sources disagree (Ottawa versus Dakar), so the claim cannot be confirmed.",train
tc-01210,elements_symbol,The chemical symbol for Oxygen is Be.,Textbook summary: Oxygen is abbreviated O in the periodic table.,unsupported,"The source states O. The claim says Be, which does not match.",train
tc-01211,geography,Norway lies on the continent of Africa.,India is part of Asia. This is widely documented.,uncertain,The evidence is about a different subject and does not address this claim.,train
tc-01212,geography,Italy is in Europe.,"Sources disagree. Source A: Geographically, Italy lies on the continent of Europe. Source B: Italy is part of Oceania.",uncertain,"Sources disagree (Europe versus Oceania), so the claim cannot be confirmed.",train
tc-01213,geography,Pakistan lies on the continent of Asia.,"Geographically, Pakistan lies on the continent of Asia.",supported,"The evidence states Asia, which matches the claim.",train
tc-01214,events,Apollo 11 landed the first humans on the Moon in the year 1957.,Historical records show that Apollo 11 landed the first humans on the Moon in 1969.,unsupported,Retrieved evidence contradicts the claim: the correct value is 1969.,train
tc-01215,books,Homer is the author of The Divine Comedy.,Textbook summary: Jane Austen wrote Pride and Prejudice.,uncertain,The evidence is about a different subject and does not address this claim.,train
tc-01216,capitals,The capital of the Czech Republic is Prague.,Conflicting reports. First report: Reference works list Prague as the capital of the Czech Republic. Second report: The Czech Republic is a country whose capital city is Dakar.,uncertain,"Sources disagree (Prague versus Dakar), so the claim cannot be confirmed.",val
tc-01217,books,The author of Ulysses is Plato.,Gabriel Garcia Marquez wrote One Hundred Years of Solitude. This is widely documented.,uncertain,"The retrieved text does not mention what the claim asserts, so it cannot be confirmed.",train
tc-01218,formulas,NaHCO3 is the formula for carbon dioxide.,One source says: The standard formula for carbon dioxide is CO2. Another source says: The standard formula for carbon dioxide is NaHCO3.,uncertain,"The evidence conflicts, giving both CO2 and NaHCO3.",train
tc-01219,geography,Pakistan lies on the continent of Asia.,Textbook summary: Pakistan is located in Asia.,supported,"The retrieved source confirms Asia, so the claim is supported.",train
tc-01220,elements_number,Calcium is element number 20.,"Textbook summary: In the periodic table, Calcium occupies position 20.",supported,"The retrieved source confirms 20, so the claim is supported.",train
tc-01221,capitals,Chile's capital is Bern.,One source says: Chile is a country whose capital city is Santiago. Another source says: Bern is the capital city of Chile.,uncertain,Conflicting evidence means this claim cannot be marked supported or unsupported.,train
tc-01222,elements_symbol,The chemical symbol for Beryllium is Co.,One source says: The standard chemical symbol for Beryllium is Be. Another source says: Beryllium is abbreviated Co in the periodic table.,uncertain,Conflicting evidence means this claim cannot be marked supported or unsupported.,train
tc-01223,capitals,Japan's capital is Berlin.,Reference note: Reference works list Rabat as the capital of Morocco.,uncertain,The evidence is insufficient to confirm or contradict the claim.,train
tc-01224,formulas,The chemical formula of glucose is C6H12O6.,Glucose has the chemical formula C6H12O6.,supported,"The evidence states C6H12O6, which matches the claim.",train
tc-01225,planets,"Counting outward from the Sun, Mars is the fourth planet.","One source says: Mars is the fourth planet from the Sun in the Solar System. Another source says: In order of distance from the Sun, Mars comes sixth.",uncertain,"The evidence conflicts, giving both fourth and sixth.",train
tc-01226,elements_symbol,The chemical symbol for Lithium is Cr.,Reference note: Lithium is abbreviated Li in the periodic table.,unsupported,Retrieved evidence contradicts the claim: the correct value is Li.,test
tc-01227,geography,Chile is in Asia.,Conflicting reports. First report: Chile is part of South America. Second report: Chile is part of Asia.,uncertain,Conflicting evidence means this claim cannot be marked supported or unsupported.,train
tc-01228,elements_symbol,C is the symbol of the element Carbon.,Reference note: The element Carbon is represented by the symbol C.,supported,"The evidence states C, which matches the claim.",train
tc-01229,events,"In 1986, the Space Shuttle Challenger disaster occurred.",Textbook summary: Historical records show that the Space Shuttle Challenger disaster occurred in 1986.,supported,The evidence directly supports the claim: it gives 1986.,test
tc-01230,capitals,Australia's capital is Athens.,Reference works list Canberra as the capital of Australia. This is widely documented.,unsupported,Retrieved evidence contradicts the claim: the correct value is Canberra.,train
tc-01231,elements_number,Fluorine is element number 30.,"In the periodic table, Fluorine occupies position 9.",unsupported,"The source states 9. The claim says 30, which does not match.",train
tc-01232,books,The author of Dracula is Bram Stoker.,Dracula is a book by Bram Stoker.,supported,"The evidence states Bram Stoker, which matches the claim.",train
tc-01233,events,"In 1914, World War I began.",Textbook summary: Historical records show that Edmund Hillary and Tenzing Norgay first reached the summit of Mount Everest in 1953.,uncertain,"The retrieved text does not mention what the claim asserts, so it cannot be confirmed.",train
tc-01234,planets,Uranus is the seventh planet from the Sun.,Reference note: Uranus is the seventh planet from the Sun in the Solar System.,supported,The evidence directly supports the claim: it gives seventh.,train
tc-01235,capitals,The capital of Kenya is Tashkent.,Reference note: Kenya is a country whose capital city is Nairobi.,unsupported,"The evidence gives Nairobi, not Tashkent, so the claim is contradicted.",test
tc-01236,capitals,Rabat is the capital city of Libya.,Tripoli is the capital city of Libya.,unsupported,Retrieved evidence contradicts the claim: the correct value is Tripoli.,train
tc-01237,elements_symbol,The chemical symbol for Fluorine is I.,One source says: The element Fluorine is represented by the symbol F. Another source says: The standard chemical symbol for Fluorine is I.,uncertain,"The evidence conflicts, giving both F and I.",train
tc-01238,events,The Titanic sank in the year 1912.,The year 1912 is when the Titanic sank.,supported,"The retrieved source confirms 1912, so the claim is supported.",train
tc-01239,elements_symbol,The chemical symbol for Nitrogen is N.,Reference note: The element Nitrogen is represented by the symbol N.,supported,The evidence directly supports the claim: it gives N.,train
tc-01240,events,"In 1967, the Apollo 13 mission suffered an oxygen tank explosion.","The Apollo 13 mission suffered an oxygen tank explosion in 1970, according to standard histories.",unsupported,"The evidence gives 1970, not 1967, so the claim is contradicted.",train
tc-01241,capitals,Slovakia's capital is Vilnius.,Reference works list Bratislava as the capital of Slovakia.,unsupported,"The source states Bratislava. The claim says Vilnius, which does not match.",train
tc-01242,formulas,Methane has the formula CH4.,The standard formula for nitric acid is HNO3.,uncertain,The evidence is about a different subject and does not address this claim.,train
tc-01243,elements_symbol,The chemical symbol for Helium is He.,The standard chemical symbol for Sulfur is S. This is widely documented.,uncertain,The evidence is about a different subject and does not address this claim.,train
tc-01244,capitals,The capital of Portugal is Lisbon.,The capital of Portugal is Lisbon. This is widely documented.,supported,The evidence directly supports the claim: it gives Lisbon.,train
tc-01245,books,Ulysses was written by J. D. Salinger.,One source says: The work Ulysses was authored by James Joyce. Another source says: Ulysses is a book by J. D. Salinger.,uncertain,"The evidence conflicts, giving both James Joyce and J. D. Salinger.",train
tc-01246,elements_number,The atomic number of Gold is 11.,"One source says: Gold is the chemical element with atomic number 79. Another source says: In the periodic table, Gold occupies position 11.",uncertain,Conflicting evidence means this claim cannot be marked supported or unsupported.,train
tc-01247,events,The Space Shuttle Columbia first flew in 1985.,Reference note: Historical records show that the Space Shuttle Columbia first flew in 1981.,unsupported,"The evidence gives 1981, not 1985, so the claim is contradicted.",train
tc-01248,books,The author of Wuthering Heights is Emily Bronte.,Textbook summary: Emily Bronte wrote Wuthering Heights.,supported,"The evidence states Emily Bronte, which matches the claim.",train
tc-01249,elements_number,Chromium is element number 4.,An atom of Chromium contains 24 protons. This is widely documented.,unsupported,"The evidence gives 24, not 4, so the claim is contradicted.",train
tc-01250,elements_symbol,The chemical symbol for Helium is He.,Sources disagree. Source A: The standard chemical symbol for Helium is He. Source B: The standard chemical symbol for Helium is Mg.,uncertain,Conflicting evidence means this claim cannot be marked supported or unsupported.,train
tc-01251,formulas,Ammonia has the formula C6H12O6.,"Conflicting reports. First report: Ammonia has the chemical formula NH3. Second report: In chemistry, ammonia is written as C6H12O6.",uncertain,Conflicting evidence means this claim cannot be marked supported or unsupported.,train
tc-01252,elements_symbol,Au is the symbol of the element Gold.,Reference note: The element Gold is represented by the symbol Au.,supported,The evidence directly supports the claim: it gives Au.,train
tc-01253,books,On the Origin of Species was written by Aldous Huxley.,On the Origin of Species is a book by Charles Darwin.,unsupported,"The evidence gives Charles Darwin, not Aldous Huxley, so the claim is contradicted.",train
tc-01254,capitals,Australia's capital is Canberra.,The capital of Australia is Canberra. This is widely documented.,supported,"The evidence states Canberra, which matches the claim.",train
tc-01255,elements_number,The atomic number of Magnesium is 24.,Textbook summary: An atom of Magnesium contains 12 protons.,unsupported,"The source states 12. The claim says 24, which does not match.",train
tc-01256,geography,Poland lies on the continent of Africa.,Poland is located in Europe.,unsupported,Retrieved evidence contradicts the claim: the correct value is Europe.,test
tc-01257,books,Adam Smith is the author of The Wealth of Nations.,Textbook summary: The Wealth of Nations is a book by Adam Smith.,supported,The evidence directly supports the claim: it gives Adam Smith.,train
tc-01258,books,Crime and Punishment was written by Fyodor Dostoevsky.,Fyodor Dostoevsky wrote Crime and Punishment. This is widely documented.,supported,"The retrieved source confirms Fyodor Dostoevsky, so the claim is supported.",train
tc-01259,elements_number,Carbon is element number 27.,"In the periodic table, Carbon occupies position 6. This is widely documented.",unsupported,"The source states 6. The claim says 27, which does not match.",train
tc-01260,capitals,The capital of Morocco is Rabat.,Textbook summary: Rabat is the capital city of Morocco.,supported,"The evidence states Rabat, which matches the claim.",val
tc-01261,capitals,The capital of the Philippines is Stockholm.,One source says: Manila is the capital city of the Philippines. Another source says: Reference works list Stockholm as the capital of the Philippines.,uncertain,"Sources disagree (Manila versus Stockholm), so the claim cannot be confirmed.",train
tc-01262,geography,Poland lies on the continent of Europe.,Poland is located in Europe. This is widely documented.,supported,"The evidence states Europe, which matches the claim.",test
tc-01263,capitals,Ghana's capital is Accra.,Reference works list Accra as the capital of Ghana.,supported,"The retrieved source confirms Accra, so the claim is supported.",test
tc-01264,elements_number,Iron has 14 protons in its nucleus.,Textbook summary: Iron is the chemical element with atomic number 26.,unsupported,"The source states 26. The claim says 14, which does not match.",train
tc-01265,elements_symbol,Co is the symbol of the element Potassium.,Textbook summary: The element Potassium is represented by the symbol K.,unsupported,"The source states K. The claim says Co, which does not match.",train
tc-01266,geography,Mexico lies on the continent of Europe.,Mexico is located in North America.,unsupported,"The evidence gives North America, not Europe, so the claim is contradicted.",train
tc-01267,formulas,NH3 is the formula for ammonia.,"In chemistry, ammonia is written as NH3.",supported,"The evidence states NH3, which matches the claim.",train
tc-01268,formulas,The chemical formula of limestone is SO2.,One source says: The standard formula for limestone is CaCO3. Another source says: The standard formula for limestone is SO2.,uncertain,Conflicting evidence means this claim cannot be marked supported or unsupported.,train
tc-01269,events,India gained independence from British rule in 1935.,"The United States Declaration of Independence was adopted in 1776, according to standard histories.",uncertain,The evidence is about a different subject and does not address this claim.,train
tc-01270,events,"In 1912, the Panama Canal opened.",One source says: Historical records show that the Panama Canal opened in 1914. Another source says: The year 1912 is when the Panama Canal opened.,uncertain,Conflicting evidence means this claim cannot be marked supported or unsupported.,train
tc-01271,geography,Fiji is in Oceania.,"Sources disagree. Source A: Geographically, Fiji lies on the continent of Oceania. Source B: Fiji is located in Europe.",uncertain,Conflicting evidence means this claim cannot be marked supported or unsupported.,train
tc-01272,science,"The Great Barrier Reef lies off the coast of Queensland, Australia.","Reference note: The Great Barrier Reef is located off Queensland, Australia.",supported,"The evidence states Queensland, Australia, which matches the claim.",train
tc-01273,events,The Space Shuttle Columbia first flew in the year 1981.,"Textbook summary: The Space Shuttle Columbia first flew in 1981, according to standard histories.",supported,The evidence directly supports the claim: it gives 1981.,train
tc-01274,books,The author of The Great Gatsby is F. Scott Fitzgerald.,The Great Gatsby is a book by F. Scott Fitzgerald. This is widely documented.,supported,"The evidence states F. Scott Fitzgerald, which matches the claim.",val
tc-01275,elements_number,Iron is element number 19.,Textbook summary: An atom of Iron contains 26 protons.,unsupported,Retrieved evidence contradicts the claim: the correct value is 26.,train
tc-01276,books,Aldous Huxley is the author of Brave New World.,Aldous Huxley wrote Brave New World. This is widely documented.,supported,"The evidence states Aldous Huxley, which matches the claim.",train
tc-01277,events,India gained independence from British rule in 1944.,One source says: The year 1947 is when India gained independence from British rule. Another source says: The year 1944 is when India gained independence from British rule.,uncertain,Conflicting evidence means this claim cannot be marked supported or unsupported.,train
tc-01278,elements_number,Boron is element number 5.,"In the periodic table, Boron occupies position 5.",supported,"The evidence states 5, which matches the claim.",val
tc-01279,capitals,The United Kingdom's capital is Beijing.,Textbook summary: The capital of the United Kingdom is London.,unsupported,"The source states London. The claim says Beijing, which does not match.",train
tc-01280,events,The United Kingdom held its Brexit referendum in the year 2021.,One source says: The year 2016 is when the United Kingdom held its Brexit referendum. Another source says: The year 2021 is when the United Kingdom held its Brexit referendum.,uncertain,Conflicting evidence means this claim cannot be marked supported or unsupported.,train
tc-01281,formulas,The chemical formula of methane is CO2.,Methane has the chemical formula CH4. This is widely documented.,unsupported,"The source states CH4. The claim says CO2, which does not match.",train
tc-01282,capitals,Tallinn is the capital city of Estonia.,Tallinn is the capital city of Estonia.,supported,The evidence directly supports the claim: it gives Tallinn.,train
tc-01283,events,The Hubble Space Telescope was launched in the year 1978.,Historical records show that World War I began in 1914. This is widely documented.,uncertain,The evidence is about a different subject and does not address this claim.,test
tc-01284,events,"In 1945, World War II ended.",Historical records show that World War II ended in 1945. This is widely documented.,supported,"The retrieved source confirms 1945, so the claim is supported.",train
tc-01285,events,"In 1944, Watson and Crick published the double helix structure of DNA.","Edmund Hillary and Tenzing Norgay first reached the summit of Mount Everest in 1953, according to standard histories. This is widely documented.",uncertain,The evidence is insufficient to confirm or contradict the claim.,test
tc-01286,elements_symbol,The chemical symbol for Tin is Sn.,Textbook summary: The standard chemical symbol for Tin is Sn.,supported,"The retrieved source confirms Sn, so the claim is supported.",train
tc-01287,science,The largest ocean on Earth is the Pacific Ocean.,"By area, the Pacific Ocean is the largest ocean on Earth.",supported,"The evidence states Pacific Ocean, which matches the claim.",train
tc-01288,books,The author of One Hundred Years of Solitude is Emily Bronte.,The work One Hundred Years of Solitude was authored by Gabriel Garcia Marquez.,unsupported,"The source states Gabriel Garcia Marquez. The claim says Emily Bronte, which does not match.",test
tc-01289,events,"In 1986, the Chernobyl nuclear disaster occurred.",Textbook summary: Historical records show that the Chernobyl nuclear disaster occurred in 1986.,supported,The evidence directly supports the claim: it gives 1986.,train
tc-01290,books,The author of The Great Gatsby is Gabriel Garcia Marquez.,Sources disagree. Source A: F. Scott Fitzgerald wrote The Great Gatsby. Source B: The Great Gatsby is a book by Gabriel Garcia Marquez.,uncertain,"Sources disagree (F. Scott Fitzgerald versus Gabriel Garcia Marquez), so the claim cannot be confirmed.",val
tc-01291,capitals,Peru's capital is Lima.,Sources disagree. Source A: Peru is a country whose capital city is Lima. Source B: Peru is a country whose capital city is Buenos Aires.,uncertain,Conflicting evidence means this claim cannot be marked supported or unsupported.,train
tc-01292,events,World War I began in 1905.,Reference note: The year 1953 is when Watson and Crick published the double helix structure of DNA.,uncertain,"The retrieved text does not mention what the claim asserts, so it cannot be confirmed.",train
tc-01293,elements_symbol,Be is the symbol of the element Beryllium.,Conflicting reports. First report: The element Beryllium is represented by the symbol Be. Second report: The standard chemical symbol for Beryllium is C.,uncertain,"Sources disagree (Be versus C), so the claim cannot be confirmed.",train
tc-01294,capitals,The capital of Australia is Canberra.,Sources disagree. Source A: Canberra is the capital city of Australia. Source B: The capital of Australia is Copenhagen.,uncertain,"The evidence conflicts, giving both Canberra and Copenhagen.",train
tc-01295,geography,Australia lies on the continent of Africa.,"Geographically, Australia lies on the continent of Oceania. This is widely documented.",unsupported,Retrieved evidence contradicts the claim: the correct value is Oceania.,train
tc-01296,books,The author of Hamlet is William Shakespeare.,Textbook summary: Hamlet is a book by William Shakespeare.,supported,The evidence directly supports the claim: it gives William Shakespeare.,train
tc-01297,elements_number,Nitrogen is element number 7.,Conflicting reports. First report: An atom of Nitrogen contains 7 protons. Second report: Nitrogen is the chemical element with atomic number 28.,uncertain,"The evidence conflicts, giving both 7 and 28.",test
tc-01298,geography,Italy lies on the continent of Europe.,Reference note: Italy is part of Europe.,supported,"The evidence states Europe, which matches the claim.",train
tc-01299,capitals,Turkey's capital is Tripoli.,Reference note: The capital of Turkey is Ankara.,unsupported,"The evidence gives Ankara, not Tripoli, so the claim is contradicted.",val
tc-01300,formulas,CO2 is the formula for water.,"In chemistry, water is written as H2O. This is widely documented.",unsupported,"The source states H2O. The claim says CO2, which does not match.",train
tc-01301,capitals,Slovakia's capital is Berlin.,Riga is the capital city of Latvia. This is widely documented.,uncertain,The evidence is about a different subject and does not address this claim.,train
tc-01302,books,The Republic was written by Dante Alighieri.,Reference note: The work The Republic was authored by Plato.,unsupported,"The source states Plato. The claim says Dante Alighieri, which does not match.",train
tc-01303,science,Humans typically have 20 pairs of chromosomes.,"Reference note: In a vacuum, light travels at roughly 299,792 kilometres per second.",uncertain,The evidence is insufficient to confirm or contradict the claim.,train
tc-01304,capitals,Turkey's capital is Bern.,Reference works list Ankara as the capital of Turkey.,unsupported,"The evidence gives Ankara, not Bern, so the claim is contradicted.",val
tc-01305,elements_symbol,The chemical symbol for Silver is Ag.,Reference note: Silver is abbreviated Ag in the periodic table.,supported,"The evidence states Ag, which matches the claim.",train
tc-01306,books,Mary Shelley is the author of Frankenstein.,Textbook summary: Frankenstein is a book by Mary Shelley.,supported,The evidence directly supports the claim: it gives Mary Shelley.,train
tc-01307,events,Apollo 11 landed the first humans on the Moon in 1966.,Historical records show that Apollo 11 landed the first humans on the Moon in 1969.,unsupported,"The source states 1969. The claim says 1966, which does not match.",train
tc-01308,capitals,Islamabad is the capital city of Pakistan.,Islamabad is the capital city of Pakistan. This is widely documented.,supported,The evidence directly supports the claim: it gives Islamabad.,train
tc-01309,books,Jane Eyre was written by Dante Alighieri.,The work Brave New World was authored by Aldous Huxley.,uncertain,"The retrieved text does not mention what the claim asserts, so it cannot be confirmed.",train
tc-01310,elements_number,The atomic number of Silicon is 14.,Textbook summary: An atom of Silicon contains 14 protons.,supported,The evidence directly supports the claim: it gives 14.,train
tc-01311,capitals,Algeria's capital is Bucharest.,Textbook summary: The capital of Algeria is Algiers.,unsupported,"The evidence gives Algiers, not Bucharest, so the claim is contradicted.",train
tc-01312,books,Charlotte Bronte is the author of Jane Eyre.,Reference note: Jane Eyre is a book by Charlotte Bronte.,supported,"The retrieved source confirms Charlotte Bronte, so the claim is supported.",train
tc-01313,capitals,China's capital is Mexico City.,Sources disagree. Source A: Beijing is the capital city of China. Source B: The capital of China is Mexico City.,uncertain,"The evidence conflicts, giving both Beijing and Mexico City.",train
tc-01314,books,Ulysses was written by James Joyce.,James Joyce wrote Ulysses. This is widely documented.,supported,The evidence directly supports the claim: it gives James Joyce.,train
tc-01315,events,The Wright brothers made their first powered flight in the year 1891.,"Textbook summary: The Space Shuttle Challenger disaster occurred in 1986, according to standard histories.",uncertain,The evidence is insufficient to confirm or contradict the claim.,test
tc-01316,events,"In 1970, the Apollo 13 mission suffered an oxygen tank explosion.",Reference note: Historical records show that the Apollo 13 mission suffered an oxygen tank explosion in 1970.,supported,The evidence directly supports the claim: it gives 1970.,train
tc-01317,capitals,The capital of Iraq is Baghdad.,Baghdad is the capital city of Iraq. This is widely documented.,supported,"The retrieved source confirms Baghdad, so the claim is supported.",train
tc-01318,formulas,The chemical formula of sulfur dioxide is SO2.,Sulfur dioxide has the chemical formula SO2. This is widely documented.,supported,"The retrieved source confirms SO2, so the claim is supported.",train
tc-01319,books,Adam Smith is the author of The Wealth of Nations.,Sources disagree. Source A: The Wealth of Nations is a book by Adam Smith. Source B: The Wealth of Nations is a book by Plato.,uncertain,"The evidence conflicts, giving both Adam Smith and Plato.",train
tc-01320,elements_symbol,Co is the symbol of the element Copper.,The standard chemical symbol for Copper is Cu. This is widely documented.,unsupported,"The evidence gives Cu, not Co, so the claim is contradicted.",train
tc-01321,science,"Light travels through a vacuum at about 1,000,000 kilometres per second.","Conflicting reports. First report: In a vacuum, light travels at roughly 299,792 kilometres per second. Second report: In a vacuum, light travels at roughly 1,000,000 kilometres per second.",uncertain,Conflicting evidence means this claim cannot be marked supported or unsupported.,train
tc-01322,geography,Senegal lies on the continent of Africa.,"Reference note: Geographically, Ethiopia lies on the continent of Africa.",uncertain,The evidence is insufficient to confirm or contradict the claim.,test
tc-01323,capitals,The capital of the Philippines is Manila.,The Philippines is a country whose capital city is Manila.,supported,"The retrieved source confirms Manila, so the claim is supported.",train
tc-01324,elements_number,Nickel has 28 protons in its nucleus.,"In the periodic table, Nickel occupies position 28. This is widely documented.",supported,"The retrieved source confirms 28, so the claim is supported.",train
tc-01325,formulas,HCl is the formula for glucose.,Textbook summary: The standard formula for glucose is C6H12O6.,unsupported,"The source states C6H12O6. The claim says HCl, which does not match.",train
tc-01326,formulas,Ammonia has the formula NH3.,Textbook summary: The standard formula for ammonia is NH3.,supported,"The evidence states NH3, which matches the claim.",train
tc-01327,geography,Mexico is in Africa.,Mexico is located in North America. This is widely documented.,unsupported,"The evidence gives North America, not Africa, so the claim is contradicted.",train
tc-01328,events,The Space Shuttle Challenger disaster occurred in the year 1986.,Reference note: Historical records show that the Space Shuttle Challenger disaster occurred in 1986.,supported,"The retrieved source confirms 1986, so the claim is supported.",test
tc-01329,capitals,Chile's capital is Riyadh.,Reference note: Reference works list Santiago as the capital of Chile.,unsupported,"The evidence gives Santiago, not Riyadh, so the claim is contradicted.",train
tc-01330,capitals,The capital of Venezuela is Caracas.,Reference note: Caracas is the capital city of Venezuela.,supported,The evidence directly supports the claim: it gives Caracas.,train
tc-01331,geography,Australia is a country in Europe.,Reference note: Australia is located in Oceania.,unsupported,"The source states Oceania. The claim says Europe, which does not match.",train
tc-01332,capitals,The capital of Algeria is Paris.,Reference note: The capital of Brazil is Brasilia.,uncertain,The evidence is insufficient to confirm or contradict the claim.,train
tc-01333,books,The author of The Divine Comedy is Dante Alighieri.,Textbook summary: The work The Divine Comedy was authored by Dante Alighieri.,supported,"The evidence states Dante Alighieri, which matches the claim.",train
tc-01334,geography,Fiji is in Europe.,Textbook summary: Ecuador is located in South America.,uncertain,"The retrieved text does not mention what the claim asserts, so it cannot be confirmed.",train
tc-01335,geography,Canada is in North America.,"Geographically, Canada lies on the continent of North America.",supported,"The evidence states North America, which matches the claim.",train
tc-01336,geography,Australia is a country in Oceania.,Reference note: Australia is located in Oceania.,supported,The evidence directly supports the claim: it gives Oceania.,train
tc-01337,capitals,The capital of Bangladesh is Ankara.,The capital of Bangladesh is Dhaka.,unsupported,Retrieved evidence contradicts the claim: the correct value is Dhaka.,train
tc-01338,geography,Indonesia is a country in North America.,Textbook summary: Indonesia is part of Asia.,unsupported,Retrieved evidence contradicts the claim: the correct value is Asia.,train
tc-01339,elements_symbol,The chemical symbol for Zinc is Zn.,The element Zinc is represented by the symbol Zn. This is widely documented.,supported,The evidence directly supports the claim: it gives Zn.,train
tc-01340,science,Humans typically have 20 pairs of chromosomes.,Reference note: A typical human cell contains 23 pairs of chromosomes.,unsupported,Retrieved evidence contradicts the claim: the correct value is 23 pairs of chromosomes.,train
tc-01341,elements_symbol,The chemical symbol for Silicon is Si.,Reference note: The standard chemical symbol for Silicon is Si.,supported,The evidence directly supports the claim: it gives Si.,train
tc-01342,capitals,Zagreb is the capital city of Croatia.,Textbook summary: Zagreb is the capital city of Croatia.,supported,"The evidence states Zagreb, which matches the claim.",train
tc-01343,elements_symbol,The chemical symbol for Chromium is Cr.,The standard chemical symbol for Chromium is Cr.,supported,"The retrieved source confirms Cr, so the claim is supported.",test
tc-01344,elements_number,The atomic number of Gold is 79.,An atom of Copper contains 29 protons. This is widely documented.,uncertain,"The retrieved text does not mention what the claim asserts, so it cannot be confirmed.",train
tc-01345,capitals,Croatia's capital is Astana.,Reference works list Zagreb as the capital of Croatia.,unsupported,"The source states Zagreb. The claim says Astana, which does not match.",train
tc-01346,planets,Jupiter is the fifth planet from the Sun.,"Textbook summary: In order of distance from the Sun, Jupiter comes fifth.",supported,"The retrieved source confirms fifth, so the claim is supported.",train
tc-01347,geography,Norway is a country in Europe.,Norway is located in Europe. This is widely documented.,supported,"The retrieved source confirms Europe, so the claim is supported.",train
tc-01348,books,The author of Jane Eyre is Charlotte Bronte.,The work Jane Eyre was authored by Charlotte Bronte.,supported,"The evidence states Charlotte Bronte, which matches the claim.",train
tc-01349,formulas,The chemical formula of hydrogen peroxide is NaCl.,"Textbook summary: In chemistry, hydrochloric acid is written as HCl.",uncertain,The evidence is about a different subject and does not address this claim.,train
tc-01350,elements_number,Aluminium is element number 17.,An atom of Aluminium contains 13 protons. This is widely documented.,unsupported,"The source states 13. The claim says 17, which does not match.",train
tc-01351,science,The Moon takes about 27 days to orbit the Earth.,The Moon completes one orbit of Earth in about 27 days.,supported,The evidence directly supports the claim: it gives 27 days.,train
tc-01352,events,"In 1999, the Hubble Space Telescope was launched.",The year 1990 is when the Hubble Space Telescope was launched.,unsupported,"The evidence gives 1990, not 1999, so the claim is contradicted.",test
tc-01353,capitals,Nigeria's capital is Paris.,Reference note: The capital of Angola is Luanda.,uncertain,"The retrieved text does not mention what the claim asserts, so it cannot be confirmed.",train
tc-01354,science,Diamond is the hardest naturally occurring material.,Textbook summary: The hardest naturally occurring material is Diamond.,supported,The evidence directly supports the claim: it gives Diamond.,train
tc-01355,elements_number,The atomic number of Phosphorus is 15.,"Sources disagree. Source A: An atom of Phosphorus contains 15 protons. Source B: In the periodic table, Phosphorus occupies position 26.",uncertain,"The evidence conflicts, giving both 15 and 26.",train
tc-01356,books,The author of Jane Eyre is Charlotte Bronte.,Charlotte Bronte wrote Jane Eyre. This is widely documented.,supported,"The retrieved source confirms Charlotte Bronte, so the claim is supported.",train
tc-01357,events,Edmund Hillary and Tenzing Norgay first reached the summit of Mount Everest in 1955.,Reference note: Historical records show that Edmund Hillary and Tenzing Norgay first reached the summit of Mount Everest in 1953.,unsupported,Retrieved evidence contradicts the claim: the correct value is 1953.,train
tc-01358,capitals,Tripoli is the capital city of Libya.,Tripoli is the capital city of Libya. This is widely documented.,supported,The evidence directly supports the claim: it gives Tripoli.,train
tc-01359,elements_symbol,The chemical symbol for Silicon is Si.,Textbook summary: The standard chemical symbol for Silicon is Si.,supported,"The retrieved source confirms Si, so the claim is supported.",train
tc-01360,capitals,Ghana's capital is Accra.,Conflicting reports. First report: Reference works list Accra as the capital of Ghana. Second report: Kathmandu is the capital city of Ghana.,uncertain,"Sources disagree (Accra versus Kathmandu), so the claim cannot be confirmed.",test
tc-01361,elements_number,Helium is element number 3.,"In the periodic table, Potassium occupies position 19.",uncertain,The evidence is about a different subject and does not address this claim.,train
tc-01362,events,The October Revolution took place in Russia in the year 1917.,"Textbook summary: The October Revolution took place in Russia in 1917, according to standard histories.",supported,The evidence directly supports the claim: it gives 1917.,train
tc-01363,books,The author of The Trial is Dante Alighieri.,Textbook summary: The work Things Fall Apart was authored by Chinua Achebe.,uncertain,"The retrieved text does not mention what the claim asserts, so it cannot be confirmed.",train
tc-01364,elements_number,Nickel is element number 28.,"Textbook summary: In the periodic table, Nickel occupies position 28.",supported,The evidence directly supports the claim: it gives 28.,train
tc-01365,formulas,The chemical formula of table salt is NaCl.,Reference note: Table salt has the chemical formula NaCl.,supported,"The retrieved source confirms NaCl, so the claim is supported.",train
tc-01366,events,The Treaty of Versailles was signed in 1919.,"Textbook summary: The Treaty of Versailles was signed in 1919, according to standard histories.",supported,The evidence directly supports the claim: it gives 1919.,train
tc-01367,capitals,The capital of Bangladesh is Riga.,Reference note: The capital of Bangladesh is Dhaka.,unsupported,"The evidence gives Dhaka, not Riga, so the claim is contradicted.",train
tc-01368,capitals,Copenhagen is the capital city of Denmark.,Reference note: Reference works list Copenhagen as the capital of Denmark.,supported,"The retrieved source confirms Copenhagen, so the claim is supported.",train
tc-01369,capitals,Chile's capital is Paris.,The capital of Senegal is Dakar.,uncertain,The evidence is about a different subject and does not address this claim.,train
tc-01370,formulas,The chemical formula of ethanol is H2O.,Reference note: The standard formula for table salt is NaCl.,uncertain,"The retrieved text does not mention what the claim asserts, so it cannot be confirmed.",train
tc-01371,science,"Mount Everest rises about 9,500 metres above sea level.","Textbook summary: The official height of Mount Everest is about 8,849 metres above sea level.",unsupported,"The evidence gives 8,849 metres, not 9,500 metres, so the claim is contradicted.",val
tc-01372,capitals,Havana is the capital city of Nepal.,Textbook summary: Nepal is a country whose capital city is Kathmandu.,unsupported,"The source states Kathmandu. The claim says Havana, which does not match.",train
tc-01373,formulas,O3 is the formula for ozone.,The standard formula for ozone is O3.,supported,"The retrieved source confirms O3, so the claim is supported.",train
tc-01374,capitals,The capital of Chile is Prague.,Sources disagree. Source A: Santiago is the capital city of Chile. Source B: The capital of Chile is Prague.,uncertain,Conflicting evidence means this claim cannot be marked supported or unsupported.,train
tc-01375,events,The Berlin Wall was built in the year 1961.,"Conflicting reports. First report: The Berlin Wall was built in 1961, according to standard histories. Second report: The year 1970 is when the Berlin Wall was built.",uncertain,"The evidence conflicts, giving both 1961 and 1970.",val
tc-01376,books,The author of The Odyssey is Harper Lee.,Homer wrote The Odyssey. This is widely documented.,unsupported,"The source states Homer. The claim says Harper Lee, which does not match.",train
tc-01377,capitals,Ulaanbaatar is the capital city of Mongolia.,Ulaanbaatar is the capital city of Mongolia.,supported,The evidence directly supports the claim: it gives Ulaanbaatar.,train
tc-01378,elements_number,Helium has 18 protons in its nucleus.,"Sources disagree. Source A: In the periodic table, Helium occupies position 2. Source B: Helium is the chemical element with atomic number 18.",uncertain,Conflicting evidence means this claim cannot be marked supported or unsupported.,train
tc-01379,elements_symbol,The chemical symbol for Boron is B.,Reference note: The element Lithium is represented by the symbol Li.,uncertain,The evidence is insufficient to confirm or contradict the claim.,val
tc-01380,elements_number,Argon is element number 14.,Argon is the chemical element with atomic number 18.,unsupported,"The evidence gives 18, not 14, so the claim is contradicted.",train
tc-01381,books,The author of The Trial is Franz Kafka.,The work The Trial was authored by Franz Kafka.,supported,"The evidence states Franz Kafka, which matches the claim.",train
tc-01382,planets,"Counting outward from the Sun, Uranus is the eighth planet.",Textbook summary: Uranus is the seventh planet from the Sun in the Solar System.,unsupported,"The source states seventh. The claim says eighth, which does not match.",train
tc-01383,events,"In 1986, the Chernobyl nuclear disaster occurred.",Historical records show that the Chernobyl nuclear disaster occurred in 1986. This is widely documented.,supported,"The retrieved source confirms 1986, so the claim is supported.",train
tc-01384,planets,Neptune is the eighth planet from the Sun.,Reference note: Neptune is the eighth planet from the Sun in the Solar System.,supported,"The evidence states eighth, which matches the claim.",train
tc-01385,events,The Cuban Missile Crisis took place in 1962.,"The Cuban Missile Crisis took place in 1962, according to standard histories.",supported,"The evidence states 1962, which matches the claim.",val
tc-01386,elements_number,Titanium has 3 protons in its nucleus.,Textbook summary: An atom of Titanium contains 22 protons.,unsupported,"The source states 22. The claim says 3, which does not match.",train
tc-01387,capitals,Tunis is the capital city of Tunisia.,Angola is a country whose capital city is Luanda.,uncertain,"The retrieved text does not mention what the claim asserts, so it cannot be confirmed.",test
tc-01388,books,The Trial was written by Chinua Achebe.,Sources disagree. Source A: The Trial is a book by Franz Kafka. Source B: The Trial is a book by Chinua Achebe.,uncertain,"The evidence conflicts, giving both Franz Kafka and Chinua Achebe.",train
tc-01389,science,Earth takes about 365 days to orbit the Sun.,A typical human cell contains 23 pairs of chromosomes. This is widely documented.,uncertain,The evidence is about a different subject and does not address this claim.,train
tc-01390,capitals,Bern is the capital city of Switzerland.,Textbook summary: The capital of Switzerland is Bern.,supported,"The retrieved source confirms Bern, so the claim is supported.",val
tc-01391,planets,Jupiter is the second planet from the Sun.,Neptune is the eighth planet from the Sun in the Solar System. This is widely documented.,uncertain,"The retrieved text does not mention what the claim asserts, so it cannot be confirmed.",train
tc-01392,capitals,Lusaka is the capital city of Serbia.,Reference note: Belgrade is the capital city of Serbia.,unsupported,"The source states Belgrade. The claim says Lusaka, which does not match.",train
tc-01393,capitals,The capital of Saudi Arabia is Riyadh.,One source says: Riyadh is the capital city of Saudi Arabia. Another source says: Reference works list Rome as the capital of Saudi Arabia.,uncertain,"Sources disagree (Riyadh versus Rome), so the claim cannot be confirmed.",test
tc-01394,elements_number,The atomic number of Oxygen is 1.,"In the periodic table, Oxygen occupies position 8.",unsupported,"The evidence gives 8, not 1, so the claim is contradicted.",train
tc-01395,books,A Brief History of Time was written by Chinua Achebe.,Textbook summary: A Brief History of Time is a book by Stephen Hawking.,unsupported,"The evidence gives Stephen Hawking, not Chinua Achebe, so the claim is contradicted.",train
tc-01396,capitals,Kathmandu is the capital city of Nepal.,Reference works list Kathmandu as the capital of Nepal. This is widely documented.,supported,The evidence directly supports the claim: it gives Kathmandu.,train
tc-01397,capitals,Tehran is the capital city of Iran.,Reference note: Tehran is the capital city of Iran.,supported,"The retrieved source confirms Tehran, so the claim is supported.",train
tc-01398,events,The Panama Canal opened in 1914.,Historical records show that the Panama Canal opened in 1914.,supported,The evidence directly supports the claim: it gives 1914.,train
tc-01399,capitals,Islamabad is the capital city of Pakistan.,Sources disagree. Source A: Reference works list Islamabad as the capital of Pakistan. Source B: Pakistan is a country whose capital city is Reykjavik.,uncertain,"Sources disagree (Islamabad versus Reykjavik), so the claim cannot be confirmed.",train
tc-01400,elements_number,Cobalt has 27 protons in its nucleus.,"One source says: An atom of Cobalt contains 27 protons. Another source says: In the periodic table, Cobalt occupies position 20.",uncertain,"The evidence conflicts, giving both 27 and 20.",train
tc-01401,books,Les Miserables was written by Mary Shelley.,The work Les Miserables was authored by Victor Hugo.,unsupported,"The evidence gives Victor Hugo, not Mary Shelley, so the claim is contradicted.",train
tc-01402,capitals,Bogota is the capital city of Colombia.,Textbook summary: Bogota is the capital city of Colombia.,supported,"The retrieved source confirms Bogota, so the claim is supported.",train
tc-01403,geography,Colombia is a country in Europe.,Textbook summary: India is part of Asia.,uncertain,"The retrieved text does not mention what the claim asserts, so it cannot be confirmed.",train
tc-01404,elements_number,Potassium has 19 protons in its nucleus.,"Sources disagree. Source A: Potassium is the chemical element with atomic number 19. Source B: In the periodic table, Potassium occupies position 18.",uncertain,"The evidence conflicts, giving both 19 and 18.",train
tc-01405,capitals,The capital of Argentina is Buenos Aires.,Textbook summary: The capital of Argentina is Buenos Aires.,supported,The evidence directly supports the claim: it gives Buenos Aires.,train
tc-01406,geography,Poland is in North America.,Sources disagree. Source A: Poland is part of Europe. Source B: Poland is located in North America.,uncertain,Conflicting evidence means this claim cannot be marked supported or unsupported.,test
tc-01407,geography,South Korea is a country in Asia.,One source says: South Korea is part of Asia. Another source says: South Korea is part of Africa.,uncertain,Conflicting evidence means this claim cannot be marked supported or unsupported.,train
tc-01408,elements_symbol,The chemical symbol for Gold is N.,One source says: Gold is abbreviated Au in the periodic table. Another source says: The standard chemical symbol for Gold is N.,uncertain,Conflicting evidence means this claim cannot be marked supported or unsupported.,train
tc-01409,capitals,China's capital is Beijing.,Reference works list Beijing as the capital of China. This is widely documented.,supported,"The retrieved source confirms Beijing, so the claim is supported.",train
tc-01410,capitals,The capital of Japan is Tokyo.,Conflicting reports. First report: Reference works list Tokyo as the capital of Japan. Second report: Reference works list Rabat as the capital of Japan.,uncertain,"The evidence conflicts, giving both Tokyo and Rabat.",train
tc-01411,elements_symbol,The chemical symbol for Fluorine is H.,Reference note: The standard chemical symbol for Fluorine is F.,unsupported,"The evidence gives F, not H, so the claim is contradicted.",train
tc-01412,capitals,Vilnius is the capital city of Lithuania.,Textbook summary: Reference works list Vilnius as the capital of Lithuania.,supported,"The evidence states Vilnius, which matches the claim.",train
tc-01413,elements_symbol,S is the symbol of the element Mercury.,The standard chemical symbol for Mercury is Hg. This is widely documented.,unsupported,"The evidence gives Hg, not S, so the claim is contradicted.",test
tc-01414,capitals,Thailand's capital is Paris.,Kampala is the capital city of Uganda. This is widely documented.,uncertain,"The retrieved text does not mention what the claim asserts, so it cannot be confirmed.",val
tc-01415,capitals,Sweden's capital is Stockholm.,Textbook summary: Reference works list Stockholm as the capital of Sweden.,supported,"The retrieved source confirms Stockholm, so the claim is supported.",train
tc-01416,elements_number,The atomic number of Lead is 24.,Textbook summary: Lead is the chemical element with atomic number 82.,unsupported,"The source states 82. The claim says 24, which does not match.",val
tc-01417,elements_number,Silver has 24 protons in its nucleus.,"Conflicting reports. First report: An atom of Silver contains 47 protons. Second report: In the periodic table, Silver occupies position 24.",uncertain,Conflicting evidence means this claim cannot be marked supported or unsupported.,train
tc-01418,books,Jane Eyre was written by Charlotte Bronte.,The work Jane Eyre was authored by Charlotte Bronte.,supported,"The evidence states Charlotte Bronte, which matches the claim.",train
tc-01419,capitals,The capital of Russia is Moscow.,The capital of Russia is Moscow.,supported,"The evidence states Moscow, which matches the claim.",test
tc-01420,capitals,Berlin is the capital city of Ireland.,Reference works list Ottawa as the capital of Canada.,uncertain,The evidence is insufficient to confirm or contradict the claim.,train
tc-01421,geography,Chile is a country in Africa.,"Sources disagree. Source A: Geographically, Chile lies on the continent of South America. Source B: Chile is located in Africa.",uncertain,"The evidence conflicts, giving both South America and Africa.",train
tc-01422,events,"In 1666, the Great Fire of London broke out.","Sources disagree. Source A: The year 1666 is when the Great Fire of London broke out. Source B: The Great Fire of London broke out in 1665, according to standard histories.",uncertain,"The evidence conflicts, giving both 1666 and 1665.",train
tc-01423,capitals,The capital of Afghanistan is Berlin.,Textbook summary: The capital of Cuba is Havana.,uncertain,The evidence is insufficient to confirm or contradict the claim.,test
tc-01424,elements_number,The atomic number of Beryllium is 4.,An atom of Beryllium contains 4 protons. This is widely documented.,supported,"The evidence states 4, which matches the claim.",train
tc-01425,books,Franz Kafka is the author of Dracula.,Reference note: Dracula is a book by Bram Stoker.,unsupported,Retrieved evidence contradicts the claim: the correct value is Bram Stoker.,train
tc-01426,capitals,Bucharest is the capital city of Romania.,Bucharest is the capital city of Romania.,supported,"The retrieved source confirms Bucharest, so the claim is supported.",val
tc-01427,capitals,Colombia's capital is New Delhi.,Bogota is the capital city of Colombia. This is widely documented.,unsupported,Retrieved evidence contradicts the claim: the correct value is Bogota.,train
tc-01428,books,Hamlet was written by William Shakespeare.,The work Hamlet was authored by William Shakespeare. This is widely documented.,supported,"The retrieved source confirms William Shakespeare, so the claim is supported.",train
tc-01429,books,Charles Darwin is the author of Madame Bovary.,One source says: The work Madame Bovary was authored by Gustave Flaubert. Another source says: Madame Bovary is a book by Charles Darwin.,uncertain,"Sources disagree (Gustave Flaubert versus Charles Darwin), so the claim cannot be confirmed.",train
tc-01430,geography,Senegal is a country in Africa.,Textbook summary: Senegal is located in Africa.,supported,"The evidence states Africa, which matches the claim.",test
tc-01431,science,The Great Barrier Reef lies off the coast of the Philippines.,"The Great Barrier Reef is located off Queensland, Australia. This is widely documented.",unsupported,"Retrieved evidence contradicts the claim: the correct value is Queensland, Australia.",train
tc-01432,events,The Soviet Union was dissolved in 1991.,Textbook summary: The year 1991 is when the Soviet Union was dissolved.,supported,"The retrieved source confirms 1991, so the claim is supported.",train
tc-01433,capitals,Japan's capital is Tokyo.,Textbook summary: The capital of Russia is Moscow.,uncertain,"The retrieved text does not mention what the claim asserts, so it cannot be confirmed.",train
tc-01434,elements_number,Helium has 2 protons in its nucleus.,Helium is the chemical element with atomic number 2. This is widely documented.,supported,"The evidence states 2, which matches the claim.",train
tc-01435,geography,Cuba is in Africa.,Reference note: Cuba is located in North America.,unsupported,Retrieved evidence contradicts the claim: the correct value is North America.,train
tc-01436,capitals,Stockholm is the capital city of Jordan.,Textbook summary: Reference works list Amman as the capital of Jordan.,unsupported,Retrieved evidence contradicts the claim: the correct value is Amman.,val
tc-01437,capitals,Bucharest is the capital city of Romania.,Textbook summary: Romania is a country whose capital city is Bucharest.,supported,"The retrieved source confirms Bucharest, so the claim is supported.",val
tc-01438,formulas,Carbon monoxide has the formula H2SO4.,Textbook summary: The standard formula for carbon monoxide is CO.,unsupported,Retrieved evidence contradicts the claim: the correct value is CO.,train
tc-01439,elements_number,Nickel is element number 4.,"One source says: Nickel is the chemical element with atomic number 28. Another source says: In the periodic table, Nickel occupies position 4.",uncertain,"The evidence conflicts, giving both 28 and 4.",train
tc-01440,elements_symbol,The chemical symbol for Zinc is Zn.,Textbook summary: Potassium is abbreviated K in the periodic table.,uncertain,"The retrieved text does not mention what the claim asserts, so it cannot be confirmed.",train
tc-01441,books,The Divine Comedy was written by Emily Bronte.,Textbook summary: The work The Divine Comedy was authored by Dante Alighieri.,unsupported,"The evidence gives Dante Alighieri, not Emily Bronte, so the claim is contradicted.",train
tc-01442,formulas,Limestone has the formula CO2.,"One source says: The standard formula for limestone is CaCO3. Another source says: In chemistry, limestone is written as CO2.",uncertain,"Sources disagree (CaCO3 versus CO2), so the claim cannot be confirmed.",train
tc-01443,events,Alexander Fleming discovered penicillin in the year 1933.,"Alexander Fleming discovered penicillin in 1928, according to standard histories. This is widely documented.",unsupported,"The source states 1928. The claim says 1933, which does not match.",train
tc-01444,books,Mary Shelley is the author of The Hobbit.,Textbook summary: J. R. R. Tolkien wrote The Hobbit.,unsupported,"The source states J. R. R. Tolkien. The claim says Mary Shelley, which does not match.",train
tc-01445,planets,"Counting outward from the Sun, Venus is the second planet.","In order of distance from the Sun, Uranus comes seventh. This is widely documented.",uncertain,"The retrieved text does not mention what the claim asserts, so it cannot be confirmed.",train
tc-01446,planets,"Counting outward from the Sun, Mars is the first planet.","In order of distance from the Sun, Mars comes fourth.",unsupported,"The source states fourth. The claim says first, which does not match.",train
tc-01447,capitals,The capital of Bangladesh is Dhaka.,Dhaka is the capital city of Bangladesh. This is widely documented.,supported,"The retrieved source confirms Dhaka, so the claim is supported.",train
tc-01448,formulas,Ammonia has the formula NaCl.,Textbook summary: The standard formula for water is H2O.,uncertain,The evidence is about a different subject and does not address this claim.,train
tc-01449,elements_number,Uranium is element number 3.,Reference note: Uranium is the chemical element with atomic number 92.,unsupported,"The evidence gives 92, not 3, so the claim is contradicted.",train
tc-01450,science,Water freezes at 4 degrees Celsius at standard pressure.,"The official height of Mount Everest is about 8,849 metres above sea level.",uncertain,The evidence is insufficient to confirm or contradict the claim.,train
tc-01451,events,The Wall Street Crash began in the year 1929.,"The Wall Street Crash began in 1929, according to standard histories. This is widely documented.",supported,The evidence directly supports the claim: it gives 1929.,train
tc-01452,books,Charles Darwin is the author of On the Origin of Species.,The Wealth of Nations is a book by Adam Smith. This is widely documented.,uncertain,"The retrieved text does not mention what the claim asserts, so it cannot be confirmed.",train
tc-01453,capitals,Amsterdam is the capital city of Australia.,Textbook summary: Reference works list Canberra as the capital of Australia.,unsupported,"The source states Canberra. The claim says Amsterdam, which does not match.",train
tc-01454,books,Don Quixote was written by Charles Darwin.,Textbook summary: Miguel de Cervantes wrote Don Quixote.,unsupported,"The source states Miguel de Cervantes. The claim says Charles Darwin, which does not match.",train
tc-01455,elements_symbol,He is the symbol of the element Copper.,Nickel is abbreviated Ni in the periodic table. This is widely documented.,uncertain,"The retrieved text does not mention what the claim asserts, so it cannot be confirmed.",train
tc-01456,elements_symbol,The chemical symbol for Neon is He.,The element Nitrogen is represented by the symbol N. This is widely documented.,uncertain,The evidence is about a different subject and does not address this claim.,train
tc-01457,elements_symbol,Pb is the symbol of the element Platinum.,Conflicting reports. First report: The element Platinum is represented by the symbol Pt. Second report: Platinum is abbreviated Pb in the periodic table.,uncertain,"Sources disagree (Pt versus Pb), so the claim cannot be confirmed.",train
tc-01458,capitals,Ghana's capital is Stockholm.,Ghana is a country whose capital city is Accra.,unsupported,"The evidence gives Accra, not Stockholm, so the claim is contradicted.",test
tc-01459,events,Watson and Crick published the double helix structure of DNA in the year 1953.,Conflicting reports. First report: Historical records show that Watson and Crick published the double helix structure of DNA in 1953. Second report: The year 1948 is when Watson and Crick published the double helix structure of DNA.,uncertain,"Sources disagree (1953 versus 1948), so the claim cannot be confirmed.",test
tc-01460,events,"In 1972, Apollo 11 landed the first humans on the Moon.",Historical records show that Apollo 11 landed the first humans on the Moon in 1969. This is widely documented.,unsupported,"The evidence gives 1969, not 1972, so the claim is contradicted.",train
tc-01461,capitals,The capital of the Netherlands is Amsterdam.,Textbook summary: The capital of the Netherlands is Amsterdam.,supported,"The evidence states Amsterdam, which matches the claim.",train
tc-01462,capitals,The capital of Peru is Lima.,Textbook summary: Reference works list Lima as the capital of Peru.,supported,"The retrieved source confirms Lima, so the claim is supported.",train
tc-01463,elements_symbol,The chemical symbol for Nickel is He.,The standard chemical symbol for Chromium is Cr. This is widely documented.,uncertain,The evidence is insufficient to confirm or contradict the claim.,train
tc-01464,formulas,O3 is the formula for ozone.,"In chemistry, baking soda is written as NaHCO3.",uncertain,"The retrieved text does not mention what the claim asserts, so it cannot be confirmed.",train
tc-01465,capitals,Algiers is the capital city of Algeria.,The capital of Algeria is Algiers.,supported,"The retrieved source confirms Algiers, so the claim is supported.",train
tc-01466,events,"In 1974, the Space Shuttle Challenger disaster occurred.",The year 1776 is when the United States Declaration of Independence was adopted.,uncertain,The evidence is about a different subject and does not address this claim.,test
tc-01467,capitals,Copenhagen is the capital city of Denmark.,Conflicting reports. First report: Copenhagen is the capital city of Denmark. Second report: Rabat is the capital city of Denmark.,uncertain,"The evidence conflicts, giving both Copenhagen and Rabat.",train
tc-01468,elements_number,The atomic number of Cobalt is 2.,Textbook summary: An atom of Cobalt contains 27 protons.,unsupported,"The source states 27. The claim says 2, which does not match.",train
tc-01469,capitals,The United Kingdom's capital is Tokyo.,The United Kingdom is a country whose capital city is London.,unsupported,"The source states London. The claim says Tokyo, which does not match.",train
tc-01470,elements_number,Chlorine is element number 1.,Textbook summary: Nickel is the chemical element with atomic number 28.,uncertain,The evidence is about a different subject and does not address this claim.,train
tc-01471,elements_number,Neon has 10 protons in its nucleus.,Reference note: Neon is the chemical element with atomic number 10.,supported,The evidence directly supports the claim: it gives 10.,train
tc-01472,elements_number,Helium has 25 protons in its nucleus.,An atom of Helium contains 2 protons. This is widely documented.,unsupported,Retrieved evidence contradicts the claim: the correct value is 2.,train
tc-01473,books,The Republic was written by Plato.,Textbook summary: Plato wrote The Republic.,supported,"The evidence states Plato, which matches the claim.",train
tc-01474,events,The Wall Street Crash began in 1917.,Textbook summary: Historical records show that the Wall Street Crash began in 1929.,unsupported,"The evidence gives 1929, not 1917, so the claim is contradicted.",train
tc-01475,capitals,Switzerland's capital is Reykjavik.,Reference note: Switzerland is a country whose capital city is Bern.,unsupported,Retrieved evidence contradicts the claim: the correct value is Bern.,val
tc-01476,capitals,Cuba's capital is Havana.,Reference works list Havana as the capital of Cuba. This is widely documented.,supported,The evidence directly supports the claim: it gives Havana.,train
tc-01477,capitals,Kampala is the capital city of Uganda.,Uganda is a country whose capital city is Kampala. This is widely documented.,supported,"The evidence states Kampala, which matches the claim.",train
tc-01478,capitals,The capital of Iran is Hanoi.,Reference note: Reference works list Tehran as the capital of Iran.,unsupported,"The evidence gives Tehran, not Hanoi, so the claim is contradicted.",train
tc-01479,elements_symbol,He is the symbol of the element Gold.,Reference note: The element Lithium is represented by the symbol Li.,uncertain,The evidence is about a different subject and does not address this claim.,train
tc-01480,elements_symbol,The chemical symbol for Silver is Ag.,Conflicting reports. First report: The standard chemical symbol for Silver is Ag. Second report: The element Silver is represented by the symbol Cl.,uncertain,Conflicting evidence means this claim cannot be marked supported or unsupported.,train
tc-01481,elements_number,Copper has 29 protons in its nucleus.,Sulfur is the chemical element with atomic number 16.,uncertain,The evidence is about a different subject and does not address this claim.,test
tc-01482,capitals,Tripoli is the capital city of Algeria.,Algiers is the capital city of Algeria. This is widely documented.,unsupported,"The source states Algiers. The claim says Tripoli, which does not match.",train
tc-01483,events,The Statue of Liberty was dedicated in the year 1874.,"Conflicting reports. First report: The Statue of Liberty was dedicated in 1886, according to standard histories. Second report: Historical records show that the Statue of Liberty was dedicated in 1874.",uncertain,"The evidence conflicts, giving both 1886 and 1874.",train
tc-01484,events,The Titanic sank in 1915.,"Reference note: The Titanic sank in 1912, according to standard histories.",unsupported,Retrieved evidence contradicts the claim: the correct value is 1912.,train
tc-01485,capitals,The capital of Malaysia is Kuala Lumpur.,Malaysia is a country whose capital city is Kuala Lumpur. This is widely documented.,supported,"The retrieved source confirms Kuala Lumpur, so the claim is supported.",train
tc-01486,events,World War II ended in the year 1946.,"Conflicting reports. First report: World War II ended in 1945, according to standard histories. Second report: World War II ended in 1946, according to standard histories.",uncertain,Conflicting evidence means this claim cannot be marked supported or unsupported.,train
tc-01487,events,"In 1989, the Berlin Wall fell.",The year 1989 is when the Berlin Wall fell. This is widely documented.,supported,"The evidence states 1989, which matches the claim.",train
tc-01488,capitals,New Delhi is the capital city of India.,Reference note: The capital of Uzbekistan is Tashkent.,uncertain,The evidence is about a different subject and does not address this claim.,test
tc-01489,science,Earth takes about 500 days to orbit the Sun.,Conflicting reports. First report: One orbit of Earth around the Sun takes about 365 days. Second report: One orbit of Earth around the Sun takes about 500 days.,uncertain,"Sources disagree (365 days versus 500 days), so the claim cannot be confirmed.",train
tc-01490,books,The author of Don Quixote is Miguel de Cervantes.,Miguel de Cervantes wrote Don Quixote.,supported,"The evidence states Miguel de Cervantes, which matches the claim.",train
tc-01491,science,Pi is approximately 3.0.,Conflicting reports. First report: The mathematical constant pi is approximately 3.14159. Second report: The mathematical constant pi is approximately 3.0.,uncertain,"The evidence conflicts, giving both 3.14159 and 3.0.",train
tc-01492,geography,Jamaica is in Oceania.,Jamaica is part of North America. This is widely documented.,unsupported,"The evidence gives North America, not Oceania, so the claim is contradicted.",val
tc-01493,elements_symbol,Ar is the symbol of the element Sulfur.,Conflicting reports. First report: Sulfur is abbreviated S in the periodic table. Second report: Sulfur is abbreviated Ar in the periodic table.,uncertain,"The evidence conflicts, giving both S and Ar.",train
tc-01494,capitals,Belgium's capital is Brussels.,Reference note: The capital of Belgium is Brussels.,supported,The evidence directly supports the claim: it gives Brussels.,train
tc-01495,elements_number,Uranium is element number 92.,Textbook summary: An atom of Nickel contains 28 protons.,uncertain,"The retrieved text does not mention what the claim asserts, so it cannot be confirmed.",train
tc-01496,capitals,Riyadh is the capital city of Saudi Arabia.,One source says: Saudi Arabia is a country whose capital city is Riyadh. Another source says: Ulaanbaatar is the capital city of Saudi Arabia.,uncertain,Conflicting evidence means this claim cannot be marked supported or unsupported.,test
tc-01497,capitals,The capital of Iran is Tehran.,Reference note: Iran is a country whose capital city is Tehran.,supported,The evidence directly supports the claim: it gives Tehran.,train
tc-01498,elements_number,Carbon has 4 protons in its nucleus.,"In the periodic table, Carbon occupies position 6.",unsupported,"The evidence gives 6, not 4, so the claim is contradicted.",train
tc-01499,elements_number,The atomic number of Gold is 30.,Gold is the chemical element with atomic number 79. This is widely documented.,unsupported,"The evidence gives 79, not 30, so the claim is contradicted.",train
tc-01500,events,The Berlin Wall was built in the year 1958.,Historical records show that the Berlin Wall was built in 1961.,unsupported,"The evidence gives 1961, not 1958, so the claim is contradicted.",val
tc-01501,elements_symbol,Cl is the symbol of the element Chlorine.,Reference note: The element Chlorine is represented by the symbol Cl.,supported,"The retrieved source confirms Cl, so the claim is supported.",train
tc-01502,books,The author of A Brief History of Time is Stephen Hawking.,The work A Brief History of Time was authored by Stephen Hawking. This is widely documented.,supported,"The evidence states Stephen Hawking, which matches the claim.",train
tc-01503,capitals,Zimbabwe's capital is Harare.,Reference note: Harare is the capital city of Zimbabwe.,supported,"The evidence states Harare, which matches the claim.",train
tc-01504,books,Thomas Hobbes is the author of The Trial.,Textbook summary: Franz Kafka wrote The Trial.,unsupported,Retrieved evidence contradicts the claim: the correct value is Franz Kafka.,train
tc-01505,events,The Chernobyl nuclear disaster occurred in 1986.,Textbook summary: Historical records show that the Chernobyl nuclear disaster occurred in 1986.,supported,The evidence directly supports the claim: it gives 1986.,train
tc-01506,capitals,Berlin is the capital city of Spain.,Madrid is the capital city of Spain. This is widely documented.,unsupported,Retrieved evidence contradicts the claim: the correct value is Madrid.,train
tc-01507,capitals,Paris is the capital city of South Korea.,Textbook summary: Poland is a country whose capital city is Warsaw.,uncertain,The evidence is insufficient to confirm or contradict the claim.,train
tc-01508,capitals,The capital of Iran is Amsterdam.,Sources disagree. Source A: Iran is a country whose capital city is Tehran. Source B: Iran is a country whose capital city is Amsterdam.,uncertain,"Sources disagree (Tehran versus Amsterdam), so the claim cannot be confirmed.",train
tc-01509,capitals,Colombia's capital is Riga.,Textbook summary: Reference works list Bogota as the capital of Colombia.,unsupported,"The source states Bogota. The claim says Riga, which does not match.",train
tc-01510,elements_symbol,The chemical symbol for Iron is Fe.,Textbook summary: Iron is abbreviated Fe in the periodic table.,supported,"The evidence states Fe, which matches the claim.",test
tc-01511,events,The Titanic sank in the year 1900.,Reference note: Historical records show that Edmund Hillary and Tenzing Norgay first reached the summit of Mount Everest in 1953.,uncertain,"The retrieved text does not mention what the claim asserts, so it cannot be confirmed.",train
tc-01512,science,Earth takes about 500 days to orbit the Sun.,Textbook summary: One orbit of Earth around the Sun takes about 365 days.,unsupported,"The evidence gives 365 days, not 500 days, so the claim is contradicted.",train
tc-01513,capitals,Beirut is the capital city of Lebanon.,Reference works list Beirut as the capital of Lebanon. This is widely documented.,supported,"The retrieved source confirms Beirut, so the claim is supported.",train
tc-01514,capitals,The capital of the Netherlands is Amsterdam.,Textbook summary: The Netherlands is a country whose capital city is Amsterdam.,supported,The evidence directly supports the claim: it gives Amsterdam.,train
tc-01515,science,"Light travels through a vacuum at about 299,792 kilometres per second.","In a vacuum, light travels at roughly 299,792 kilometres per second. This is widely documented.",supported,"The evidence directly supports the claim: it gives 299,792 kilometres per second.",train
tc-01516,events,The Space Shuttle Columbia first flew in 1982.,The year 1981 is when the Space Shuttle Columbia first flew. This is widely documented.,unsupported,"The source states 1981. The claim says 1982, which does not match.",train
tc-01517,planets,Uranus is the sixth planet from the Sun.,"Conflicting reports. First report: Uranus is the seventh planet from the Sun in the Solar System. Second report: In order of distance from the Sun, Uranus comes sixth.",uncertain,"The evidence conflicts, giving both seventh and sixth.",train
tc-01518,events,"In 1995, the first iPhone was released.",Reference note: The year 2007 is when the first iPhone was released.,unsupported,Retrieved evidence contradicts the claim: the correct value is 2007.,train
tc-01519,elements_number,Silver is element number 19.,"In the periodic table, Silver occupies position 47.",unsupported,"The source states 47. The claim says 19, which does not match.",train
tc-01520,books,The author of Things Fall Apart is Chinua Achebe.,Textbook summary: William Shakespeare wrote Hamlet.,uncertain,"The retrieved text does not mention what the claim asserts, so it cannot be confirmed.",train
tc-01521,elements_symbol,The chemical symbol for Sodium is W.,The standard chemical symbol for Sodium is Na. This is widely documented.,unsupported,"The source states Na. The claim says W, which does not match.",train
tc-01522,books,Franz Kafka is the author of The Trial.,Reference note: The work The Trial was authored by Franz Kafka.,supported,"The evidence states Franz Kafka, which matches the claim.",train
tc-01523,science,A leap year has 366 days.,A leap year in the Gregorian calendar contains 366 days.,supported,The evidence directly supports the claim: it gives 366 days.,train
tc-01524,elements_number,Chromium has 17 protons in its nucleus.,"Reference note: In the periodic table, Chromium occupies position 24.",unsupported,"The source states 24. The claim says 17, which does not match.",train
tc-01525,events,World War I began in 1914.,"Textbook summary: The Suez Canal opened in 1869, according to standard histories.",uncertain,"The retrieved text does not mention what the claim asserts, so it cannot be confirmed.",train
tc-01526,capitals,Beijing is the capital city of Argentina.,Reference works list Buenos Aires as the capital of Argentina.,unsupported,Retrieved evidence contradicts the claim: the correct value is Buenos Aires.,train
tc-01527,elements_number,The atomic number of Sulfur is 2.,Boron is the chemical element with atomic number 5.,uncertain,The evidence is insufficient to confirm or contradict the claim.,train
tc-01528,science,A leap year has 366 days.,"At 20 degrees Celsius, the speed of sound in air is about 343 metres per second.",uncertain,The evidence is about a different subject and does not address this claim.,train
tc-01529,geography,Poland is a country in Africa.,"Geographically, Brazil lies on the continent of South America. This is widely documented.",uncertain,The evidence is insufficient to confirm or contradict the claim.,test
tc-01530,events,The first modern Olympic Games were held in Athens in the year 1896.,"The Cuban Missile Crisis took place in 1962, according to standard histories.",uncertain,"The retrieved text does not mention what the claim asserts, so it cannot be confirmed.",test
tc-01531,books,The author of Hamlet is Emily Bronte.,Textbook summary: The work Hamlet was authored by William Shakespeare.,unsupported,Retrieved evidence contradicts the claim: the correct value is William Shakespeare.,train
tc-01532,science,Plants absorb methane for photosynthesis.,"Reference note: During photosynthesis, plants take in carbon dioxide.",unsupported,"The source states carbon dioxide. The claim says methane, which does not match.",train
tc-01533,science,Humans typically have 46 pairs of chromosomes.,A typical human cell contains 23 pairs of chromosomes. This is widely documented.,unsupported,"The evidence gives 23 pairs of chromosomes, not 46 pairs of chromosomes, so the claim is contradicted.",train
tc-01534,events,The Treaty of Versailles was signed in the year 1919.,One source says: The year 1919 is when the Treaty of Versailles was signed. Another source says: Historical records show that the Treaty of Versailles was signed in 1914.,uncertain,"Sources disagree (1919 versus 1914), so the claim cannot be confirmed.",train
tc-01535,capitals,Havana is the capital city of Cuba.,Sources disagree. Source A: Reference works list Havana as the capital of Cuba. Source B: Reference works list Ulaanbaatar as the capital of Cuba.,uncertain,"The evidence conflicts, giving both Havana and Ulaanbaatar.",train
tc-01536,books,Fyodor Dostoevsky is the author of Crime and Punishment.,Textbook summary: Gabriel Garcia Marquez wrote One Hundred Years of Solitude.,uncertain,The evidence is about a different subject and does not address this claim.,train
tc-01537,formulas,The chemical formula of sulfur dioxide is SO2.,Textbook summary: The standard formula for sulfur dioxide is SO2.,supported,The evidence directly supports the claim: it gives SO2.,train
tc-01538,capitals,Paris is the capital city of Russia.,Reference note: Wellington is the capital city of New Zealand.,uncertain,The evidence is about a different subject and does not address this claim.,test
tc-01539,books,Crime and Punishment was written by J. R. R. Tolkien.,Textbook summary: Fyodor Dostoevsky wrote Crime and Punishment.,unsupported,"The source states Fyodor Dostoevsky. The claim says J. R. R. Tolkien, which does not match.",train
tc-01540,science,The Solar System has seven planets.,"During photosynthesis, plants take in carbon dioxide.",uncertain,"The retrieved text does not mention what the claim asserts, so it cannot be confirmed.",test
tc-01541,capitals,Bulgaria's capital is Sofia.,Sofia is the capital city of Bulgaria.,supported,"The retrieved source confirms Sofia, so the claim is supported.",train
tc-01542,formulas,The chemical formula of table salt is CO2.,Hydrogen peroxide has the chemical formula H2O2. This is widely documented.,uncertain,The evidence is about a different subject and does not address this claim.,train
tc-01543,geography,Morocco lies on the continent of Africa.,Morocco is located in Africa. This is widely documented.,supported,"The evidence states Africa, which matches the claim.",test
tc-01544,capitals,Belgium's capital is Brussels.,One source says: Reference works list Brussels as the capital of Belgium. Another source says: The capital of Belgium is Zagreb.,uncertain,"The evidence conflicts, giving both Brussels and Zagreb.",train
tc-01545,capitals,The capital of the Netherlands is Berlin.,Reference note: Vietnam is a country whose capital city is Hanoi.,uncertain,The evidence is insufficient to confirm or contradict the claim.,train
tc-01546,elements_symbol,The chemical symbol for Mercury is N.,Mercury is abbreviated Hg in the periodic table. This is widely documented.,unsupported,Retrieved evidence contradicts the claim: the correct value is Hg.,test
tc-01547,geography,India is a country in Asia.,Textbook summary: India is part of Asia.,supported,The evidence directly supports the claim: it gives Asia.,train
tc-01548,geography,Finland lies on the continent of South America.,Pakistan is part of Asia. This is widely documented.,uncertain,The evidence is insufficient to confirm or contradict the claim.,train
tc-01549,capitals,The capital of Kenya is Nairobi.,Reference note: Nairobi is the capital city of Kenya.,supported,"The retrieved source confirms Nairobi, so the claim is supported.",test
tc-01550,capitals,Budapest is the capital city of Norway.,Norway is a country whose capital city is Oslo. This is widely documented.,unsupported,"The evidence gives Oslo, not Budapest, so the claim is contradicted.",train
tc-01551,capitals,Belgrade is the capital city of Ireland.,One source says: The capital of Ireland is Dublin. Another source says: The capital of Ireland is Belgrade.,uncertain,"Sources disagree (Dublin versus Belgrade), so the claim cannot be confirmed.",train
tc-01552,events,Christopher Columbus made his first voyage across the Atlantic in 1492.,Conflicting reports. First report: Historical records show that Christopher Columbus made his first voyage across the Atlantic in 1492. Second report: The year 1491 is when Christopher Columbus made his first voyage across the Atlantic.,uncertain,"The evidence conflicts, giving both 1492 and 1491.",train
tc-01553,events,The Chernobyl nuclear disaster occurred in the year 1989.,The year 1986 is when the Chernobyl nuclear disaster occurred.,unsupported,"The evidence gives 1986, not 1989, so the claim is contradicted.",train
tc-01554,geography,Canada is a country in Africa.,Canada is part of North America. This is widely documented.,unsupported,"The evidence gives North America, not Africa, so the claim is contradicted.",train
tc-01555,elements_symbol,The chemical symbol for Gold is He.,Textbook summary: The element Calcium is represented by the symbol Ca.,uncertain,"The retrieved text does not mention what the claim asserts, so it cannot be confirmed.",train
tc-01556,books,William Shakespeare is the author of Pride and Prejudice.,Reference note: The work Pride and Prejudice was authored by Jane Austen.,unsupported,"The source states Jane Austen. The claim says William Shakespeare, which does not match.",train
tc-01557,capitals,The capital of Uganda is Kampala.,Reference note: Reference works list Kampala as the capital of Uganda.,supported,The evidence directly supports the claim: it gives Kampala.,train
tc-01558,books,Franz Kafka is the author of The Trial.,Franz Kafka wrote The Trial.,supported,The evidence directly supports the claim: it gives Franz Kafka.,train
tc-01559,books,Thomas Hobbes is the author of Leviathan.,Reference note: Thomas Hobbes wrote Leviathan.,supported,"The retrieved source confirms Thomas Hobbes, so the claim is supported.",train
tc-01560,geography,Chile is a country in Africa.,"Geographically, South Korea lies on the continent of Asia. This is widely documented.",uncertain,The evidence is insufficient to confirm or contradict the claim.,train
tc-01561,books,The author of 1984 is George Orwell.,1984 is a book by George Orwell. This is widely documented.,supported,The evidence directly supports the claim: it gives George Orwell.,train
tc-01562,events,"In 1869, the Suez Canal opened.",Historical records show that the Suez Canal opened in 1869.,supported,"The evidence states 1869, which matches the claim.",train
tc-01563,events,"In 1874, the Suez Canal opened.",The year 1869 is when the Suez Canal opened. This is widely documented.,unsupported,"The evidence gives 1869, not 1874, so the claim is contradicted.",train
tc-01564,capitals,Lima is the capital city of Peru.,Sources disagree. Source A: Lima is the capital city of Peru. Source B: Belgrade is the capital city of Peru.,uncertain,Conflicting evidence means this claim cannot be marked supported or unsupported.,train
tc-01565,events,The United Kingdom held its Brexit referendum in the year 2016.,"One source says: The United Kingdom held its Brexit referendum in 2016, according to standard histories. Another source says: The United Kingdom held its Brexit referendum in 2021, according to standard histories.",uncertain,"The evidence conflicts, giving both 2016 and 2021.",train
tc-01566,events,The French Revolution began in 1789.,One source says: Historical records show that the French Revolution began in 1789. Another source says: Historical records show that the French Revolution began in 1801.,uncertain,"The evidence conflicts, giving both 1789 and 1801.",train
tc-01567,geography,Kenya lies on the continent of Africa.,India is located in Asia.,uncertain,The evidence is about a different subject and does not address this claim.,train
tc-01568,elements_number,Tin has 80 protons in its nucleus.,"In the periodic table, Tin occupies position 50.",unsupported,"The evidence gives 50, not 80, so the claim is contradicted.",val
tc-01569,capitals,Ulaanbaatar is the capital city of Nigeria.,Textbook summary: The capital of Nigeria is Abuja.,unsupported,"The source states Abuja. The claim says Ulaanbaatar, which does not match.",train
tc-01570,events,Watson and Crick published the double helix structure of DNA in the year 1953.,Reference note: The year 1953 is when Watson and Crick published the double helix structure of DNA.,supported,The evidence directly supports the claim: it gives 1953.,test
tc-01571,elements_symbol,F is the symbol of the element Copper.,Reference note: The standard chemical symbol for Copper is Cu.,unsupported,Retrieved evidence contradicts the claim: the correct value is Cu.,train
tc-01572,geography,Ghana is a country in Europe.,Ghana is part of Africa. This is widely documented.,unsupported,Retrieved evidence contradicts the claim: the correct value is Africa.,train
tc-01573,books,Mary Shelley is the author of Frankenstein.,Reference note: Mary Shelley wrote Frankenstein.,supported,"The retrieved source confirms Mary Shelley, so the claim is supported.",train
tc-01574,planets,Venus is the sixth planet from the Sun.,"In order of distance from the Sun, Venus comes second. This is widely documented.",unsupported,Retrieved evidence contradicts the claim: the correct value is second.,train
tc-01575,capitals,The capital of Austria is Zagreb.,Textbook summary: Austria is a country whose capital city is Vienna.,unsupported,"The source states Vienna. The claim says Zagreb, which does not match.",train
tc-01576,science,The largest planet in the Solar System is Earth.,One source says: Jupiter is the largest planet in the Solar System. Another source says: Earth is the largest planet in the Solar System.,uncertain,Conflicting evidence means this claim cannot be marked supported or unsupported.,train
tc-01577,books,Homer is the author of To Kill a Mockingbird.,The work To Kill a Mockingbird was authored by Harper Lee.,unsupported,"The source states Harper Lee. The claim says Homer, which does not match.",train
tc-01578,geography,Pakistan is a country in North America.,Pakistan is located in Asia.,unsupported,"The source states Asia. The claim says North America, which does not match.",train
tc-01579,capitals,Havana is the capital city of Jordan.,Sources disagree. Source A: The capital of Jordan is Amman. Source B: Havana is the capital city of Jordan.,uncertain,"The evidence conflicts, giving both Amman and Havana.",val
tc-01580,formulas,CaCO3 is the formula for limestone.,"In chemistry, limestone is written as CaCO3. This is widely documented.",supported,The evidence directly supports the claim: it gives CaCO3.,train
tc-01581,books,Madame Bovary was written by Leo Tolstoy.,Reference note: The work Madame Bovary was authored by Gustave Flaubert.,unsupported,"The source states Gustave Flaubert. The claim says Leo Tolstoy, which does not match.",train
tc-01582,capitals,The capital of Slovenia is Kyiv.,Reference note: Reference works list Ljubljana as the capital of Slovenia.,unsupported,"The evidence gives Ljubljana, not Kyiv, so the claim is contradicted.",train
tc-01583,formulas,Limestone has the formula O3.,The standard formula for limestone is CaCO3.,unsupported,"The source states CaCO3. The claim says O3, which does not match.",train
tc-01584,events,Edmund Hillary and Tenzing Norgay first reached the summit of Mount Everest in the year 1941.,"The Wright brothers made their first powered flight in 1903, according to standard histories. This is widely documented.",uncertain,The evidence is insufficient to confirm or contradict the claim.,train
tc-01585,capitals,The capital of China is Beijing.,Beijing is the capital city of China.,supported,The evidence directly supports the claim: it gives Beijing.,train
tc-01586,science,"Mount Everest rises about 8,849 metres above sea level.","Conflicting reports. First report: The official height of Mount Everest is about 8,849 metres above sea level. Second report: The official height of Mount Everest is about 9,500 metres above sea level.",uncertain,"The evidence conflicts, giving both 8,849 metres and 9,500 metres.",val
tc-01587,books,Plato is the author of The Republic.,Sources disagree. Source A: The Republic is a book by Plato. Source B: Dante Alighieri wrote The Republic.,uncertain,"The evidence conflicts, giving both Plato and Dante Alighieri.",train
tc-01588,capitals,The capital of Angola is Baghdad.,Textbook summary: Angola is a country whose capital city is Luanda.,unsupported,"The evidence gives Luanda, not Baghdad, so the claim is contradicted.",train
tc-01589,capitals,Norway's capital is Oslo.,Norway is a country whose capital city is Oslo. This is widely documented.,supported,"The retrieved source confirms Oslo, so the claim is supported.",train
tc-01590,events,The Suez Canal opened in the year 1862.,The year 1869 is when the Suez Canal opened.,unsupported,"The evidence gives 1869, not 1862, so the claim is contradicted.",train
tc-01591,books,The Trial was written by Franz Kafka.,Textbook summary: The Trial is a book by Franz Kafka.,supported,"The evidence states Franz Kafka, which matches the claim.",train
tc-01592,geography,Japan is a country in Africa.,"Reference note: Geographically, Vietnam lies on the continent of Asia.",uncertain,The evidence is about a different subject and does not address this claim.,train
tc-01593,planets,"Counting outward from the Sun, Mars is the seventh planet.","Reference note: In order of distance from the Sun, Mars comes fourth.",unsupported,"The source states fourth. The claim says seventh, which does not match.",train
tc-01594,elements_number,Nickel has 28 protons in its nucleus.,Nickel is the chemical element with atomic number 28.,supported,The evidence directly supports the claim: it gives 28.,train
tc-01595,elements_symbol,Li is the symbol of the element Zinc.,Reference note: The element Zinc is represented by the symbol Zn.,unsupported,Retrieved evidence contradicts the claim: the correct value is Zn.,train
tc-01596,elements_number,The atomic number of Neon is 30.,"Textbook summary: In the periodic table, Neon occupies position 10.",unsupported,Retrieved evidence contradicts the claim: the correct value is 10.,train
tc-01597,geography,Australia is in Europe.,"Reference note: Geographically, Australia lies on the continent of Oceania.",unsupported,"The evidence gives Oceania, not Europe, so the claim is contradicted.",train
tc-01598,books,Leviathan was written by Thomas Hobbes.,Leviathan is a book by Thomas Hobbes.,supported,The evidence directly supports the claim: it gives Thomas Hobbes.,train
tc-01599,capitals,Iceland's capital is Berlin.,The capital of Chile is Santiago. This is widely documented.,uncertain,The evidence is insufficient to confirm or contradict the claim.,train
tc-01600,geography,Canada is in Europe.,"Geographically, Canada lies on the continent of North America. This is widely documented.",unsupported,Retrieved evidence contradicts the claim: the correct value is North America.,train
tc-01601,events,The American Civil War began in 1861.,"Textbook summary: The American Civil War began in 1861, according to standard histories.",supported,"The evidence states 1861, which matches the claim.",train
tc-01602,capitals,Tehran is the capital city of Egypt.,One source says: The capital of Egypt is Cairo. Another source says: Tehran is the capital city of Egypt.,uncertain,"The evidence conflicts, giving both Cairo and Tehran.",train
tc-01603,capitals,The capital of Norway is Oslo.,Textbook summary: Norway is a country whose capital city is Oslo.,supported,"The evidence states Oslo, which matches the claim.",train
tc-01604,capitals,Ghana's capital is Accra.,Reference note: Ghana is a country whose capital city is Accra.,supported,The evidence directly supports the claim: it gives Accra.,test
tc-01605,events,The Berlin Wall fell in the year 1986.,"Sources disagree. Source A: The Berlin Wall fell in 1989, according to standard histories. Source B: Historical records show that the Berlin Wall fell in 1986.",uncertain,"The evidence conflicts, giving both 1989 and 1986.",train
tc-01606,events,"In 1969, Apollo 11 landed the first humans on the Moon.",Textbook summary: Historical records show that the Hubble Space Telescope was launched in 1990.,uncertain,The evidence is insufficient to confirm or contradict the claim.,train
tc-01607,events,The first modern Olympic Games were held in Athens in the year 1889.,Textbook summary: Historical records show that the first modern Olympic Games were held in Athens in 1896.,unsupported,Retrieved evidence contradicts the claim: the correct value is 1896.,test
tc-01608,science,Water boils at 100 degrees Celsius at standard sea-level pressure.,Reference note: A typical human cell contains 23 pairs of chromosomes.,uncertain,The evidence is about a different subject and does not address this claim.,test
tc-01609,formulas,Water has the formula H2O.,"Conflicting reports. First report: In chemistry, water is written as H2O. Second report: Water has the chemical formula CO.",uncertain,Conflicting evidence means this claim cannot be marked supported or unsupported.,train
tc-01610,geography,Japan lies on the continent of Asia.,"Geographically, Japan lies on the continent of Asia. This is widely documented.",supported,"The evidence states Asia, which matches the claim.",train
tc-01611,capitals,Lithuania's capital is Paris.,Textbook summary: Reference works list Athens as the capital of Greece.,uncertain,The evidence is about a different subject and does not address this claim.,train
tc-01612,elements_number,The atomic number of Carbon is 1.,Textbook summary: An atom of Nickel contains 28 protons.,uncertain,The evidence is about a different subject and does not address this claim.,train
tc-01613,elements_number,Sulfur is element number 16.,An atom of Sulfur contains 16 protons.,supported,The evidence directly supports the claim: it gives 16.,train
tc-01614,events,World War II ended in the year 1942.,Historical records show that World War II ended in 1945. This is widely documented.,unsupported,"The evidence gives 1945, not 1942, so the claim is contradicted.",train
tc-01615,events,The Suez Canal opened in the year 1869.,The year 1869 is when the Suez Canal opened. This is widely documented.,supported,"The evidence states 1869, which matches the claim.",train
tc-01616,elements_number,Fluorine has 9 protons in its nucleus.,Fluorine is the chemical element with atomic number 9. This is widely documented.,supported,The evidence directly supports the claim: it gives 9.,train
tc-01617,events,The atomic bomb was dropped on Hiroshima in the year 1943.,Reference note: Historical records show that the atomic bomb was dropped on Hiroshima in 1945.,unsupported,Retrieved evidence contradicts the claim: the correct value is 1945.,train
tc-01618,capitals,Romania's capital is Bucharest.,The capital of Romania is Bucharest. This is widely documented.,supported,"The retrieved source confirms Bucharest, so the claim is supported.",val
tc-01619,formulas,The chemical formula of hydrogen peroxide is H2O2.,Sources disagree. Source A: The standard formula for hydrogen peroxide is H2O2. Source B: Hydrogen peroxide has the chemical formula C2H5OH.,uncertain,"Sources disagree (H2O2 versus C2H5OH), so the claim cannot be confirmed.",train
tc-01620,capitals,Kuala Lumpur is the capital city of Malaysia.,Reference works list Kuala Lumpur as the capital of Malaysia.,supported,"The evidence states Kuala Lumpur, which matches the claim.",train
tc-01621,capitals,Warsaw is the capital city of the United Kingdom.,The United Kingdom is a country whose capital city is London.,unsupported,"The evidence gives London, not Warsaw, so the claim is contradicted.",train
tc-01622,capitals,Paris is the capital city of Uruguay.,Textbook summary: Accra is the capital city of Ghana.,uncertain,The evidence is insufficient to confirm or contradict the claim.,train
tc-01623,capitals,The capital of Australia is Brasilia.,Reference note: The capital of Australia is Canberra.,unsupported,"The evidence gives Canberra, not Brasilia, so the claim is contradicted.",train
tc-01624,books,The Odyssey was written by Homer.,Textbook summary: Homer wrote The Odyssey.,supported,"The retrieved source confirms Homer, so the claim is supported.",train
tc-01625,capitals,The capital of Lebanon is Beirut.,Reference works list Stockholm as the capital of Sweden.,uncertain,The evidence is about a different subject and does not address this claim.,train
tc-01626,elements_number,The atomic number of Chromium is 1.,Reference note: An atom of Chromium contains 24 protons.,unsupported,Retrieved evidence contradicts the claim: the correct value is 24.,train
tc-01627,capitals,Wellington is the capital city of New Zealand.,The capital of Japan is Tokyo. This is widely documented.,uncertain,The evidence is insufficient to confirm or contradict the claim.,train
tc-01628,capitals,Vienna is the capital city of India.,Reference works list New Delhi as the capital of India.,unsupported,"The source states New Delhi. The claim says Vienna, which does not match.",test
tc-01629,elements_symbol,The chemical symbol for Titanium is Al.,Reference note: The element Titanium is represented by the symbol Ti.,unsupported,"The source states Ti. The claim says Al, which does not match.",val
tc-01630,capitals,Paris is the capital city of Vietnam.,Reference note: Reference works list Bangkok as the capital of Thailand.,uncertain,"The retrieved text does not mention what the claim asserts, so it cannot be confirmed.",train
tc-01631,geography,Finland is a country in South America.,Reference note: Finland is located in Europe.,unsupported,"The evidence gives Europe, not South America, so the claim is contradicted.",train
tc-01632,elements_symbol,The chemical symbol for Argon is C.,Textbook summary: Argon is abbreviated Ar in the periodic table.,unsupported,Retrieved evidence contradicts the claim: the correct value is Ar.,train
tc-01633,capitals,Berlin is the capital city of Slovenia.,Reference works list Bangkok as the capital of Thailand. This is widely documented.,uncertain,The evidence is insufficient to confirm or contradict the claim.,train
tc-01634,geography,India is a country in North America.,"Reference note: Geographically, India lies on the continent of Asia.",unsupported,"The evidence gives Asia, not North America, so the claim is contradicted.",train
tc-01635,capitals,Italy's capital is Tripoli.,Reference note: The capital of Italy is Rome.,unsupported,"The evidence gives Rome, not Tripoli, so the claim is contradicted.",train
tc-01636,capitals,The Czech Republic's capital is Prague.,Germany is a country whose capital city is Berlin. This is widely documented.,uncertain,The evidence is about a different subject and does not address this claim.,val
tc-01637,capitals,Pakistan's capital is Prague.,One source says: Pakistan is a country whose capital city is Islamabad. Another source says: The capital of Pakistan is Prague.,uncertain,"The evidence conflicts, giving both Islamabad and Prague.",train
tc-01638,books,J. D. Salinger is the author of War and Peace.,One source says: War and Peace is a book by Leo Tolstoy. Another source says: The work War and Peace was authored by J. D. Salinger.,uncertain,"Sources disagree (Leo Tolstoy versus J. D. Salinger), so the claim cannot be confirmed.",train
tc-01639,capitals,Santiago is the capital city of Chile.,Reference note: Lusaka is the capital city of Zambia.,uncertain,"The retrieved text does not mention what the claim asserts, so it cannot be confirmed.",train
tc-01640,books,The author of Leviathan is Thomas Hobbes.,One source says: The work Leviathan was authored by Thomas Hobbes. Another source says: Chinua Achebe wrote Leviathan.,uncertain,"The evidence conflicts, giving both Thomas Hobbes and Chinua Achebe.",train
tc-01641,science,Graphite is the hardest naturally occurring material.,Reference note: The hardest naturally occurring material is Diamond.,unsupported,"The source states Diamond. The claim says Graphite, which does not match.",train
tc-01642,books,The Catcher in the Rye was written by J. D. Salinger.,One source says: J. D. Salinger wrote The Catcher in the Rye. Another source says: The Catcher in the Rye is a book by Emily Bronte.,uncertain,"Sources disagree (J. D. Salinger versus Emily Bronte), so the claim cannot be confirmed.",val
tc-01643,events,The Soviet Union was dissolved in the year 1984.,"The Soviet Union was dissolved in 1991, according to standard histories. This is widely documented.",unsupported,"The evidence gives 1991, not 1984, so the claim is contradicted.",train
tc-01644,elements_symbol,Ar is the symbol of the element Helium.,Reference note: The element Helium is represented by the symbol He.,unsupported,"The source states He. The claim says Ar, which does not match.",train
tc-01645,events,The Statue of Liberty was dedicated in the year 1886.,Historical records show that the Statue of Liberty was dedicated in 1886.,supported,"The evidence states 1886, which matches the claim.",train
tc-01646,elements_symbol,The chemical symbol for Phosphorus is P.,The standard chemical symbol for Phosphorus is P. This is widely documented.,supported,"The evidence states P, which matches the claim.",test
tc-01647,elements_number,Sodium has 15 protons in its nucleus.,"Textbook summary: In the periodic table, Sodium occupies position 11.",unsupported,Retrieved evidence contradicts the claim: the correct value is 11.,train
tc-01648,books,Herman Melville is the author of To Kill a Mockingbird.,One source says: Harper Lee wrote To Kill a Mockingbird. Another source says: Herman Melville wrote To Kill a Mockingbird.,uncertain,"The evidence conflicts, giving both Harper Lee and Herman Melville.",train
tc-01649,capitals,The capital of Tunisia is Bern.,Reference works list Tunis as the capital of Tunisia. This is widely documented.,unsupported,"The evidence gives Tunis, not Bern, so the claim is contradicted.",test
tc-01650,geography,Spain is a country in Africa.,Colombia is located in South America. This is widely documented.,uncertain,"The retrieved text does not mention what the claim asserts, so it cannot be confirmed.",val
tc-01651,books,The author of The Odyssey is Homer.,Reference note: The Odyssey is a book by Homer.,supported,"The evidence states Homer, which matches the claim.",train
tc-01652,planets,Uranus is the seventh planet from the Sun.,"In order of distance from the Sun, Mars comes fourth. This is widely documented.",uncertain,The evidence is insufficient to confirm or contradict the claim.,train
tc-01653,books,The author of The Hobbit is Victor Hugo.,Reference note: The work The Hobbit was authored by J. R. R. Tolkien.,unsupported,"The source states J. R. R. Tolkien. The claim says Victor Hugo, which does not match.",train
tc-01654,formulas,SO2 is the formula for sulfur dioxide.,One source says: Sulfur dioxide has the chemical formula SO2. Another source says: The standard formula for sulfur dioxide is H2SO4.,uncertain,"The evidence conflicts, giving both SO2 and H2SO4.",train
tc-01655,capitals,The capital of Angola is Luanda.,Reference works list Moscow as the capital of Russia. This is widely documented.,uncertain,The evidence is about a different subject and does not address this claim.,train
tc-01656,books,Chinua Achebe is the author of Things Fall Apart.,One source says: Chinua Achebe wrote Things Fall Apart. Another source says: The work Things Fall Apart was authored by Dante Alighieri.,uncertain,"The evidence conflicts, giving both Chinua Achebe and Dante Alighieri.",train
tc-01657,geography,Uruguay is in Europe.,"Geographically, Sweden lies on the continent of Europe. This is widely documented.",uncertain,The evidence is insufficient to confirm or contradict the claim.,train
tc-01658,formulas,H2O is the formula for hydrochloric acid.,The standard formula for hydrochloric acid is HCl. This is widely documented.,unsupported,"The evidence gives HCl, not H2O, so the claim is contradicted.",train
tc-01659,planets,"Counting outward from the Sun, Mars is the fourth planet.","In order of distance from the Sun, Mars comes fourth. This is widely documented.",supported,"The retrieved source confirms fourth, so the claim is supported.",train
tc-01660,books,The Wealth of Nations was written by Adam Smith.,Reference note: Adam Smith wrote The Wealth of Nations.,supported,The evidence directly supports the claim: it gives Adam Smith.,train
tc-01661,events,Apollo 11 landed the first humans on the Moon in 1966.,"Textbook summary: Apollo 11 landed the first humans on the Moon in 1969, according to standard histories.",unsupported,Retrieved evidence contradicts the claim: the correct value is 1969.,train
tc-01662,science,A leap year has 364 days.,"Textbook summary: At standard atmospheric pressure at sea level, water boils at 100 degrees Celsius.",uncertain,The evidence is about a different subject and does not address this claim.,train
tc-01663,elements_symbol,The chemical symbol for Iron is Mn.,Reference note: The element Iron is represented by the symbol Fe.,unsupported,"The evidence gives Fe, not Mn, so the claim is contradicted.",test
tc-01664,events,"In 1912, the Titanic sank.",Historical records show that the Titanic sank in 1912. This is widely documented.,supported,"The evidence states 1912, which matches the claim.",train
tc-01665,formulas,The chemical formula of nitric acid is HNO3.,Nitric acid has the chemical formula HNO3.,supported,"The evidence states HNO3, which matches the claim.",train
tc-01666,science,A leap year has 366 days.,Sources disagree. Source A: A leap year in the Gregorian calendar contains 366 days. Source B: A leap year in the Gregorian calendar contains 365 days.,uncertain,"The evidence conflicts, giving both 366 days and 365 days.",train
tc-01667,science,The Solar System has eight planets.,"During photosynthesis, plants take in carbon dioxide.",uncertain,"The retrieved text does not mention what the claim asserts, so it cannot be confirmed.",test
tc-01668,books,The author of The Hobbit is J. R. R. Tolkien.,Textbook summary: The work The Hobbit was authored by J. R. R. Tolkien.,supported,"The evidence states J. R. R. Tolkien, which matches the claim.",train
tc-01669,elements_symbol,Mg is the symbol of the element Helium.,Textbook summary: Helium is abbreviated He in the periodic table.,unsupported,"The source states He. The claim says Mg, which does not match.",train
tc-01670,books,The author of The Wealth of Nations is Emily Bronte.,One source says: The Wealth of Nations is a book by Adam Smith. Another source says: Emily Bronte wrote The Wealth of Nations.,uncertain,"Sources disagree (Adam Smith versus Emily Bronte), so the claim cannot be confirmed.",train
tc-01671,elements_symbol,Hg is the symbol of the element Chromium.,The element Chromium is represented by the symbol Cr. This is widely documented.,unsupported,"The source states Cr. The claim says Hg, which does not match.",test
tc-01672,capitals,The capital of Ethiopia is Addis Ababa.,Textbook summary: Addis Ababa is the capital city of Ethiopia.,supported,"The retrieved source confirms Addis Ababa, so the claim is supported.",train
tc-01673,elements_symbol,Ne is the symbol of the element Platinum.,Conflicting reports. First report: The element Platinum is represented by the symbol Pt. Second report: The element Platinum is represented by the symbol Ne.,uncertain,"Sources disagree (Pt versus Ne), so the claim cannot be confirmed.",train
tc-01674,capitals,Stockholm is the capital city of Argentina.,Reference note: Reference works list Buenos Aires as the capital of Argentina.,unsupported,"The source states Buenos Aires. The claim says Stockholm, which does not match.",train
tc-01675,books,Les Miserables was written by Victor Hugo.,Reference note: Les Miserables is a book by Victor Hugo.,supported,"The evidence states Victor Hugo, which matches the claim.",train
tc-01676,elements_number,Platinum is element number 78.,"One source says: Platinum is the chemical element with atomic number 78. Another source says: In the periodic table, Platinum occupies position 11.",uncertain,Conflicting evidence means this claim cannot be marked supported or unsupported.,train
tc-01677,elements_symbol,The chemical symbol for Helium is He.,Textbook summary: Helium is abbreviated He in the periodic table.,supported,"The evidence states He, which matches the claim.",train
tc-01678,elements_number,The atomic number of Silicon is 1.,Neon is the chemical element with atomic number 10. This is widely documented.,uncertain,The evidence is about a different subject and does not address this claim.,train
tc-01679,events,World War II ended in 1941.,Historical records show that World War II ended in 1945. This is widely documented.,unsupported,Retrieved evidence contradicts the claim: the correct value is 1945.,train
tc-01680,geography,Kenya is in North America.,Reference note: Kenya is located in Africa.,unsupported,"The evidence gives Africa, not North America, so the claim is contradicted.",train
tc-01681,science,Pi is approximately 3.14159.,The mathematical constant pi is approximately 3.14159.,supported,"The evidence states 3.14159, which matches the claim.",train
tc-01682,geography,Norway lies on the continent of Europe.,One source says: Norway is located in Europe. Another source says: Norway is part of South America.,uncertain,"The evidence conflicts, giving both Europe and South America.",train
tc-01683,capitals,Seoul is the capital city of South Korea.,Reference note: The capital of France is Paris.,uncertain,The evidence is insufficient to confirm or contradict the claim.,train
tc-01684,books,Dracula was written by Plato.,Reference note: Dracula is a book by Bram Stoker.,unsupported,"The source states Bram Stoker. The claim says Plato, which does not match.",train
tc-01685,capitals,Tallinn is the capital city of Estonia.,Reference note: Reference works list Tallinn as the capital of Estonia.,supported,"The evidence states Tallinn, which matches the claim.",train
tc-01686,capitals,Thailand's capital is Manila.,One source says: The capital of Thailand is Bangkok. Another source says: Manila is the capital city of Thailand.,uncertain,"The evidence conflicts, giving both Bangkok and Manila.",val
tc-01687,elements_symbol,I is the symbol of the element Helium.,The standard chemical symbol for Helium is He. This is widely documented.,unsupported,Retrieved evidence contradicts the claim: the correct value is He.,train
tc-01688,elements_number,The atomic number of Aluminium is 1.,"Reference note: In the periodic table, Chlorine occupies position 17.",uncertain,"The retrieved text does not mention what the claim asserts, so it cannot be confirmed.",train
tc-01689,events,The American Civil War began in the year 1852.,"Textbook summary: The American Civil War began in 1861, according to standard histories.",unsupported,"The evidence gives 1861, not 1852, so the claim is contradicted.",train
tc-01690,elements_symbol,The chemical symbol for Iron is Cl.,One source says: The element Iron is represented by the symbol Fe. Another source says: Iron is abbreviated Cl in the periodic table.,uncertain,"The evidence conflicts, giving both Fe and Cl.",test
tc-01691,elements_symbol,Hg is the symbol of the element Neon.,The standard chemical symbol for Neon is Ne.,unsupported,"The source states Ne. The claim says Hg, which does not match.",train
tc-01692,capitals,Paris is the capital city of Iceland.,Reference note: Bangladesh is a country whose capital city is Dhaka.,uncertain,The evidence is about a different subject and does not address this claim.,train
tc-01693,books,Madame Bovary was written by Gustave Flaubert.,Madame Bovary is a book by Gustave Flaubert.,supported,"The retrieved source confirms Gustave Flaubert, so the claim is supported.",train
tc-01694,books,Adam Smith is the author of The Wealth of Nations.,Conflicting reports. First report: The work The Wealth of Nations was authored by Adam Smith. Second report: The Wealth of Nations is a book by J. D. Salinger.,uncertain,"The evidence conflicts, giving both Adam Smith and J. D. Salinger.",train
tc-01695,events,World War I began in 1919.,"Reference note: World War I began in 1914, according to standard histories.",unsupported,"The evidence gives 1914, not 1919, so the claim is contradicted.",train
tc-01696,capitals,Islamabad is the capital city of Pakistan.,Sources disagree. Source A: Pakistan is a country whose capital city is Islamabad. Source B: Pakistan is a country whose capital city is Oslo.,uncertain,"Sources disagree (Islamabad versus Oslo), so the claim cannot be confirmed.",train
tc-01697,geography,Thailand is in Asia.,Thailand is located in Asia. This is widely documented.,supported,"The retrieved source confirms Asia, so the claim is supported.",train
tc-01698,capitals,Vienna is the capital city of Iran.,One source says: Iran is a country whose capital city is Tehran. Another source says: Vienna is the capital city of Iran.,uncertain,Conflicting evidence means this claim cannot be marked supported or unsupported.,train
tc-01699,capitals,The capital of South Korea is Beijing.,Textbook summary: The capital of South Korea is Seoul.,unsupported,Retrieved evidence contradicts the claim: the correct value is Seoul.,train
tc-01700,elements_symbol,The chemical symbol for Oxygen is U.,Textbook summary: The element Oxygen is represented by the symbol O.,unsupported,Retrieved evidence contradicts the claim: the correct value is O.,train
tc-01701,events,The October Revolution took place in Russia in 1917.,"One source says: The October Revolution took place in Russia in 1917, according to standard histories. Another source says: The year 1913 is when the October Revolution took place in Russia.",uncertain,"The evidence conflicts, giving both 1917 and 1913.",train
tc-01702,events,The first modern Olympic Games were held in Athens in 1896.,Textbook summary: Historical records show that the first modern Olympic Games were held in Athens in 1896.,supported,The evidence directly supports the claim: it gives 1896.,test
tc-01703,books,Chinua Achebe is the author of The Catcher in the Rye.,Reference note: The Catcher in the Rye is a book by J. D. Salinger.,unsupported,"The evidence gives J. D. Salinger, not Chinua Achebe, so the claim is contradicted.",val
tc-01704,elements_number,Silicon is element number 14.,An atom of Silicon contains 14 protons. This is widely documented.,supported,"The retrieved source confirms 14, so the claim is supported.",train
tc-01705,elements_number,Hydrogen is element number 8.,Reference note: Hydrogen is the chemical element with atomic number 1.,unsupported,"The evidence gives 1, not 8, so the claim is contradicted.",train
tc-01706,events,The Apollo 13 mission suffered an oxygen tank explosion in the year 1979.,"One source says: Historical records show that the Apollo 13 mission suffered an oxygen tank explosion in 1970. Another source says: The Apollo 13 mission suffered an oxygen tank explosion in 1979, according to standard histories.",uncertain,"Sources disagree (1970 versus 1979), so the claim cannot be confirmed.",train
tc-01707,capitals,Berlin is the capital city of Zimbabwe.,Reference note: Bern is the capital city of Switzerland.,uncertain,The evidence is about a different subject and does not address this claim.,train
tc-01708,capitals,The capital of Ghana is Warsaw.,Reference note: Reference works list Accra as the capital of Ghana.,unsupported,"The evidence gives Accra, not Warsaw, so the claim is contradicted.",test
tc-01709,planets,Venus is the second planet from the Sun.,Venus is the second planet from the Sun in the Solar System. This is widely documented.,supported,"The retrieved source confirms second, so the claim is supported.",train
tc-01710,capitals,Beirut is the capital city of Pakistan.,Pakistan is a country whose capital city is Islamabad.,unsupported,Retrieved evidence contradicts the claim: the correct value is Islamabad.,train
tc-01711,formulas,C6H12O6 is the formula for glucose.,Glucose has the chemical formula C6H12O6.,supported,"The retrieved source confirms C6H12O6, so the claim is supported.",train
tc-01712,capitals,The capital of Austria is Caracas.,Reference works list Vienna as the capital of Austria.,unsupported,Retrieved evidence contradicts the claim: the correct value is Vienna.,train
tc-01713,books,The author of On the Origin of Species is Charles Darwin.,Reference note: On the Origin of Species is a book by Charles Darwin.,supported,"The retrieved source confirms Charles Darwin, so the claim is supported.",train
tc-01714,capitals,The Philippines's capital is Manila.,Reference note: Reference works list Manila as the capital of the Philippines.,supported,The evidence directly supports the claim: it gives Manila.,train
tc-01715,books,Charles Darwin is the author of On the Origin of Species.,Textbook summary: The work On the Origin of Species was authored by Charles Darwin.,supported,"The evidence states Charles Darwin, which matches the claim.",train
tc-01716,elements_symbol,B is the symbol of the element Lithium.,Lithium is abbreviated Li in the periodic table.,unsupported,Retrieved evidence contradicts the claim: the correct value is Li.,test
tc-01717,books,The Hobbit was written by Franz Kafka.,Textbook summary: The work The Hobbit was authored by J. R. R. Tolkien.,unsupported,Retrieved evidence contradicts the claim: the correct value is J. R. R. Tolkien.,train
tc-01718,capitals,The capital of Iran is Tehran.,Reference note: Tehran is the capital city of Iran.,supported,The evidence directly supports the claim: it gives Tehran.,train
tc-01719,elements_number,Carbon is element number 6.,Carbon is the chemical element with atomic number 6.,supported,The evidence directly supports the claim: it gives 6.,train
tc-01720,science,The Great Barrier Reef lies off the coast of Florida.,"The Great Barrier Reef is located off Queensland, Australia.",unsupported,"The evidence gives Queensland, Australia, not Florida, so the claim is contradicted.",train
tc-01721,events,Sputnik 1 was launched in 1964.,Reference note: The year 1957 is when Sputnik 1 was launched.,unsupported,"The evidence gives 1957, not 1964, so the claim is contradicted.",train
tc-01722,elements_symbol,Ti is the symbol of the element Hydrogen.,The element Hydrogen is represented by the symbol H. This is widely documented.,unsupported,"The evidence gives H, not Ti, so the claim is contradicted.",val
tc-01723,books,The author of A Brief History of Time is Stephen Hawking.,Reference note: Stephen Hawking wrote A Brief History of Time.,supported,"The retrieved source confirms Stephen Hawking, so the claim is supported.",train
tc-01724,capitals,The capital of Tunisia is Tunis.,Reference note: The capital of Ukraine is Kyiv.,uncertain,The evidence is about a different subject and does not address this claim.,test
tc-01725,science,The Solar System has eight planets.,The Solar System contains eight recognised planets. This is widely documented.,supported,"The evidence states eight, which matches the claim.",test
tc-01726,elements_number,Argon is element number 18.,"In the periodic table, Argon occupies position 18. This is widely documented.",supported,"The retrieved source confirms 18, so the claim is supported.",train
tc-01727,planets,"Counting outward from the Sun, Mars is the first planet.","In order of distance from the Sun, Saturn comes sixth.",uncertain,The evidence is insufficient to confirm or contradict the claim.,train
tc-01728,elements_number,The atomic number of Platinum is 20.,Platinum is the chemical element with atomic number 78. This is widely documented.,unsupported,"The evidence gives 78, not 20, so the claim is contradicted.",train
tc-01729,events,India gained independence from British rule in 1946.,Historical records show that India gained independence from British rule in 1947.,unsupported,"The source states 1947. The claim says 1946, which does not match.",train
tc-01730,events,Edmund Hillary and Tenzing Norgay first reached the summit of Mount Everest in the year 1953.,The year 1953 is when Edmund Hillary and Tenzing Norgay first reached the summit of Mount Everest. This is widely documented.,supported,"The retrieved source confirms 1953, so the claim is supported.",train
tc-01731,books,Miguel de Cervantes is the author of 1984.,The work 1984 was authored by George Orwell.,unsupported,"The source states George Orwell. The claim says Miguel de Cervantes, which does not match.",train
tc-01732,elements_symbol,The chemical symbol for Hydrogen is H.,Reference note: The standard chemical symbol for Hydrogen is H.,supported,The evidence directly supports the claim: it gives H.,val
tc-01733,events,"In 1981, the Space Shuttle Columbia first flew.","Reference note: The Space Shuttle Columbia first flew in 1981, according to standard histories.",supported,"The retrieved source confirms 1981, so the claim is supported.",train
tc-01734,geography,Peru lies on the continent of South America.,Reference note: Peru is part of South America.,supported,"The retrieved source confirms South America, so the claim is supported.",train
tc-01735,science,The Solar System has ten planets.,The Solar System contains eight recognised planets.,unsupported,"The evidence gives eight, not ten, so the claim is contradicted.",test
tc-01736,capitals,Iceland's capital is Berlin.,Reference note: Helsinki is the capital city of Finland.,uncertain,"The retrieved text does not mention what the claim asserts, so it cannot be confirmed.",train
tc-01737,events,Alexander Fleming discovered penicillin in the year 1919.,Historical records show that the Suez Canal opened in 1869. This is widely documented.,uncertain,The evidence is about a different subject and does not address this claim.,train
tc-01738,events,The French Revolution began in the year 1789.,"The French Revolution began in 1789, according to standard histories.",supported,"The evidence states 1789, which matches the claim.",train
tc-01739,events,"In 1662, the Great Fire of London broke out.",Textbook summary: Historical records show that the Great Fire of London broke out in 1666.,unsupported,"The source states 1666. The claim says 1662, which does not match.",train
tc-01740,capitals,Rome is the capital city of Italy.,Reference works list Rome as the capital of Italy. This is widely documented.,supported,The evidence directly supports the claim: it gives Rome.,train
tc-01741,events,Watson and Crick published the double helix structure of DNA in the year 1953.,Textbook summary: The year 1953 is when Watson and Crick published the double helix structure of DNA.,supported,"The retrieved source confirms 1953, so the claim is supported.",test
tc-01742,events,The Wall Street Crash began in the year 1917.,Textbook summary: Historical records show that Watson and Crick published the double helix structure of DNA in 1953.,uncertain,The evidence is about a different subject and does not address this claim.,train
tc-01743,geography,Chile lies on the continent of North America.,"One source says: Geographically, Chile lies on the continent of South America. Another source says: Geographically, Chile lies on the continent of North America.",uncertain,"The evidence conflicts, giving both South America and North America.",train
tc-01744,capitals,Ethiopia's capital is Algiers.,Reference note: Reference works list Addis Ababa as the capital of Ethiopia.,unsupported,"The evidence gives Addis Ababa, not Algiers, so the claim is contradicted.",train
tc-01745,capitals,The capital of the Czech Republic is Addis Ababa.,The Czech Republic is a country whose capital city is Prague. This is widely documented.,unsupported,"The evidence gives Prague, not Addis Ababa, so the claim is contradicted.",val
tc-01746,events,"In 1958, Watson and Crick published the double helix structure of DNA.","Watson and Crick published the double helix structure of DNA in 1953, according to standard histories. This is widely documented.",unsupported,"The evidence gives 1953, not 1958, so the claim is contradicted.",test
tc-01747,capitals,Quito is the capital city of Ecuador.,Reference note: The capital of Ecuador is Quito.,supported,"The retrieved source confirms Quito, so the claim is supported.",train
tc-01748,books,The author of Moby-Dick is Herman Melville.,Textbook summary: Moby-Dick is a book by Herman Melville.,supported,The evidence directly supports the claim: it gives Herman Melville.,train
tc-01749,events,"In 1914, the Treaty of Versailles was signed.",The year 1919 is when the Treaty of Versailles was signed.,unsupported,"The source states 1919. The claim says 1914, which does not match.",train
tc-01750,capitals,Egypt's capital is Paris.,Textbook summary: Reference works list Tokyo as the capital of Japan.,uncertain,The evidence is insufficient to confirm or contradict the claim.,train
tc-01751,capitals,The capital of Cuba is Berlin.,Reference works list Addis Ababa as the capital of Ethiopia. This is widely documented.,uncertain,The evidence is insufficient to confirm or contradict the claim.,train
tc-01752,elements_number,Helium is element number 3.,"In the periodic table, Tin occupies position 50. This is widely documented.",uncertain,The evidence is about a different subject and does not address this claim.,train
tc-01753,capitals,Tashkent is the capital city of Thailand.,Reference works list Bangkok as the capital of Thailand.,unsupported,Retrieved evidence contradicts the claim: the correct value is Bangkok.,val
tc-01754,geography,Japan is a country in Asia.,Spain is part of Europe. This is widely documented.,uncertain,The evidence is insufficient to confirm or contradict the claim.,train
tc-01755,capitals,Switzerland's capital is Amsterdam.,Reference note: The capital of Switzerland is Bern.,unsupported,"The source states Bern. The claim says Amsterdam, which does not match.",val
tc-01756,elements_number,The atomic number of Argon is 9.,"Reference note: In the periodic table, Argon occupies position 18.",unsupported,Retrieved evidence contradicts the claim: the correct value is 18.,train
tc-01757,elements_symbol,Si is the symbol of the element Silicon.,Textbook summary: Silicon is abbreviated Si in the periodic table.,supported,"The retrieved source confirms Si, so the claim is supported.",train
tc-01758,geography,Vietnam lies on the continent of South America.,Reference note: Vietnam is part of Asia.,unsupported,"The source states Asia. The claim says South America, which does not match.",train
tc-01759,events,The Soviet Union was dissolved in 2000.,"Textbook summary: The Soviet Union was dissolved in 1991, according to standard histories.",unsupported,"The evidence gives 1991, not 2000, so the claim is contradicted.",train
tc-01760,formulas,H2O is the formula for ammonia.,The standard formula for nitric acid is HNO3. This is widely documented.,uncertain,The evidence is about a different subject and does not address this claim.,train
tc-01761,capitals,Croatia's capital is Hanoi.,Zagreb is the capital city of Croatia.,unsupported,Retrieved evidence contradicts the claim: the correct value is Zagreb.,train
tc-01762,books,Jane Eyre was written by Charlotte Bronte.,Jane Eyre is a book by Charlotte Bronte.,supported,"The evidence states Charlotte Bronte, which matches the claim.",train
tc-01763,science,The largest ocean on Earth is the Pacific Ocean.,The adult human skeleton is made up of 206 bones.,uncertain,The evidence is insufficient to confirm or contradict the claim.,train
tc-01764,events,"In 1886, the Statue of Liberty was dedicated.",Reference note: The year 1886 is when the Statue of Liberty was dedicated.,supported,The evidence directly supports the claim: it gives 1886.,train
tc-01765,capitals,The capital of Algeria is Algiers.,Textbook summary: Algiers is the capital city of Algeria.,supported,"The retrieved source confirms Algiers, so the claim is supported.",train
tc-01766,capitals,The capital of Afghanistan is Kabul.,Reference note: The capital of Afghanistan is Kabul.,supported,The evidence directly supports the claim: it gives Kabul.,test
tc-01767,events,"In 1950, the atomic bomb was dropped on Hiroshima.","Textbook summary: The atomic bomb was dropped on Hiroshima in 1945, according to standard histories.",unsupported,"The evidence gives 1945, not 1950, so the claim is contradicted.",train
tc-01768,capitals,The capital of Jordan is Paris.,Reference note: Reference works list Bratislava as the capital of Slovakia.,uncertain,The evidence is insufficient to confirm or contradict the claim.,val
tc-01769,capitals,The capital of Estonia is Riyadh.,Reference works list Tallinn as the capital of Estonia. This is widely documented.,unsupported,Retrieved evidence contradicts the claim: the correct value is Tallinn.,train
tc-01770,elements_symbol,C is the symbol of the element Carbon.,The element Carbon is represented by the symbol C.,supported,"The retrieved source confirms C, so the claim is supported.",train
tc-01771,geography,Spain is in South America.,Spain is part of Europe.,unsupported,Retrieved evidence contradicts the claim: the correct value is Europe.,val
tc-01772,books,Wuthering Heights was written by Plato.,Reference note: Aldous Huxley wrote Brave New World.,uncertain,The evidence is about a different subject and does not address this claim.,train
tc-01773,capitals,The capital of Egypt is Tashkent.,Reference works list Cairo as the capital of Egypt.,unsupported,"The source states Cairo. The claim says Tashkent, which does not match.",train
tc-01774,formulas,NaCl is the formula for glucose.,Textbook summary: Glucose has the chemical formula C6H12O6.,unsupported,Retrieved evidence contradicts the claim: the correct value is C6H12O6.,train
tc-01775,elements_symbol,The chemical symbol for Copper is Cu.,Copper is abbreviated Cu in the periodic table. This is widely documented.,supported,The evidence directly supports the claim: it gives Cu.,train
tc-01776,events,World War II ended in the year 1950.,Textbook summary: Historical records show that World War II ended in 1945.,unsupported,"The source states 1945. The claim says 1950, which does not match.",train
tc-01777,elements_number,The atomic number of Uranium is 92.,One source says: An atom of Uranium contains 92 protons. Another source says: Uranium is the chemical element with atomic number 17.,uncertain,Conflicting evidence means this claim cannot be marked supported or unsupported.,train
tc-01778,books,James Joyce is the author of Ulysses.,Reference note: Aldous Huxley wrote Brave New World.,uncertain,The evidence is insufficient to confirm or contradict the claim.,train
tc-01779,events,"In 1889, the Statue of Liberty was dedicated.",Reference note: The year 1886 is when the Statue of Liberty was dedicated.,unsupported,"The source states 1886. The claim says 1889, which does not match.",train
tc-01780,events,The Chernobyl nuclear disaster occurred in the year 1985.,The year 1986 is when the Chernobyl nuclear disaster occurred. This is widely documented.,unsupported,"The source states 1986. The claim says 1985, which does not match.",train
tc-01781,science,Water freezes at minus 10 degrees Celsius at standard pressure.,"At standard pressure, water freezes at 0 degrees Celsius.",unsupported,"The evidence gives 0 degrees Celsius, not minus 10 degrees Celsius, so the claim is contradicted.",train
tc-01782,books,Toni Morrison is the author of Pride and Prejudice.,Sources disagree. Source A: Pride and Prejudice is a book by Jane Austen. Source B: Toni Morrison wrote Pride and Prejudice.,uncertain,"The evidence conflicts, giving both Jane Austen and Toni Morrison.",train
tc-01783,elements_number,Uranium has 92 protons in its nucleus.,Reference note: An atom of Uranium contains 92 protons.,supported,The evidence directly supports the claim: it gives 92.,train
tc-01784,capitals,Warsaw is the capital city of Poland.,Warsaw is the capital city of Poland. This is widely documented.,supported,"The retrieved source confirms Warsaw, so the claim is supported.",test
tc-01785,capitals,Brazil's capital is Brasilia.,Ottawa is the capital city of Canada.,uncertain,"The retrieved text does not mention what the claim asserts, so it cannot be confirmed.",train
tc-01786,elements_symbol,The chemical symbol for Oxygen is Ar.,Oxygen is abbreviated O in the periodic table. This is widely documented.,unsupported,Retrieved evidence contradicts the claim: the correct value is O.,train
tc-01787,elements_number,The atomic number of Platinum is 2.,Neon is the chemical element with atomic number 10. This is widely documented.,uncertain,The evidence is insufficient to confirm or contradict the claim.,train
tc-01788,events,Sputnik 1 was launched in 1956.,"Conflicting reports. First report: Sputnik 1 was launched in 1957, according to standard histories. Second report: Historical records show that Sputnik 1 was launched in 1956.",uncertain,Conflicting evidence means this claim cannot be marked supported or unsupported.,train
tc-01789,elements_symbol,Sn is the symbol of the element Tin.,Textbook summary: The standard chemical symbol for Tungsten is W.,uncertain,The evidence is about a different subject and does not address this claim.,train
tc-01790,formulas,O3 is the formula for ozone.,"In chemistry, ozone is written as O3.",supported,The evidence directly supports the claim: it gives O3.,train
tc-01791,capitals,Slovakia's capital is Bratislava.,Reference note: Bratislava is the capital city of Slovakia.,supported,The evidence directly supports the claim: it gives Bratislava.,train
tc-01792,elements_number,Argon is element number 18.,Reference note: Argon is the chemical element with atomic number 18.,supported,The evidence directly supports the claim: it gives 18.,train
tc-01793,capitals,Morocco's capital is Berlin.,Morocco is a country whose capital city is Rabat. This is widely documented.,unsupported,"The evidence gives Rabat, not Berlin, so the claim is contradicted.",val
tc-01794,events,"In 1886, the Statue of Liberty was dedicated.","Textbook summary: World War I began in 1914, according to standard histories.",uncertain,"The retrieved text does not mention what the claim asserts, so it cannot be confirmed.",train
tc-01795,elements_number,Nickel is element number 28.,Nickel is the chemical element with atomic number 28. This is widely documented.,supported,"The retrieved source confirms 28, so the claim is supported.",train
tc-01796,books,The author of Jane Eyre is Charlotte Bronte.,The work Jane Eyre was authored by Charlotte Bronte. This is widely documented.,supported,"The retrieved source confirms Charlotte Bronte, so the claim is supported.",train
tc-01797,formulas,Water has the formula HCl.,"In chemistry, water is written as H2O. This is widely documented.",unsupported,Retrieved evidence contradicts the claim: the correct value is H2O.,train
tc-01798,events,The Curiosity rover landed on Mars in 2012.,"Sources disagree. Source A: Historical records show that the Curiosity rover landed on Mars in 2012. Source B: The Curiosity rover landed on Mars in 2019, according to standard histories.",uncertain,"The evidence conflicts, giving both 2012 and 2019.",val
tc-01799,elements_number,Sulfur is element number 15.,"Textbook summary: In the periodic table, Sulfur occupies position 16.",unsupported,"The evidence gives 16, not 15, so the claim is contradicted.",train
tc-01800,formulas,Limestone has the formula CaCO3.,"Reference note: In chemistry, limestone is written as CaCO3.",supported,The evidence directly supports the claim: it gives CaCO3.,train
tc-01801,geography,Vietnam is in Asia.,Textbook summary: Vietnam is located in Asia.,supported,The evidence directly supports the claim: it gives Asia.,train
tc-01802,capitals,Paris is the capital city of Bulgaria.,Denmark is a country whose capital city is Copenhagen. This is widely documented.,uncertain,The evidence is about a different subject and does not address this claim.,train
tc-01803,geography,Canada is in Europe.,Reference note: Canada is part of North America.,unsupported,Retrieved evidence contradicts the claim: the correct value is North America.,train
tc-01804,geography,Morocco is a country in North America.,"Geographically, Morocco lies on the continent of Africa. This is widely documented.",unsupported,"The source states Africa. The claim says North America, which does not match.",test
tc-01805,events,The first iPhone was released in 2007.,"One source says: The year 2007 is when the first iPhone was released. Another source says: The first iPhone was released in 2006, according to standard histories.",uncertain,"Sources disagree (2007 versus 2006), so the claim cannot be confirmed.",train
tc-01806,elements_symbol,The chemical symbol for Cobalt is Ca.,Reference note: The standard chemical symbol for Cobalt is Co.,unsupported,"The source states Co. The claim says Ca, which does not match.",train
tc-01807,events,The Berlin Wall was built in the year 1965.,Reference note: Historical records show that the Berlin Wall was built in 1961.,unsupported,"The evidence gives 1961, not 1965, so the claim is contradicted.",val
tc-01808,capitals,Peru's capital is Tokyo.,Textbook summary: Lima is the capital city of Peru.,unsupported,"The evidence gives Lima, not Tokyo, so the claim is contradicted.",train
tc-01809,events,The Eiffel Tower was completed in the year 1889.,Textbook summary: Historical records show that the Eiffel Tower was completed in 1889.,supported,The evidence directly supports the claim: it gives 1889.,train
tc-01810,elements_number,Manganese is element number 22.,Manganese is the chemical element with atomic number 25.,unsupported,"The source states 25. The claim says 22, which does not match.",val
tc-01811,science,Plants absorb methane for photosynthesis.,"During photosynthesis, plants take in carbon dioxide. This is widely documented.",unsupported,Retrieved evidence contradicts the claim: the correct value is carbon dioxide.,train
tc-01812,formulas,The chemical formula of hydrogen peroxide is H2O2.,"Textbook summary: In chemistry, hydrogen peroxide is written as H2O2.",supported,"The evidence states H2O2, which matches the claim.",train
tc-01813,geography,Mexico lies on the continent of Africa.,"Geographically, Mexico lies on the continent of North America. This is widely documented.",unsupported,"The evidence gives North America, not Africa, so the claim is contradicted.",train
tc-01814,elements_number,Sodium has 79 protons in its nucleus.,Textbook summary: Sodium is the chemical element with atomic number 11.,unsupported,"The evidence gives 11, not 79, so the claim is contradicted.",train
tc-01815,elements_number,Nickel is element number 5.,"Sources disagree. Source A: An atom of Nickel contains 28 protons. Source B: In the periodic table, Nickel occupies position 5.",uncertain,"Sources disagree (28 versus 5), so the claim cannot be confirmed.",train
tc-01816,formulas,NaCl is the formula for nitric acid.,Textbook summary: The standard formula for ammonia is NH3.,uncertain,The evidence is about a different subject and does not address this claim.,train
tc-01817,events,India gained independence from British rule in the year 1945.,Historical records show that India gained independence from British rule in 1947. This is widely documented.,unsupported,"The evidence gives 1947, not 1945, so the claim is contradicted.",train
tc-01818,books,Dracula was written by William Shakespeare.,The work Dracula was authored by Bram Stoker. This is widely documented.,unsupported,"The source states Bram Stoker. The claim says William Shakespeare, which does not match.",train
tc-01819,geography,Senegal lies on the continent of Africa.,Reference note: Senegal is located in Africa.,supported,The evidence directly supports the claim: it gives Africa.,test
tc-01820,formulas,Ethanol has the formula H2O2.,"Reference note: In chemistry, ethanol is written as C2H5OH.",unsupported,"The evidence gives C2H5OH, not H2O2, so the claim is contradicted.",train
tc-01821,capitals,Rabat is the capital city of Switzerland.,Bern is the capital city of Switzerland.,unsupported,"The source states Bern. The claim says Rabat, which does not match.",val
tc-01822,science,"The Great Barrier Reef lies off the coast of Queensland, Australia.","Textbook summary: The Great Barrier Reef is located off Queensland, Australia.",supported,"The evidence states Queensland, Australia, which matches the claim.",train
tc-01823,science,"Mount Everest rises about 9,500 metres above sea level.",A typical human cell contains 23 pairs of chromosomes.,uncertain,The evidence is insufficient to confirm or contradict the claim.,val
tc-01824,capitals,Mexico's capital is Riyadh.,The capital of Mexico is Mexico City.,unsupported,Retrieved evidence contradicts the claim: the correct value is Mexico City.,train
tc-01825,elements_symbol,Cl is the symbol of the element Magnesium.,Magnesium is abbreviated Mg in the periodic table. This is widely documented.,unsupported,"The source states Mg. The claim says Cl, which does not match.",test
tc-01826,planets,Mars is the sixth planet from the Sun.,Reference note: Mars is the fourth planet from the Sun in the Solar System.,unsupported,Retrieved evidence contradicts the claim: the correct value is fourth.,train
tc-01827,events,The Curiosity rover landed on Mars in the year 2003.,Reference note: The year 2012 is when the Curiosity rover landed on Mars.,unsupported,"The evidence gives 2012, not 2003, so the claim is contradicted.",val
tc-01828,capitals,The capital of Estonia is Lima.,Textbook summary: Tallinn is the capital city of Estonia.,unsupported,"The evidence gives Tallinn, not Lima, so the claim is contradicted.",train
tc-01829,books,The author of The Trial is Dante Alighieri.,Reference note: The work The Wealth of Nations was authored by Adam Smith.,uncertain,The evidence is insufficient to confirm or contradict the claim.,train
tc-01830,books,J. D. Salinger is the author of The Catcher in the Rye.,Conflicting reports. First report: J. D. Salinger wrote The Catcher in the Rye. Second report: Toni Morrison wrote The Catcher in the Rye.,uncertain,"Sources disagree (J. D. Salinger versus Toni Morrison), so the claim cannot be confirmed.",val
tc-01831,geography,Tanzania lies on the continent of Africa.,"Reference note: Geographically, Tanzania lies on the continent of Africa.",supported,The evidence directly supports the claim: it gives Africa.,test
tc-01832,books,F. Scott Fitzgerald is the author of The Great Gatsby.,The Great Gatsby is a book by F. Scott Fitzgerald. This is widely documented.,supported,The evidence directly supports the claim: it gives F. Scott Fitzgerald.,val
tc-01833,formulas,NaCl is the formula for sulfur dioxide.,Reference note: The standard formula for carbon dioxide is CO2.,uncertain,The evidence is insufficient to confirm or contradict the claim.,train
tc-01834,science,An adult human skeleton has 180 bones.,The adult human skeleton is made up of 206 bones. This is widely documented.,unsupported,"The source states 206 bones. The claim says 180 bones, which does not match.",train
tc-01835,books,The author of Crime and Punishment is F. Scott Fitzgerald.,One source says: Fyodor Dostoevsky wrote Crime and Punishment. Another source says: F. Scott Fitzgerald wrote Crime and Punishment.,uncertain,"Sources disagree (Fyodor Dostoevsky versus F. Scott Fitzgerald), so the claim cannot be confirmed.",train
tc-01836,events,The French Revolution began in 1789.,Reference note: The year 1789 is when the French Revolution began.,supported,"The retrieved source confirms 1789, so the claim is supported.",train
tc-01837,books,One Hundred Years of Solitude was written by Adam Smith.,Gabriel Garcia Marquez wrote One Hundred Years of Solitude. This is widely documented.,unsupported,Retrieved evidence contradicts the claim: the correct value is Gabriel Garcia Marquez.,test
tc-01838,capitals,Stockholm is the capital city of the Czech Republic.,The Czech Republic is a country whose capital city is Prague.,unsupported,Retrieved evidence contradicts the claim: the correct value is Prague.,val
tc-01839,capitals,Sweden's capital is Berlin.,Textbook summary: The capital of Vietnam is Hanoi.,uncertain,The evidence is insufficient to confirm or contradict the claim.,train
tc-01840,events,Sputnik 1 was launched in the year 1957.,The year 1903 is when the Wright brothers made their first powered flight.,uncertain,The evidence is about a different subject and does not address this claim.,train
tc-01841,elements_symbol,The chemical symbol for Nickel is Na.,Reference note: The element Nickel is represented by the symbol Ni.,unsupported,"The source states Ni. The claim says Na, which does not match.",train
tc-01842,books,Chinua Achebe is the author of Things Fall Apart.,Sources disagree. Source A: The work Things Fall Apart was authored by Chinua Achebe. Source B: Things Fall Apart is a book by George Orwell.,uncertain,Conflicting evidence means this claim cannot be marked supported or unsupported.,train
tc-01843,events,Euro banknotes and coins entered circulation in the year 2000.,"Euro banknotes and coins entered circulation in 2002, according to standard histories. This is widely documented.",unsupported,"The source states 2002. The claim says 2000, which does not match.",train
tc-01844,elements_symbol,Zn is the symbol of the element Chromium.,The element Chromium is represented by the symbol Cr. This is widely documented.,unsupported,"The evidence gives Cr, not Zn, so the claim is contradicted.",test
tc-01845,capitals,The capital of Poland is Warsaw.,Warsaw is the capital city of Poland. This is widely documented.,supported,"The retrieved source confirms Warsaw, so the claim is supported.",test
tc-01846,events,"In 1974, the Chernobyl nuclear disaster occurred.",The year 1986 is when the Chernobyl nuclear disaster occurred.,unsupported,Retrieved evidence contradicts the claim: the correct value is 1986.,train
tc-01847,books,The author of Frankenstein is J. R. R. Tolkien.,Frankenstein is a book by Mary Shelley. This is widely documented.,unsupported,"The source states Mary Shelley. The claim says J. R. R. Tolkien, which does not match.",train
tc-01848,elements_number,Beryllium has 13 protons in its nucleus.,"Textbook summary: In the periodic table, Beryllium occupies position 4.",unsupported,"The evidence gives 4, not 13, so the claim is contradicted.",train
tc-01849,elements_symbol,Al is the symbol of the element Aluminium.,One source says: The standard chemical symbol for Aluminium is Al. Another source says: The element Aluminium is represented by the symbol Sn.,uncertain,Conflicting evidence means this claim cannot be marked supported or unsupported.,train
tc-01850,formulas,The chemical formula of methane is C2H5OH.,Conflicting reports. First report: Methane has the chemical formula CH4. Second report: Methane has the chemical formula C2H5OH.,uncertain,"Sources disagree (CH4 versus C2H5OH), so the claim cannot be confirmed.",train
tc-01851,science,Nitrogen is the most abundant gas in Earth's atmosphere.,Reference note: The most abundant gas in Earth's atmosphere is Nitrogen.,supported,"The evidence states Nitrogen, which matches the claim.",val
tc-01852,capitals,The capital of Cuba is Tokyo.,Havana is the capital city of Cuba. This is widely documented.,unsupported,Retrieved evidence contradicts the claim: the correct value is Havana.,train
tc-01853,events,"In 1981, the Space Shuttle Columbia first flew.",The year 1981 is when the Space Shuttle Columbia first flew.,supported,The evidence directly supports the claim: it gives 1981.,train
tc-01854,elements_number,Aluminium has 13 protons in its nucleus.,An atom of Aluminium contains 13 protons.,supported,"The retrieved source confirms 13, so the claim is supported.",train
tc-01855,events,The Titanic sank in 1905.,Textbook summary: Historical records show that the Titanic sank in 1912.,unsupported,"The source states 1912. The claim says 1905, which does not match.",train
tc-01856,science,Topaz is the hardest naturally occurring material.,Sources disagree. Source A: The hardest naturally occurring material is Diamond. Source B: The hardest naturally occurring material is Topaz.,uncertain,"Sources disagree (Diamond versus Topaz), so the claim cannot be confirmed.",train
tc-01857,science,Water freezes at 0 degrees Celsius at standard pressure.,"At standard pressure, water freezes at 0 degrees Celsius. This is widely documented.",supported,The evidence directly supports the claim: it gives 0 degrees Celsius.,train
tc-01858,elements_symbol,The chemical symbol for Silicon is Si.,The standard chemical symbol for Silicon is Si.,supported,"The evidence states Si, which matches the claim.",train
tc-01859,geography,Germany is in Oceania.,Germany is located in Europe. This is widely documented.,unsupported,"The evidence gives Europe, not Oceania, so the claim is contradicted.",train
tc-01860,books,The author of War and Peace is Leo Tolstoy.,Conflicting reports. First report: Leo Tolstoy wrote War and Peace. Second report: The work War and Peace was authored by Fyodor Dostoevsky.,uncertain,Conflicting evidence means this claim cannot be marked supported or unsupported.,train
tc-01861,formulas,Carbon dioxide has the formula CO2.,Textbook summary: Carbon dioxide has the chemical formula CO2.,supported,"The evidence states CO2, which matches the claim.",train
tc-01862,events,The Curiosity rover landed on Mars in 2019.,Textbook summary: Historical records show that the Curiosity rover landed on Mars in 2012.,unsupported,Retrieved evidence contradicts the claim: the correct value is 2012.,val
tc-01863,planets,"Counting outward from the Sun, Jupiter is the fifth planet.",Jupiter is the fifth planet from the Sun in the Solar System.,supported,"The evidence states fifth, which matches the claim.",train
tc-01864,capitals,Uganda's capital is Kampala.,Textbook summary: Reference works list Kampala as the capital of Uganda.,supported,"The evidence states Kampala, which matches the claim.",train
tc-01865,capitals,Jordan's capital is Amman.,Sources disagree. Source A: Reference works list Amman as the capital of Jordan. Source B: Jordan is a country whose capital city is Dhaka.,uncertain,Conflicting evidence means this claim cannot be marked supported or unsupported.,val
tc-01866,elements_number,The atomic number of Oxygen is 8.,"Reference note: In the periodic table, Oxygen occupies position 8.",supported,"The retrieved source confirms 8, so the claim is supported.",train
tc-01867,books,The author of Don Quixote is Miguel de Cervantes.,The work Don Quixote was authored by Miguel de Cervantes.,supported,"The evidence states Miguel de Cervantes, which matches the claim.",train
tc-01868,capitals,Croatia's capital is Astana.,Reference note: Croatia is a country whose capital city is Zagreb.,unsupported,Retrieved evidence contradicts the claim: the correct value is Zagreb.,train
tc-01869,capitals,The capital of Chile is Berlin.,Textbook summary: Bangladesh is a country whose capital city is Dhaka.,uncertain,"The retrieved text does not mention what the claim asserts, so it cannot be confirmed.",train
tc-01870,planets,Uranus is the first planet from the Sun.,Mercury is the first planet from the Sun in the Solar System.,uncertain,The evidence is insufficient to confirm or contradict the claim.,train
tc-01871,capitals,Tunisia's capital is Berlin.,Reference works list Caracas as the capital of Venezuela. This is widely documented.,uncertain,"The retrieved text does not mention what the claim asserts, so it cannot be confirmed.",test
tc-01872,geography,Sweden lies on the continent of Europe.,Peru is located in South America.,uncertain,The evidence is about a different subject and does not address this claim.,val
tc-01873,capitals,Thailand's capital is Bangkok.,The capital of Thailand is Bangkok.,supported,The evidence directly supports the claim: it gives Bangkok.,val
tc-01874,capitals,Australia's capital is Riga.,One source says: Australia is a country whose capital city is Canberra. Another source says: Riga is the capital city of Australia.,uncertain,Conflicting evidence means this claim cannot be marked supported or unsupported.,train
tc-01875,elements_number,The atomic number of Oxygen is 78.,Reference note: Oxygen is the chemical element with atomic number 8.,unsupported,"The evidence gives 8, not 78, so the claim is contradicted.",train
tc-01876,planets,Neptune is the second planet from the Sun.,Neptune is the eighth planet from the Sun in the Solar System.,unsupported,"The source states eighth. The claim says second, which does not match.",train
tc-01877,geography,Ethiopia lies on the continent of Africa.,Ethiopia is part of Africa.,supported,"The retrieved source confirms Africa, so the claim is supported.",train
tc-01878,elements_number,The atomic number of Phosphorus is 15.,An atom of Phosphorus contains 15 protons.,supported,The evidence directly supports the claim: it gives 15.,train
tc-01879,capitals,Tunis is the capital city of Tunisia.,Textbook summary: The capital of Tunisia is Tunis.,supported,The evidence directly supports the claim: it gives Tunis.,test
tc-01880,capitals,Brussels is the capital city of Belgium.,Reference note: The capital of Argentina is Buenos Aires.,uncertain,The evidence is insufficient to confirm or contradict the claim.,train
tc-01881,events,"In 1764, the United States Declaration of Independence was adopted.","The Eiffel Tower was completed in 1889, according to standard histories.",uncertain,The evidence is about a different subject and does not address this claim.,train
tc-01882,elements_symbol,Ca is the symbol of the element Boron.,Conflicting reports. First report: Boron is abbreviated B in the periodic table. Second report: The standard chemical symbol for Boron is Ca.,uncertain,Conflicting evidence means this claim cannot be marked supported or unsupported.,val
tc-01883,books,The author of War and Peace is Plato.,Textbook summary: Ulysses is a book by James Joyce.,uncertain,The evidence is insufficient to confirm or contradict the claim.,train
tc-01884,elements_symbol,The chemical symbol for Carbon is Ca.,Reference note: The standard chemical symbol for Carbon is C.,unsupported,Retrieved evidence contradicts the claim: the correct value is C.,train
tc-01885,events,The Battle of Hastings was fought in 1067.,Historical records show that the Battle of Hastings was fought in 1066. This is widely documented.,unsupported,"The source states 1066. The claim says 1067, which does not match.",train
tc-01886,elements_symbol,The chemical symbol for Helium is Ag.,Sources disagree. Source A: The element Helium is represented by the symbol He. Source B: Helium is abbreviated Ag in the periodic table.,uncertain,Conflicting evidence means this claim cannot be marked supported or unsupported.,train
tc-01887,planets,Mercury is the first planet from the Sun.,One source says: Mercury is the first planet from the Sun in the Solar System. Another source says: Mercury is the fifth planet from the Sun in the Solar System.,uncertain,"The evidence conflicts, giving both first and fifth.",train
tc-01888,geography,Ecuador is in South America.,"Reference note: Geographically, Ecuador lies on the continent of South America.",supported,"The evidence states South America, which matches the claim.",train
tc-01889,events,Sputnik 1 was launched in the year 1954.,Textbook summary: The year 1957 is when Sputnik 1 was launched.,unsupported,"The evidence gives 1957, not 1954, so the claim is contradicted.",train
tc-01890,capitals,Hungary's capital is Paris.,Reference note: Tehran is the capital city of Iran.,uncertain,"The retrieved text does not mention what the claim asserts, so it cannot be confirmed.",train
tc-01891,elements_number,The atomic number of Copper is 5.,Copper is the chemical element with atomic number 29. This is widely documented.,unsupported,"The source states 29. The claim says 5, which does not match.",test
tc-01892,capitals,Ethiopia's capital is Addis Ababa.,Sources disagree. Source A: Reference works list Addis Ababa as the capital of Ethiopia. Source B: Ethiopia is a country whose capital city is Tehran.,uncertain,"Sources disagree (Addis Ababa versus Tehran), so the claim cannot be confirmed.",train
tc-01893,elements_number,Titanium is element number 22.,"In the periodic table, Titanium occupies position 22.",supported,"The evidence states 22, which matches the claim.",train
tc-01894,elements_number,Manganese is element number 2.,"Reference note: In the periodic table, Manganese occupies position 25.",unsupported,"The source states 25. The claim says 2, which does not match.",val
tc-01895,formulas,NaCl is the formula for table salt.,Textbook summary: The standard formula for table salt is NaCl.,supported,"The retrieved source confirms NaCl, so the claim is supported.",train
tc-01896,geography,Indonesia is a country in Africa.,Chile is part of South America. This is widely documented.,uncertain,The evidence is insufficient to confirm or contradict the claim.,train
tc-01897,books,Pride and Prejudice was written by Jane Austen.,Pride and Prejudice is a book by Jane Austen. This is widely documented.,supported,"The evidence states Jane Austen, which matches the claim.",train
tc-01898,formulas,The chemical formula of ozone is O3.,"Reference note: In chemistry, ozone is written as O3.",supported,"The retrieved source confirms O3, so the claim is supported.",train
tc-01899,books,The author of Ulysses is Dante Alighieri.,Textbook summary: Ulysses is a book by James Joyce.,unsupported,"The evidence gives James Joyce, not Dante Alighieri, so the claim is contradicted.",train
tc-01900,books,War and Peace was written by Leo Tolstoy.,Leo Tolstoy wrote War and Peace.,supported,The evidence directly supports the claim: it gives Leo Tolstoy.,train
tc-01901,capitals,Saudi Arabia's capital is Riyadh.,Reference note: Saudi Arabia is a country whose capital city is Riyadh.,supported,"The evidence states Riyadh, which matches the claim.",test
tc-01902,formulas,The chemical formula of carbon monoxide is CaCO3.,Textbook summary: Carbon monoxide has the chemical formula CO.,unsupported,"The source states CO. The claim says CaCO3, which does not match.",train
tc-01903,books,The author of Madame Bovary is George Orwell.,Madame Bovary is a book by Gustave Flaubert. This is widely documented.,unsupported,Retrieved evidence contradicts the claim: the correct value is Gustave Flaubert.,train
tc-01904,science,Sound travels through air at 20 degrees Celsius at about 343 metres per second.,"During photosynthesis, plants take in carbon dioxide.",uncertain,The evidence is insufficient to confirm or contradict the claim.,train
tc-01905,events,Watson and Crick published the double helix structure of DNA in 1953.,"Textbook summary: Watson and Crick published the double helix structure of DNA in 1953, according to standard histories.",supported,"The evidence states 1953, which matches the claim.",test
tc-01906,books,The author of Crime and Punishment is Fyodor Dostoevsky.,Sources disagree. Source A: Fyodor Dostoevsky wrote Crime and Punishment. Source B: The work Crime and Punishment was authored by Chinua Achebe.,uncertain,"Sources disagree (Fyodor Dostoevsky versus Chinua Achebe), so the claim cannot be confirmed.",train
tc-01907,elements_number,The atomic number of Carbon is 78.,An atom of Carbon contains 6 protons.,unsupported,Retrieved evidence contradicts the claim: the correct value is 6.,train
tc-01908,elements_number,The atomic number of Argon is 18.,"Textbook summary: In the periodic table, Argon occupies position 18.",supported,"The retrieved source confirms 18, so the claim is supported.",train
tc-01909,geography,Colombia lies on the continent of South America.,Colombia is part of South America. This is widely documented.,supported,"The evidence states South America, which matches the claim.",train
tc-01910,elements_number,The atomic number of Potassium is 19.,An atom of Potassium contains 19 protons.,supported,"The retrieved source confirms 19, so the claim is supported.",train
tc-01911,events,Apollo 11 landed the first humans on the Moon in 1969.,Reference note: Historical records show that Apollo 11 landed the first humans on the Moon in 1969.,supported,The evidence directly supports the claim: it gives 1969.,train
tc-01912,geography,Tanzania is in Oceania.,"Geographically, Tanzania lies on the continent of Africa.",unsupported,"The evidence gives Africa, not Oceania, so the claim is contradicted.",test
tc-01913,elements_symbol,The chemical symbol for Aluminium is Pb.,Reference note: The element Aluminium is represented by the symbol Al.,unsupported,"The source states Al. The claim says Pb, which does not match.",train
tc-01914,events,"In 1987, Nelson Mandela was released from prison.",Textbook summary: The year 1990 is when Nelson Mandela was released from prison.,unsupported,Retrieved evidence contradicts the claim: the correct value is 1990.,train
tc-01915,events,The Soviet Union was dissolved in 2003.,"Sources disagree. Source A: The year 1991 is when the Soviet Union was dissolved. Source B: The Soviet Union was dissolved in 2003, according to standard histories.",uncertain,"The evidence conflicts, giving both 1991 and 2003.",train
tc-01916,formulas,The chemical formula of baking soda is O3.,Baking soda has the chemical formula NaHCO3. This is widely documented.,unsupported,"The source states NaHCO3. The claim says O3, which does not match.",train
tc-01917,events,"In 2007, the United Kingdom held its Brexit referendum.",Historical records show that the October Revolution took place in Russia in 1917. This is widely documented.,uncertain,The evidence is about a different subject and does not address this claim.,train
tc-01918,events,The United States Declaration of Independence was adopted in 1776.,The year 1776 is when the United States Declaration of Independence was adopted. This is widely documented.,supported,"The retrieved source confirms 1776, so the claim is supported.",train
tc-01919,events,The Soviet Union was dissolved in 1993.,"The Soviet Union was dissolved in 1991, according to standard histories.",unsupported,Retrieved evidence contradicts the claim: the correct value is 1991.,train
tc-01920,geography,Pakistan is in South America.,"Textbook summary: Geographically, Pakistan lies on the continent of Asia.",unsupported,Retrieved evidence contradicts the claim: the correct value is Asia.,train
tc-01921,science,Humans typically have 23 pairs of chromosomes.,A typical human cell contains 23 pairs of chromosomes. This is widely documented.,supported,The evidence directly supports the claim: it gives 23 pairs of chromosomes.,train
tc-01922,capitals,Iceland's capital is Berlin.,Reference works list Amman as the capital of Jordan. This is widely documented.,uncertain,The evidence is about a different subject and does not address this claim.,train
tc-01923,geography,Argentina lies on the continent of South America.,Textbook summary: Finland is part of Europe.,uncertain,The evidence is insufficient to confirm or contradict the claim.,train
tc-01924,events,"In 1945, the atomic bomb was dropped on Hiroshima.",Historical records show that the atomic bomb was dropped on Hiroshima in 1945.,supported,"The evidence states 1945, which matches the claim.",train
tc-01925,science,An adult human skeleton has 206 bones.,The adult human skeleton is made up of 206 bones.,supported,The evidence directly supports the claim: it gives 206 bones.,train
tc-01926,books,Thomas Hobbes is the author of A Brief History of Time.,Reference note: A Brief History of Time is a book by Stephen Hawking.,unsupported,"The source states Stephen Hawking. The claim says Thomas Hobbes, which does not match.",train
tc-01927,books,Herman Melville is the author of Moby-Dick.,Herman Melville wrote Moby-Dick.,supported,The evidence directly supports the claim: it gives Herman Melville.,train
tc-01928,science,Sound travels through air at 20 degrees Celsius at about 150 metres per second.,"At 20 degrees Celsius, the speed of sound in air is about 343 metres per second. This is widely documented.",unsupported,Retrieved evidence contradicts the claim: the correct value is 343 metres per second.,train
tc-01929,events,"In 2002, euro banknotes and coins entered circulation.",Textbook summary: Historical records show that euro banknotes and coins entered circulation in 2002.,supported,"The retrieved source confirms 2002, so the claim is supported.",train
tc-01930,capitals,The capital of Zimbabwe is Bern.,Harare is the capital city of Zimbabwe.,unsupported,"The evidence gives Harare, not Bern, so the claim is contradicted.",train
tc-01931,elements_number,Titanium is element number 9.,An atom of Titanium contains 22 protons.,unsupported,"The source states 22. The claim says 9, which does not match.",train
tc-01932,capitals,The capital of Egypt is Cairo.,One source says: Cairo is the capital city of Egypt. Another source says: London is the capital city of Egypt.,uncertain,Conflicting evidence means this claim cannot be marked supported or unsupported.,train
tc-01933,books,Leo Tolstoy is the author of War and Peace.,War and Peace is a book by Leo Tolstoy.,supported,"The retrieved source confirms Leo Tolstoy, so the claim is supported.",train
tc-01934,books,Gabriel Garcia Marquez is the author of One Hundred Years of Solitude.,Conflicting reports. First report: One Hundred Years of Solitude is a book by Gabriel Garcia Marquez. Second report: The work One Hundred Years of Solitude was authored by Toni Morrison.,uncertain,Conflicting evidence means this claim cannot be marked supported or unsupported.,test
tc-01935,books,Ulysses was written by Stephen Hawking.,Textbook summary: James Joyce wrote Ulysses.,unsupported,"The evidence gives James Joyce, not Stephen Hawking, so the claim is contradicted.",train
tc-01936,planets,"Counting outward from the Sun, Saturn is the sixth planet.","In order of distance from the Sun, Mercury comes first. This is widely documented.",uncertain,"The retrieved text does not mention what the claim asserts, so it cannot be confirmed.",test
tc-01937,capitals,Kabul is the capital city of Afghanistan.,Reference works list Kabul as the capital of Afghanistan. This is widely documented.,supported,The evidence directly supports the claim: it gives Kabul.,test
tc-01938,events,The Statue of Liberty was dedicated in 1882.,Textbook summary: The year 1886 is when the Statue of Liberty was dedicated.,unsupported,"The source states 1886. The claim says 1882, which does not match.",train
tc-01939,elements_number,The atomic number of Uranium is 92.,Iron is the chemical element with atomic number 26. This is widely documented.,uncertain,The evidence is about a different subject and does not address this claim.,train
tc-01940,science,The Great Barrier Reef lies off the coast of the Philippines.,"Reference note: The Great Barrier Reef is located off Queensland, Australia.",unsupported,"The source states Queensland, Australia. The claim says the Philippines, which does not match.",train
tc-01941,science,The largest planet in the Solar System is Neptune.,A typical human cell contains 23 pairs of chromosomes.,uncertain,The evidence is insufficient to confirm or contradict the claim.,train
tc-01942,books,The author of Pride and Prejudice is Jane Austen.,One source says: Jane Austen wrote Pride and Prejudice. Another source says: William Shakespeare wrote Pride and Prejudice.,uncertain,"The evidence conflicts, giving both Jane Austen and William Shakespeare.",train
tc-01943,formulas,Ozone has the formula SO2.,Textbook summary: The standard formula for ozone is O3.,unsupported,"The evidence gives O3, not SO2, so the claim is contradicted.",train
tc-01944,capitals,Spain's capital is Kathmandu.,The capital of Spain is Madrid.,unsupported,"The source states Madrid. The claim says Kathmandu, which does not match.",train
tc-01945,capitals,The capital of Bangladesh is Berlin.,Reference note: The capital of Bangladesh is Dhaka.,unsupported,"The source states Dhaka. The claim says Berlin, which does not match.",train
tc-01946,books,The author of Things Fall Apart is Chinua Achebe.,Conflicting reports. First report: The work Things Fall Apart was authored by Chinua Achebe. Second report: J. D. Salinger wrote Things Fall Apart.,uncertain,Conflicting evidence means this claim cannot be marked supported or unsupported.,train
tc-01947,books,The Wealth of Nations was written by Charlotte Bronte.,Textbook summary: Adam Smith wrote The Wealth of Nations.,unsupported,"The evidence gives Adam Smith, not Charlotte Bronte, so the claim is contradicted.",train
tc-01948,elements_symbol,He is the symbol of the element Helium.,Reference note: The element Helium is represented by the symbol He.,supported,"The evidence states He, which matches the claim.",train
tc-01949,events,"In 1990, Nelson Mandela was released from prison.","Reference note: Nelson Mandela was released from prison in 1990, according to standard histories.",supported,"The evidence states 1990, which matches the claim.",train
tc-01950,events,Sputnik 1 was launched in 1957.,"Sputnik 1 was launched in 1957, according to standard histories. This is widely documented.",supported,The evidence directly supports the claim: it gives 1957.,train
tc-01951,elements_number,The atomic number of Uranium is 30.,"Conflicting reports. First report: Uranium is the chemical element with atomic number 92. Second report: In the periodic table, Uranium occupies position 30.",uncertain,"The evidence conflicts, giving both 92 and 30.",train
tc-01952,planets,Neptune is the second planet from the Sun.,Reference note: Neptune is the eighth planet from the Sun in the Solar System.,unsupported,Retrieved evidence contradicts the claim: the correct value is eighth.,train
tc-01953,formulas,Table salt has the formula NaCl.,The standard formula for table salt is NaCl.,supported,"The retrieved source confirms NaCl, so the claim is supported.",train
tc-01954,events,The American Civil War began in 1870.,Textbook summary: Historical records show that the American Civil War began in 1861.,unsupported,Retrieved evidence contradicts the claim: the correct value is 1861.,train
tc-01955,formulas,Table salt has the formula NaCl.,The standard formula for table salt is NaCl. This is widely documented.,supported,The evidence directly supports the claim: it gives NaCl.,train
tc-01956,science,An adult human skeleton has 206 bones.,The adult human skeleton is made up of 206 bones. This is widely documented.,supported,"The retrieved source confirms 206 bones, so the claim is supported.",train
tc-01957,science,"Mount Everest rises about 8,849 metres above sea level.","The official height of Mount Everest is about 8,849 metres above sea level.",supported,"The evidence states 8,849 metres, which matches the claim.",val
tc-01958,elements_number,Sodium has 25 protons in its nucleus.,"In the periodic table, Sodium occupies position 11. This is widely documented.",unsupported,Retrieved evidence contradicts the claim: the correct value is 11.,train
tc-01959,capitals,Nepal's capital is Kathmandu.,Nepal is a country whose capital city is Kathmandu. This is widely documented.,supported,"The evidence states Kathmandu, which matches the claim.",train
tc-01960,capitals,The capital of the United Kingdom is Paris.,Manila is the capital city of the Philippines.,uncertain,"The retrieved text does not mention what the claim asserts, so it cannot be confirmed.",train
tc-01961,books,The author of Moby-Dick is Herman Melville.,Herman Melville wrote Moby-Dick. This is widely documented.,supported,The evidence directly supports the claim: it gives Herman Melville.,train
tc-01962,elements_symbol,The chemical symbol for Chromium is W.,The standard chemical symbol for Chromium is Cr. This is widely documented.,unsupported,"The evidence gives Cr, not W, so the claim is contradicted.",test
tc-01963,elements_symbol,Zn is the symbol of the element Zinc.,Sources disagree. Source A: The standard chemical symbol for Zinc is Zn. Source B: The standard chemical symbol for Zinc is P.,uncertain,"The evidence conflicts, giving both Zn and P.",train
tc-01964,events,"In 1958, Edmund Hillary and Tenzing Norgay first reached the summit of Mount Everest.",The year 1953 is when Edmund Hillary and Tenzing Norgay first reached the summit of Mount Everest. This is widely documented.,unsupported,Retrieved evidence contradicts the claim: the correct value is 1953.,train
tc-01965,formulas,O3 is the formula for ozone.,"In chemistry, ammonia is written as NH3. This is widely documented.",uncertain,The evidence is about a different subject and does not address this claim.,train
tc-01966,elements_symbol,The chemical symbol for Neon is Ne.,Textbook summary: The element Neon is represented by the symbol Ne.,supported,The evidence directly supports the claim: it gives Ne.,train
tc-01967,capitals,Manila is the capital city of the Philippines.,Reference note: The Philippines is a country whose capital city is Manila.,supported,"The evidence states Manila, which matches the claim.",train
tc-01968,capitals,Kenya's capital is Berlin.,Textbook summary: Nairobi is the capital city of Kenya.,unsupported,"The source states Nairobi. The claim says Berlin, which does not match.",test
tc-01969,elements_symbol,H is the symbol of the element Tungsten.,The element Sulfur is represented by the symbol S.,uncertain,The evidence is about a different subject and does not address this claim.,train
tc-01970,planets,Uranus is the sixth planet from the Sun.,"One source says: Uranus is the seventh planet from the Sun in the Solar System. Another source says: In order of distance from the Sun, Uranus comes sixth.",uncertain,"Sources disagree (seventh versus sixth), so the claim cannot be confirmed.",train
tc-01971,science,Water boils at 100 degrees Celsius at standard sea-level pressure.,"Reference note: At standard atmospheric pressure at sea level, water boils at 100 degrees Celsius.",supported,The evidence directly supports the claim: it gives 100 degrees Celsius.,test
tc-01972,events,The Space Shuttle Challenger disaster occurred in the year 1986.,The year 1986 is when the Space Shuttle Challenger disaster occurred. This is widely documented.,supported,"The retrieved source confirms 1986, so the claim is supported.",test
tc-01973,geography,Mexico lies on the continent of North America.,Reference note: New Zealand is located in Oceania.,uncertain,"The retrieved text does not mention what the claim asserts, so it cannot be confirmed.",train
tc-01974,elements_symbol,U is the symbol of the element Argon.,The standard chemical symbol for Argon is Ar.,unsupported,"The source states Ar. The claim says U, which does not match.",train
tc-01975,elements_symbol,The chemical symbol for Oxygen is H.,Reference note: Chlorine is abbreviated Cl in the periodic table.,uncertain,"The retrieved text does not mention what the claim asserts, so it cannot be confirmed.",train
tc-01976,books,The author of Animal Farm is Miguel de Cervantes.,Textbook summary: Animal Farm is a book by George Orwell.,unsupported,Retrieved evidence contradicts the claim: the correct value is George Orwell.,train
tc-01977,geography,India is a country in Asia.,"Reference note: Geographically, India lies on the continent of Asia.",supported,"The evidence states Asia, which matches the claim.",train
tc-01978,books,Frankenstein was written by Mary Shelley.,Mary Shelley wrote Frankenstein. This is widely documented.,supported,"The retrieved source confirms Mary Shelley, so the claim is supported.",train
tc-01979,geography,Morocco is in North America.,"Conflicting reports. First report: Geographically, Morocco lies on the continent of Africa. Second report: Morocco is located in North America.",uncertain,"The evidence conflicts, giving both Africa and North America.",test
tc-01980,elements_symbol,The chemical symbol for Silicon is K.,The element Silicon is represented by the symbol Si.,unsupported,Retrieved evidence contradicts the claim: the correct value is Si.,train
tc-01981,capitals,Kazakhstan's capital is Bangkok.,Astana is the capital city of Kazakhstan. This is widely documented.,unsupported,"The source states Astana. The claim says Bangkok, which does not match.",train
tc-01982,books,The author of One Hundred Years of Solitude is Charles Darwin.,One Hundred Years of Solitude is a book by Gabriel Garcia Marquez.,unsupported,Retrieved evidence contradicts the claim: the correct value is Gabriel Garcia Marquez.,test
tc-01983,capitals,Ecuador's capital is Quito.,Sources disagree. Source A: Quito is the capital city of Ecuador. Source B: Reference works list Stockholm as the capital of Ecuador.,uncertain,Conflicting evidence means this claim cannot be marked supported or unsupported.,train
tc-01984,geography,Peru is a country in Africa.,"Geographically, Italy lies on the continent of Europe. This is widely documented.",uncertain,"The retrieved text does not mention what the claim asserts, so it cannot be confirmed.",train
tc-01985,capitals,The capital of Italy is Paris.,Textbook summary: The capital of Iraq is Baghdad.,uncertain,The evidence is about a different subject and does not address this claim.,train
tc-01986,books,Dracula was written by Adam Smith.,The work Dracula was authored by Bram Stoker. This is widely documented.,unsupported,"The evidence gives Bram Stoker, not Adam Smith, so the claim is contradicted.",train
tc-01987,capitals,The capital of Hungary is Copenhagen.,Hungary is a country whose capital city is Budapest. This is widely documented.,unsupported,"The evidence gives Budapest, not Copenhagen, so the claim is contradicted.",train
tc-01988,capitals,The Netherlands's capital is Amsterdam.,The Netherlands is a country whose capital city is Amsterdam.,supported,The evidence directly supports the claim: it gives Amsterdam.,train
tc-01989,geography,Morocco lies on the continent of Asia.,Morocco is part of Africa. This is widely documented.,unsupported,"The evidence gives Africa, not Asia, so the claim is contradicted.",test
tc-01990,geography,South Korea is in Africa.,Germany is located in Europe. This is widely documented.,uncertain,The evidence is about a different subject and does not address this claim.,train
tc-01991,elements_symbol,The chemical symbol for Sodium is Mn.,Textbook summary: Sodium is abbreviated Na in the periodic table.,unsupported,Retrieved evidence contradicts the claim: the correct value is Na.,train
tc-01992,books,The author of Les Miserables is J. D. Salinger.,The work Les Miserables was authored by Victor Hugo. This is widely documented.,unsupported,"The source states Victor Hugo. The claim says J. D. Salinger, which does not match.",train
tc-01993,events,The United Kingdom held its Brexit referendum in 2016.,Historical records show that the United Kingdom held its Brexit referendum in 2016.,supported,"The retrieved source confirms 2016, so the claim is supported.",train
tc-01994,capitals,Beirut is the capital city of the Netherlands.,Reference note: Amsterdam is the capital city of the Netherlands.,unsupported,"The evidence gives Amsterdam, not Beirut, so the claim is contradicted.",train
tc-01995,elements_number,Lithium has 25 protons in its nucleus.,Textbook summary: An atom of Lithium contains 3 protons.,unsupported,Retrieved evidence contradicts the claim: the correct value is 3.,val
tc-01996,elements_number,Uranium is element number 92.,"In the periodic table, Uranium occupies position 92.",supported,The evidence directly supports the claim: it gives 92.,train
tc-01997,elements_number,The atomic number of Iodine is 47.,An atom of Iodine contains 53 protons.,unsupported,"The evidence gives 53, not 47, so the claim is contradicted.",test
tc-01998,events,The Wall Street Crash began in the year 1936.,"Reference note: The Wall Street Crash began in 1929, according to standard histories.",unsupported,"The evidence gives 1929, not 1936, so the claim is contradicted.",train
tc-01999,capitals,Berlin is the capital city of Saudi Arabia.,Reference note: The capital of Nigeria is Abuja.,uncertain,"The retrieved text does not mention what the claim asserts, so it cannot be confirmed.",test
tc-02000,elements_symbol,Co is the symbol of the element Cobalt.,Silver is abbreviated Ag in the periodic table. This is widely documented.,uncertain,The evidence is about a different subject and does not address this claim.,train
tc-02001,capitals,Malaysia's capital is Kuala Lumpur.,Reference note: The capital of Malaysia is Kuala Lumpur.,supported,The evidence directly supports the claim: it gives Kuala Lumpur.,train
tc-02002,elements_symbol,W is the symbol of the element Silver.,Reference note: The element Silver is represented by the symbol Ag.,unsupported,"The source states Ag. The claim says W, which does not match.",train
tc-02003,books,The Catcher in the Rye was written by J. D. Salinger.,Textbook summary: The Catcher in the Rye is a book by J. D. Salinger.,supported,"The evidence states J. D. Salinger, which matches the claim.",val
tc-02004,capitals,The capital of Iraq is Baghdad.,Reference note: Reference works list Baghdad as the capital of Iraq.,supported,The evidence directly supports the claim: it gives Baghdad.,train
tc-02005,geography,Fiji is in Oceania.,"Sources disagree. Source A: Geographically, Fiji lies on the continent of Oceania. Source B: Fiji is located in North America.",uncertain,"The evidence conflicts, giving both Oceania and North America.",train
tc-02006,capitals,The capital of Lebanon is Beirut.,Reference note: The capital of Lebanon is Beirut.,supported,"The retrieved source confirms Beirut, so the claim is supported.",train
tc-02007,events,The Space Shuttle Columbia first flew in 1981.,Textbook summary: The year 1981 is when the Space Shuttle Columbia first flew.,supported,"The retrieved source confirms 1981, so the claim is supported.",train
tc-02008,capitals,Tokyo is the capital city of Japan.,Textbook summary: Lithuania is a country whose capital city is Vilnius.,uncertain,The evidence is insufficient to confirm or contradict the claim.,train
tc-02009,capitals,Argentina's capital is Tallinn.,One source says: The capital of Argentina is Buenos Aires. Another source says: Argentina is a country whose capital city is Tallinn.,uncertain,"Sources disagree (Buenos Aires versus Tallinn), so the claim cannot be confirmed.",train
tc-02010,geography,Italy is in Europe.,Textbook summary: Italy is part of Europe.,supported,The evidence directly supports the claim: it gives Europe.,train
tc-02011,books,Charlotte Bronte is the author of To Kill a Mockingbird.,To Kill a Mockingbird is a book by Harper Lee. This is widely documented.,unsupported,Retrieved evidence contradicts the claim: the correct value is Harper Lee.,train
tc-02012,events,Apollo 11 landed the first humans on the Moon in 1976.,Textbook summary: The year 1969 is when Apollo 11 landed the first humans on the Moon.,unsupported,"The evidence gives 1969, not 1976, so the claim is contradicted.",train
tc-02013,elements_number,Iodine is element number 53.,Iodine is the chemical element with atomic number 53. This is widely documented.,supported,"The retrieved source confirms 53, so the claim is supported.",test
tc-02014,science,Pi is approximately 3.14159.,Textbook summary: The mathematical constant pi is approximately 3.14159.,supported,The evidence directly supports the claim: it gives 3.14159.,train
tc-02015,events,King John sealed the Magna Carta in the year 1213.,Textbook summary: Historical records show that King John sealed the Magna Carta in 1215.,unsupported,"The source states 1215. The claim says 1213, which does not match.",train
tc-02016,events,The Berlin Wall fell in the year 1998.,The year 1989 is when the Berlin Wall fell. This is widely documented.,unsupported,"The evidence gives 1989, not 1998, so the claim is contradicted.",train
tc-02017,elements_symbol,The chemical symbol for Manganese is He.,The element Tin is represented by the symbol Sn.,uncertain,The evidence is insufficient to confirm or contradict the claim.,train
tc-02018,capitals,The capital of Zimbabwe is Harare.,Conflicting reports. First report: Reference works list Harare as the capital of Zimbabwe. Second report: Zimbabwe is a country whose capital city is Madrid.,uncertain,"Sources disagree (Harare versus Madrid), so the claim cannot be confirmed.",train
tc-02019,books,1984 was written by George Orwell.,Textbook summary: George Orwell wrote 1984.,supported,The evidence directly supports the claim: it gives George Orwell.,train
tc-02020,planets,"Counting outward from the Sun, Earth is the third planet.",Reference note: Earth is the third planet from the Sun in the Solar System.,supported,"The retrieved source confirms third, so the claim is supported.",train
tc-02021,elements_number,Tin has 50 protons in its nucleus.,Reference note: Tin is the chemical element with atomic number 50.,supported,"The evidence states 50, which matches the claim.",val
tc-02022,events,The atomic bomb was dropped on Hiroshima in the year 1945.,The year 1945 is when the atomic bomb was dropped on Hiroshima. This is widely documented.,supported,"The evidence states 1945, which matches the claim.",train
tc-02023,books,The author of Brave New World is Plato.,The work The Divine Comedy was authored by Dante Alighieri. This is widely documented.,uncertain,The evidence is insufficient to confirm or contradict the claim.,train
tc-02024,geography,Finland is a country in Oceania.,"Sources disagree. Source A: Geographically, Finland lies on the continent of Europe. Source B: Geographically, Finland lies on the continent of Oceania.",uncertain,"The evidence conflicts, giving both Europe and Oceania.",train
tc-02025,capitals,The capital of Malaysia is Kuala Lumpur.,The capital of Malaysia is Kuala Lumpur. This is widely documented.,supported,"The retrieved source confirms Kuala Lumpur, so the claim is supported.",train
tc-02026,elements_symbol,The chemical symbol for Chlorine is Ne.,Chlorine is abbreviated Cl in the periodic table.,unsupported,"The evidence gives Cl, not Ne, so the claim is contradicted.",train
tc-02027,capitals,The capital of Finland is Paris.,The capital of Switzerland is Bern. This is widely documented.,uncertain,The evidence is about a different subject and does not address this claim.,train
tc-02028,books,The author of War and Peace is J. D. Salinger.,One source says: Leo Tolstoy wrote War and Peace. Another source says: J. D. Salinger wrote War and Peace.,uncertain,"The evidence conflicts, giving both Leo Tolstoy and J. D. Salinger.",train
tc-02029,science,Water boils at 80 degrees Celsius at standard sea-level pressure.,"Textbook summary: At standard atmospheric pressure at sea level, water boils at 100 degrees Celsius.",unsupported,Retrieved evidence contradicts the claim: the correct value is 100 degrees Celsius.,test
tc-02030,events,Apollo 11 landed the first humans on the Moon in the year 1973.,"Apollo 11 landed the first humans on the Moon in 1969, according to standard histories.",unsupported,"The evidence gives 1969, not 1973, so the claim is contradicted.",train
tc-02031,elements_number,The atomic number of Argon is 18.,"Reference note: In the periodic table, Argon occupies position 18.",supported,The evidence directly supports the claim: it gives 18.,train
tc-02032,events,The Eiffel Tower was completed in 1896.,One source says: The year 1889 is when the Eiffel Tower was completed. Another source says: Historical records show that the Eiffel Tower was completed in 1896.,uncertain,"Sources disagree (1889 versus 1896), so the claim cannot be confirmed.",train
tc-02033,geography,Indonesia lies on the continent of Asia.,Indonesia is part of Asia. This is widely documented.,supported,"The retrieved source confirms Asia, so the claim is supported.",train
tc-02034,elements_symbol,Zn is the symbol of the element Zinc.,One source says: The element Zinc is represented by the symbol Zn. Another source says: Zinc is abbreviated O in the periodic table.,uncertain,"Sources disagree (Zn versus O), so the claim cannot be confirmed.",train
tc-02035,capitals,Budapest is the capital city of Hungary.,Textbook summary: The capital of Hungary is Budapest.,supported,"The evidence states Budapest, which matches the claim.",train
tc-02036,elements_symbol,The chemical symbol for Fluorine is F.,Textbook summary: The standard chemical symbol for Fluorine is F.,supported,The evidence directly supports the claim: it gives F.,train
tc-02037,books,The Hobbit was written by J. R. R. Tolkien.,J. R. R. Tolkien wrote The Hobbit.,supported,"The retrieved source confirms J. R. R. Tolkien, so the claim is supported.",train
tc-02038,elements_number,Uranium has 1 protons in its nucleus.,An atom of Iodine contains 53 protons.,uncertain,The evidence is about a different subject and does not address this claim.,train
tc-02039,events,The Battle of Hastings was fought in 1062.,One source says: The year 1066 is when the Battle of Hastings was fought. Another source says: The year 1062 is when the Battle of Hastings was fought.,uncertain,Conflicting evidence means this claim cannot be marked supported or unsupported.,train
tc-02040,geography,Poland is in Europe.,Textbook summary: Poland is part of Europe.,supported,"The evidence states Europe, which matches the claim.",test
tc-02041,geography,Australia is in South America.,Reference note: Australia is located in Oceania.,unsupported,Retrieved evidence contradicts the claim: the correct value is Oceania.,train
tc-02042,events,The first iPhone was released in 2006.,Textbook summary: The year 2007 is when the first iPhone was released.,unsupported,Retrieved evidence contradicts the claim: the correct value is 2007.,train
tc-02043,formulas,The chemical formula of sulfuric acid is H2SO4.,"Textbook summary: In chemistry, sulfuric acid is written as H2SO4.",supported,"The evidence states H2SO4, which matches the claim.",train
tc-02044,planets,Mars is the fourth planet from the Sun.,"In order of distance from the Sun, Mars comes fourth.",supported,"The evidence states fourth, which matches the claim.",train
tc-02045,elements_number,Tungsten has 2 protons in its nucleus.,"Textbook summary: In the periodic table, Phosphorus occupies position 15.",uncertain,The evidence is about a different subject and does not address this claim.,train
tc-02046,books,The Republic was written by Plato.,Textbook summary: The work The Republic was authored by Plato.,supported,The evidence directly supports the claim: it gives Plato.,train
tc-02047,geography,Argentina lies on the continent of Oceania.,Argentina is part of South America. This is widely documented.,unsupported,"The source states South America. The claim says Oceania, which does not match.",train
tc-02048,capitals,Kyiv is the capital city of Ukraine.,Reference note: Ukraine is a country whose capital city is Kyiv.,supported,"The retrieved source confirms Kyiv, so the claim is supported.",test
tc-02049,books,The Trial was written by Franz Kafka.,Textbook summary: Franz Kafka wrote The Trial.,supported,"The retrieved source confirms Franz Kafka, so the claim is supported.",train
tc-02050,science,"Mount Everest rises about 7,200 metres above sea level.",The hardest naturally occurring material is Diamond.,uncertain,The evidence is insufficient to confirm or contradict the claim.,val
tc-02051,capitals,The capital of Nepal is Kathmandu.,Kathmandu is the capital city of Nepal.,supported,"The evidence states Kathmandu, which matches the claim.",train
tc-02052,geography,Colombia is in Asia.,Textbook summary: Colombia is part of South America.,unsupported,"The evidence gives South America, not Asia, so the claim is contradicted.",train
tc-02053,books,Miguel de Cervantes is the author of Don Quixote.,Conflicting reports. First report: Don Quixote is a book by Miguel de Cervantes. Second report: J. R. R. Tolkien wrote Don Quixote.,uncertain,"Sources disagree (Miguel de Cervantes versus J. R. R. Tolkien), so the claim cannot be confirmed.",train
tc-02054,geography,Norway is in Oceania.,One source says: Norway is located in Europe. Another source says: Norway is located in Oceania.,uncertain,"The evidence conflicts, giving both Europe and Oceania.",train
tc-02055,books,The Divine Comedy was written by Herman Melville.,Conflicting reports. First report: Dante Alighieri wrote The Divine Comedy. Second report: Herman Melville wrote The Divine Comedy.,uncertain,Conflicting evidence means this claim cannot be marked supported or unsupported.,train
tc-02056,books,Plato is the author of The Catcher in the Rye.,Textbook summary: Things Fall Apart is a book by Chinua Achebe.,uncertain,"The retrieved text does not mention what the claim asserts, so it cannot be confirmed.",val
tc-02057,events,The Space Shuttle Columbia first flew in the year 1981.,"One source says: The Space Shuttle Columbia first flew in 1981, according to standard histories. Another source says: The year 1984 is when the Space Shuttle Columbia first flew.",uncertain,"Sources disagree (1981 versus 1984), so the claim cannot be confirmed.",train
tc-02058,elements_symbol,S is the symbol of the element Boron.,Sources disagree. Source A: The standard chemical symbol for Boron is B. Source B: The element Boron is represented by the symbol S.,uncertain,"The evidence conflicts, giving both B and S.",val
tc-02059,science,Water boils at 110 degrees Celsius at standard sea-level pressure.,"At standard atmospheric pressure at sea level, water boils at 100 degrees Celsius. This is widely documented.",unsupported,"The evidence gives 100 degrees Celsius, not 110 degrees Celsius, so the claim is contradicted.",test
tc-02060,geography,Sweden is a country in Asia.,Reference note: Sweden is located in Europe.,unsupported,"The source states Europe. The claim says Asia, which does not match.",val
tc-02061,events,"In 1991, the Soviet Union was dissolved.",Historical records show that the Soviet Union was dissolved in 1991.,supported,"The evidence states 1991, which matches the claim.",train
tc-02062,science,Carbon dioxide is the most abundant gas in Earth's atmosphere.,Textbook summary: The most abundant gas in Earth's atmosphere is Nitrogen.,unsupported,"The source states Nitrogen. The claim says Carbon dioxide, which does not match.",val
tc-02063,geography,South Korea is in South America.,South Korea is part of Asia.,unsupported,"The source states Asia. The claim says South America, which does not match.",train
tc-02064,capitals,The capital of Mexico is Mexico City.,Mexico is a country whose capital city is Mexico City. This is widely documented.,supported,"The evidence states Mexico City, which matches the claim.",train
tc-02065,events,The Berlin Wall was built in 1949.,"The Curiosity rover landed on Mars in 2012, according to standard histories.",uncertain,The evidence is about a different subject and does not address this claim.,val
tc-02066,capitals,Tehran is the capital city of the Philippines.,The capital of the Philippines is Manila. This is widely documented.,unsupported,Retrieved evidence contradicts the claim: the correct value is Manila.,train
tc-02067,formulas,The chemical formula of ammonia is NaHCO3.,Textbook summary: The standard formula for ammonia is NH3.,unsupported,"The evidence gives NH3, not NaHCO3, so the claim is contradicted.",train
tc-02068,capitals,The United Kingdom's capital is Budapest.,The United Kingdom is a country whose capital city is London.,unsupported,"The evidence gives London, not Budapest, so the claim is contradicted.",train
tc-02069,capitals,The capital of Finland is Helsinki.,Textbook summary: Helsinki is the capital city of Finland.,supported,"The evidence states Helsinki, which matches the claim.",train
tc-02070,events,The Statue of Liberty was dedicated in 1887.,Reference note: Historical records show that the Statue of Liberty was dedicated in 1886.,unsupported,"The evidence gives 1886, not 1887, so the claim is contradicted.",train
tc-02071,events,The French Revolution began in the year 1789.,The year 1789 is when the French Revolution began. This is widely documented.,supported,"The evidence states 1789, which matches the claim.",train
tc-02072,events,India gained independence from British rule in 1948.,The year 1947 is when India gained independence from British rule. This is widely documented.,unsupported,"The evidence gives 1947, not 1948, so the claim is contradicted.",train
tc-02073,capitals,The capital of the Netherlands is London.,Sources disagree. Source A: The Netherlands is a country whose capital city is Amsterdam. Source B: The Netherlands is a country whose capital city is London.,uncertain,"Sources disagree (Amsterdam versus London), so the claim cannot be confirmed.",train
tc-02074,events,Euro banknotes and coins entered circulation in 2002.,Historical records show that euro banknotes and coins entered circulation in 2002.,supported,"The retrieved source confirms 2002, so the claim is supported.",train
tc-02075,elements_number,Nitrogen is element number 1.,Reference note: An atom of Nitrogen contains 7 protons.,unsupported,"The evidence gives 7, not 1, so the claim is contradicted.",test
tc-02076,geography,India lies on the continent of Oceania.,"One source says: India is located in Asia. Another source says: Geographically, India lies on the continent of Oceania.",uncertain,"The evidence conflicts, giving both Asia and Oceania.",train
tc-02077,elements_number,Neon is element number 26.,"Reference note: In the periodic table, Neon occupies position 10.",unsupported,Retrieved evidence contradicts the claim: the correct value is 10.,train
tc-02078,events,Christopher Columbus made his first voyage across the Atlantic in the year 1493.,Textbook summary: Historical records show that Christopher Columbus made his first voyage across the Atlantic in 1492.,unsupported,"The evidence gives 1492, not 1493, so the claim is contradicted.",train
tc-02079,geography,Pakistan lies on the continent of North America.,"Sources disagree. Source A: Geographically, Pakistan lies on the continent of Asia. Source B: Pakistan is located in North America.",uncertain,"The evidence conflicts, giving both Asia and North America.",train
tc-02080,elements_number,Iodine has 2 protons in its nucleus.,"Textbook summary: In the periodic table, Argon occupies position 18.",uncertain,The evidence is about a different subject and does not address this claim.,test
tc-02081,elements_number,Neon has 80 protons in its nucleus.,Reference note: An atom of Neon contains 10 protons.,unsupported,"The source states 10. The claim says 80, which does not match.",train
tc-02082,capitals,Slovakia's capital is Ottawa.,Bratislava is the capital city of Slovakia.,unsupported,"The evidence gives Bratislava, not Ottawa, so the claim is contradicted.",train
tc-02083,capitals,Lisbon is the capital city of Portugal.,Reference note: Lisbon is the capital city of Portugal.,supported,"The retrieved source confirms Lisbon, so the claim is supported.",train
tc-02084,formulas,Methane has the formula CH4.,One source says: Methane has the chemical formula CH4. Another source says: Methane has the chemical formula O3.,uncertain,"The evidence conflicts, giving both CH4 and O3.",train
tc-02085,capitals,Thailand's capital is Bangkok.,Bangkok is the capital city of Thailand. This is widely documented.,supported,"The evidence states Bangkok, which matches the claim.",val
tc-02086,elements_symbol,The chemical symbol for Potassium is Na.,Reference note: The element Potassium is represented by the symbol K.,unsupported,"The evidence gives K, not Na, so the claim is contradicted.",train
tc-02087,events,The Space Shuttle Challenger disaster occurred in the year 1977.,"Textbook summary: The October Revolution took place in Russia in 1917, according to standard histories.",uncertain,The evidence is about a different subject and does not address this claim.,test
tc-02088,capitals,The capital of Mongolia is Helsinki.,Reference note: The capital of Mongolia is Ulaanbaatar.,unsupported,"The evidence gives Ulaanbaatar, not Helsinki, so the claim is contradicted.",train
tc-02089,events,The Suez Canal opened in 1869.,"The Suez Canal opened in 1869, according to standard histories.",supported,"The evidence states 1869, which matches the claim.",train
tc-02090,books,The author of The Trial is Franz Kafka.,The Wealth of Nations is a book by Adam Smith. This is widely documented.,uncertain,The evidence is about a different subject and does not address this claim.,train
tc-02091,elements_number,Gold has 79 protons in its nucleus.,"Reference note: In the periodic table, Gold occupies position 79.",supported,"The retrieved source confirms 79, so the claim is supported.",train
tc-02092,events,Christopher Columbus made his first voyage across the Atlantic in 1483.,Historical records show that Alexander Fleming discovered penicillin in 1928. This is widely documented.,uncertain,The evidence is insufficient to confirm or contradict the claim.,train
tc-02093,science,The human heart has two chambers.,The Moon completes one orbit of Earth in about 27 days. This is widely documented.,uncertain,The evidence is about a different subject and does not address this claim.,train
tc-02094,capitals,The capital of Uganda is Kampala.,The capital of Zimbabwe is Harare. This is widely documented.,uncertain,"The retrieved text does not mention what the claim asserts, so it cannot be confirmed.",train
tc-02095,events,The Apollo 13 mission suffered an oxygen tank explosion in 1966.,Textbook summary: The year 1970 is when the Apollo 13 mission suffered an oxygen tank explosion.,unsupported,"The evidence gives 1970, not 1966, so the claim is contradicted.",train
tc-02096,capitals,The capital of Slovakia is Bratislava.,The capital of Slovakia is Bratislava. This is widely documented.,supported,"The retrieved source confirms Bratislava, so the claim is supported.",train
tc-02097,books,The author of Frankenstein is Mary Shelley.,Reference note: Crime and Punishment is a book by Fyodor Dostoevsky.,uncertain,The evidence is about a different subject and does not address this claim.,train
tc-02098,books,Chinua Achebe is the author of Things Fall Apart.,Textbook summary: Chinua Achebe wrote Things Fall Apart.,supported,"The evidence states Chinua Achebe, which matches the claim.",train
tc-02099,science,"Sound travels through air at 20 degrees Celsius at about 1,000 metres per second.","Textbook summary: The official height of Mount Everest is about 8,849 metres above sea level.",uncertain,"The retrieved text does not mention what the claim asserts, so it cannot be confirmed.",train
tc-02100,elements_number,The atomic number of Carbon is 6.,"Textbook summary: In the periodic table, Carbon occupies position 6.",supported,The evidence directly supports the claim: it gives 6.,train
tc-02101,events,The October Revolution took place in Russia in the year 1917.,Textbook summary: Historical records show that the October Revolution took place in Russia in 1917.,supported,"The evidence states 1917, which matches the claim.",train
tc-02102,science,Humans typically have 46 pairs of chromosomes.,Conflicting reports. First report: A typical human cell contains 23 pairs of chromosomes. Second report: A typical human cell contains 46 pairs of chromosomes.,uncertain,Conflicting evidence means this claim cannot be marked supported or unsupported.,train
tc-02103,formulas,NaCl is the formula for ozone.,The standard formula for ozone is O3. This is widely documented.,unsupported,Retrieved evidence contradicts the claim: the correct value is O3.,train
tc-02104,books,Dracula was written by Adam Smith.,Dracula is a book by Bram Stoker.,unsupported,Retrieved evidence contradicts the claim: the correct value is Bram Stoker.,train
tc-02105,books,Madame Bovary was written by Mary Shelley.,The work Madame Bovary was authored by Gustave Flaubert.,unsupported,"The source states Gustave Flaubert. The claim says Mary Shelley, which does not match.",train
tc-02106,events,"In 1916, World War I began.",Textbook summary: Historical records show that World War I began in 1914.,unsupported,"The source states 1914. The claim says 1916, which does not match.",train
tc-02107,formulas,The chemical formula of ozone is O3.,Textbook summary: The standard formula for ozone is O3.,supported,The evidence directly supports the claim: it gives O3.,train
tc-02108,science,Plants absorb carbon dioxide for photosynthesis.,"During photosynthesis, plants take in carbon dioxide. This is widely documented.",supported,"The retrieved source confirms carbon dioxide, so the claim is supported.",train
tc-02109,capitals,Algeria's capital is Algiers.,Reference works list Algiers as the capital of Algeria. This is widely documented.,supported,"The retrieved source confirms Algiers, so the claim is supported.",train
tc-02110,events,The first iPhone was released in the year 2007.,Historical records show that the Wright brothers made their first powered flight in 1903. This is widely documented.,uncertain,"The retrieved text does not mention what the claim asserts, so it cannot be confirmed.",train
tc-02111,elements_symbol,The chemical symbol for Tungsten is Ca.,Textbook summary: The element Tungsten is represented by the symbol W.,unsupported,"The evidence gives W, not Ca, so the claim is contradicted.",train
tc-02112,books,Brave New World was written by Dante Alighieri.,Wuthering Heights is a book by Emily Bronte.,uncertain,The evidence is about a different subject and does not address this claim.,train
tc-02113,capitals,Ukraine's capital is Kyiv.,Ukraine is a country whose capital city is Kyiv. This is widely documented.,supported,The evidence directly supports the claim: it gives Kyiv.,test
tc-02114,elements_number,The atomic number of Argon is 18.,An atom of Argon contains 18 protons.,supported,"The evidence states 18, which matches the claim.",train
tc-02115,events,"In 1991, the Hubble Space Telescope was launched.","Conflicting reports. First report: The Hubble Space Telescope was launched in 1990, according to standard histories. Second report: Historical records show that the Hubble Space Telescope was launched in 1991.",uncertain,"The evidence conflicts, giving both 1990 and 1991.",test
tc-02116,events,"In 1953, Watson and Crick published the double helix structure of DNA.",Reference note: Historical records show that Watson and Crick published the double helix structure of DNA in 1953.,supported,"The retrieved source confirms 1953, so the claim is supported.",test
tc-02117,events,The Chernobyl nuclear disaster occurred in 1979.,"Reference note: The Chernobyl nuclear disaster occurred in 1986, according to standard histories.",unsupported,"The evidence gives 1986, not 1979, so the claim is contradicted.",train
tc-02118,capitals,Croatia's capital is Zagreb.,Reference works list Zagreb as the capital of Croatia.,supported,The evidence directly supports the claim: it gives Zagreb.,train
tc-02119,events,The first iPhone was released in 1995.,Textbook summary: Historical records show that the United States Declaration of Independence was adopted in 1776.,uncertain,"The retrieved text does not mention what the claim asserts, so it cannot be confirmed.",train
tc-02120,formulas,The chemical formula of ethanol is C2H5OH.,One source says: The standard formula for ethanol is C2H5OH. Another source says: Ethanol has the chemical formula HNO3.,uncertain,Conflicting evidence means this claim cannot be marked supported or unsupported.,train
tc-02121,formulas,Ammonia has the formula C2H5OH.,Reference note: The standard formula for ammonia is NH3.,unsupported,Retrieved evidence contradicts the claim: the correct value is NH3.,train
tc-02122,capitals,Morocco's capital is Paris.,Reference works list Abuja as the capital of Nigeria. This is widely documented.,uncertain,The evidence is about a different subject and does not address this claim.,val
tc-02123,elements_symbol,C is the symbol of the element Carbon.,Textbook summary: The element Iron is represented by the symbol Fe.,uncertain,The evidence is insufficient to confirm or contradict the claim.,train
tc-02124,elements_symbol,The chemical symbol for Calcium is Pt.,The element Calcium is represented by the symbol Ca.,unsupported,"The source states Ca. The claim says Pt, which does not match.",train
tc-02125,planets,"Counting outward from the Sun, Neptune is the eighth planet.",Neptune is the eighth planet from the Sun in the Solar System. This is widely documented.,supported,"The evidence states eighth, which matches the claim.",train
tc-02126,books,Don Quixote was written by Miguel de Cervantes.,Textbook summary: The work Don Quixote was authored by Miguel de Cervantes.,supported,"The evidence states Miguel de Cervantes, which matches the claim.",train
tc-02127,elements_symbol,K is the symbol of the element Magnesium.,Textbook summary: Magnesium is abbreviated Mg in the periodic table.,unsupported,"The source states Mg. The claim says K, which does not match.",test
tc-02128,books,On the Origin of Species was written by Herman Melville.,Reference note: The work On the Origin of Species was authored by Charles Darwin.,unsupported,"The source states Charles Darwin. The claim says Herman Melville, which does not match.",train
tc-02129,formulas,The chemical formula of sulfur dioxide is SO2.,The standard formula for sulfur dioxide is SO2.,supported,"The retrieved source confirms SO2, so the claim is supported.",train
tc-02130,formulas,The chemical formula of water is H2O.,The standard formula for water is H2O. This is widely documented.,supported,The evidence directly supports the claim: it gives H2O.,train
tc-02131,books,The Hobbit was written by Jane Austen.,J. R. R. Tolkien wrote The Hobbit.,unsupported,Retrieved evidence contradicts the claim: the correct value is J. R. R. Tolkien.,train
tc-02132,books,The author of Beloved is Plato.,Thomas Hobbes wrote Leviathan. This is widely documented.,uncertain,The evidence is about a different subject and does not address this claim.,test
tc-02133,elements_number,The atomic number of Magnesium is 12.,"Reference note: In the periodic table, Cobalt occupies position 27.",uncertain,The evidence is about a different subject and does not address this claim.,train
tc-02134,science,Nitrogen is the most abundant gas in Earth's atmosphere.,The most abundant gas in Earth's atmosphere is Nitrogen. This is widely documented.,supported,The evidence directly supports the claim: it gives Nitrogen.,val
tc-02135,elements_number,Iron is element number 18.,An atom of Iron contains 26 protons. This is widely documented.,unsupported,"The evidence gives 26, not 18, so the claim is contradicted.",train
tc-02136,capitals,The capital of Egypt is Cairo.,Reference note: The capital of Egypt is Cairo.,supported,"The retrieved source confirms Cairo, so the claim is supported.",train
tc-02137,capitals,China's capital is Beijing.,Textbook summary: The capital of China is Beijing.,supported,The evidence directly supports the claim: it gives Beijing.,train
tc-02138,elements_number,Cobalt has 27 protons in its nucleus.,"Reference note: In the periodic table, Cobalt occupies position 27.",supported,"The retrieved source confirms 27, so the claim is supported.",train
tc-02139,capitals,The capital of Peru is Luanda.,Sources disagree. Source A: Peru is a country whose capital city is Lima. Source B: Reference works list Luanda as the capital of Peru.,uncertain,Conflicting evidence means this claim cannot be marked supported or unsupported.,train
tc-02140,formulas,The chemical formula of limestone is HCl.,"In chemistry, limestone is written as CaCO3.",unsupported,"The source states CaCO3. The claim says HCl, which does not match.",train
tc-02141,planets,Uranus is the seventh planet from the Sun.,Uranus is the seventh planet from the Sun in the Solar System.,supported,"The evidence states seventh, which matches the claim.",train
tc-02142,events,The Eiffel Tower was completed in 1880.,Historical records show that Alexander Fleming discovered penicillin in 1928. This is widely documented.,uncertain,The evidence is about a different subject and does not address this claim.,train
tc-02143,books,The author of The Republic is Plato.,Textbook summary: Plato wrote The Republic.,supported,The evidence directly supports the claim: it gives Plato.,train
tc-02144,events,"In 1965, the Berlin Wall was built.","Textbook summary: The Berlin Wall was built in 1961, according to standard histories.",unsupported,Retrieved evidence contradicts the claim: the correct value is 1961.,val
tc-02145,elements_symbol,He is the symbol of the element Helium.,The standard chemical symbol for Helium is He. This is widely documented.,supported,"The evidence states He, which matches the claim.",train
tc-02146,capitals,Seoul is the capital city of South Korea.,Sources disagree. Source A: South Korea is a country whose capital city is Seoul. Source B: Reference works list Astana as the capital of South Korea.,uncertain,"Sources disagree (Seoul versus Astana), so the claim cannot be confirmed.",train
tc-02147,formulas,Methane has the formula CH4.,Textbook summary: Ammonia has the chemical formula NH3.,uncertain,"The retrieved text does not mention what the claim asserts, so it cannot be confirmed.",train
tc-02148,capitals,Berlin is the capital city of Egypt.,Textbook summary: Wellington is the capital city of New Zealand.,uncertain,The evidence is about a different subject and does not address this claim.,train
tc-02149,capitals,Kampala is the capital city of Uganda.,Reference works list Kampala as the capital of Uganda.,supported,The evidence directly supports the claim: it gives Kampala.,train
tc-02150,events,"In 1066, the Battle of Hastings was fought.","Reference note: The Battle of Hastings was fought in 1066, according to standard histories.",supported,The evidence directly supports the claim: it gives 1066.,train
tc-02151,geography,Norway is in Europe.,"Reference note: Geographically, Colombia lies on the continent of South America.",uncertain,"The retrieved text does not mention what the claim asserts, so it cannot be confirmed.",train
tc-02152,capitals,Bucharest is the capital city of Zimbabwe.,Textbook summary: The capital of Zimbabwe is Harare.,unsupported,Retrieved evidence contradicts the claim: the correct value is Harare.,train
tc-02153,events,The Great Fire of London broke out in the year 1666.,Textbook summary: The year 1666 is when the Great Fire of London broke out.,supported,The evidence directly supports the claim: it gives 1666.,train
tc-02154,science,Earth takes about 365 days to orbit the Sun.,Sources disagree. Source A: One orbit of Earth around the Sun takes about 365 days. Source B: One orbit of Earth around the Sun takes about 300 days.,uncertain,"Sources disagree (365 days versus 300 days), so the claim cannot be confirmed.",train
tc-02155,science,Plants absorb carbon dioxide for photosynthesis.,"Reference note: During photosynthesis, plants take in carbon dioxide.",supported,"The evidence states carbon dioxide, which matches the claim.",train
tc-02156,science,Water boils at 100 degrees Celsius at standard sea-level pressure.,"Textbook summary: At standard atmospheric pressure at sea level, water boils at 100 degrees Celsius.",supported,"The evidence states 100 degrees Celsius, which matches the claim.",test
tc-02157,books,J. R. R. Tolkien is the author of Ulysses.,The work Ulysses was authored by James Joyce. This is widely documented.,unsupported,"The source states James Joyce. The claim says J. R. R. Tolkien, which does not match.",train
tc-02158,science,Earth takes about 180 days to orbit the Sun.,Textbook summary: One orbit of Earth around the Sun takes about 365 days.,unsupported,Retrieved evidence contradicts the claim: the correct value is 365 days.,train
tc-02159,science,Oxygen is the most abundant gas in Earth's atmosphere.,Reference note: One orbit of Earth around the Sun takes about 365 days.,uncertain,The evidence is insufficient to confirm or contradict the claim.,val
tc-02160,elements_number,Argon has 5 protons in its nucleus.,Reference note: Argon is the chemical element with atomic number 18.,unsupported,"The source states 18. The claim says 5, which does not match.",train
tc-02161,events,The Statue of Liberty was dedicated in the year 1886.,Reference note: The year 1886 is when the Statue of Liberty was dedicated.,supported,"The retrieved source confirms 1886, so the claim is supported.",train
tc-02162,geography,Canada lies on the continent of North America.,Reference note: Jamaica is located in North America.,uncertain,The evidence is about a different subject and does not address this claim.,train
tc-02163,geography,Uruguay is in Europe.,Uruguay is located in South America. This is widely documented.,unsupported,"The evidence gives South America, not Europe, so the claim is contradicted.",train
tc-02164,science,Sound travels through air at 20 degrees Celsius at about 343 metres per second.,"At 20 degrees Celsius, the speed of sound in air is about 343 metres per second.",supported,"The evidence states 343 metres per second, which matches the claim.",train
tc-02165,elements_symbol,S is the symbol of the element Argon.,The standard chemical symbol for Argon is Ar.,unsupported,"The evidence gives Ar, not S, so the claim is contradicted.",train
tc-02166,capitals,The capital of Sweden is Stockholm.,Reference note: Sweden is a country whose capital city is Stockholm.,supported,"The evidence states Stockholm, which matches the claim.",train
tc-02167,geography,Morocco lies on the continent of Africa.,"Conflicting reports. First report: Geographically, Morocco lies on the continent of Africa. Second report: Morocco is part of Oceania.",uncertain,Conflicting evidence means this claim cannot be marked supported or unsupported.,test
tc-02168,capitals,Germany's capital is Seoul.,Textbook summary: Reference works list Berlin as the capital of Germany.,unsupported,"The evidence gives Berlin, not Seoul, so the claim is contradicted.",train
tc-02169,capitals,Riga is the capital city of Latvia.,Reference note: Riga is the capital city of Latvia.,supported,"The evidence states Riga, which matches the claim.",train
tc-02170,books,Moby-Dick was written by Chinua Achebe.,The work Moby-Dick was authored by Herman Melville.,unsupported,"The evidence gives Herman Melville, not Chinua Achebe, so the claim is contradicted.",train
tc-02171,events,"In 1990, Nelson Mandela was released from prison.","Textbook summary: Nelson Mandela was released from prison in 1990, according to standard histories.",supported,"The retrieved source confirms 1990, so the claim is supported.",train
tc-02172,geography,Ghana is in North America.,Ghana is part of Africa. This is widely documented.,unsupported,"The evidence gives Africa, not North America, so the claim is contradicted.",train
tc-02173,capitals,Hungary's capital is Budapest.,One source says: The capital of Hungary is Budapest. Another source says: Reference works list Vienna as the capital of Hungary.,uncertain,Conflicting evidence means this claim cannot be marked supported or unsupported.,train
tc-02174,capitals,The capital of Tunisia is Athens.,Conflicting reports. First report: Tunisia is a country whose capital city is Tunis. Second report: The capital of Tunisia is Athens.,uncertain,"Sources disagree (Tunis versus Athens), so the claim cannot be confirmed.",test
tc-02175,events,Sputnik 1 was launched in 1957.,The year 1953 is when Edmund Hillary and Tenzing Norgay first reached the summit of Mount Everest. This is widely documented.,uncertain,"The retrieved text does not mention what the claim asserts, so it cannot be confirmed.",train
tc-02176,capitals,The capital of Angola is Bratislava.,Reference note: Luanda is the capital city of Angola.,unsupported,"The source states Luanda. The claim says Bratislava, which does not match.",train
tc-02177,science,Argon is the most abundant gas in Earth's atmosphere.,One source says: The most abundant gas in Earth's atmosphere is Nitrogen. Another source says: The most abundant gas in Earth's atmosphere is Argon.,uncertain,"Sources disagree (Nitrogen versus Argon), so the claim cannot be confirmed.",val
tc-02178,science,Water boils at 212 degrees Celsius at standard sea-level pressure.,"At standard atmospheric pressure at sea level, water boils at 100 degrees Celsius. This is widely documented.",unsupported,"The source states 100 degrees Celsius. The claim says 212 degrees Celsius, which does not match.",test
tc-02179,books,Don Quixote was written by Thomas Hobbes.,Reference note: The work Don Quixote was authored by Miguel de Cervantes.,unsupported,"The source states Miguel de Cervantes. The claim says Thomas Hobbes, which does not match.",train
tc-02180,events,India gained independence from British rule in 1935.,"India gained independence from British rule in 1947, according to standard histories.",unsupported,"The evidence gives 1947, not 1935, so the claim is contradicted.",train
tc-02181,capitals,The Czech Republic's capital is Seoul.,Conflicting reports. First report: The capital of the Czech Republic is Prague. Second report: Reference works list Seoul as the capital of the Czech Republic.,uncertain,"Sources disagree (Prague versus Seoul), so the claim cannot be confirmed.",val
tc-02182,elements_number,The atomic number of Tin is 12.,Textbook summary: Tin is the chemical element with atomic number 50.,unsupported,"The source states 50. The claim says 12, which does not match.",val
tc-02183,books,Dante Alighieri is the author of The Divine Comedy.,One source says: The Divine Comedy is a book by Dante Alighieri. Another source says: The work The Divine Comedy was authored by Emily Bronte.,uncertain,Conflicting evidence means this claim cannot be marked supported or unsupported.,train
tc-02184,capitals,Madrid is the capital city of Bulgaria.,Sources disagree. Source A: Sofia is the capital city of Bulgaria. Source B: Madrid is the capital city of Bulgaria.,uncertain,"The evidence conflicts, giving both Sofia and Madrid.",train
tc-02185,capitals,The capital of Mongolia is Ulaanbaatar.,Mongolia is a country whose capital city is Ulaanbaatar.,supported,"The retrieved source confirms Ulaanbaatar, so the claim is supported.",train
tc-02186,books,The author of Beloved is Plato.,Homer wrote The Odyssey. This is widely documented.,uncertain,The evidence is insufficient to confirm or contradict the claim.,test
tc-02187,events,"In 1869, the Suez Canal opened.",Textbook summary: The year 1869 is when the Suez Canal opened.,supported,The evidence directly supports the claim: it gives 1869.,train
tc-02188,capitals,The capital of Switzerland is Bern.,Sources disagree. Source A: Reference works list Bern as the capital of Switzerland. Source B: Switzerland is a country whose capital city is Ulaanbaatar.,uncertain,"The evidence conflicts, giving both Bern and Ulaanbaatar.",val
tc-02189,books,Brave New World was written by Jane Austen.,Sources disagree. Source A: Brave New World is a book by Aldous Huxley. Source B: Brave New World is a book by Jane Austen.,uncertain,"Sources disagree (Aldous Huxley versus Jane Austen), so the claim cannot be confirmed.",train
tc-02190,capitals,Brussels is the capital city of Belgium.,Conflicting reports. First report: Brussels is the capital city of Belgium. Second report: The capital of Belgium is Islamabad.,uncertain,"Sources disagree (Brussels versus Islamabad), so the claim cannot be confirmed.",train
tc-02191,events,The Space Shuttle Columbia first flew in the year 1993.,Textbook summary: Historical records show that the Space Shuttle Columbia first flew in 1981.,unsupported,"The source states 1981. The claim says 1993, which does not match.",train
tc-02192,events,"In 1877, the Eiffel Tower was completed.",Reference note: The year 1889 is when the Eiffel Tower was completed.,unsupported,"The source states 1889. The claim says 1877, which does not match.",train
tc-02193,capitals,Riga is the capital city of New Zealand.,Textbook summary: New Zealand is a country whose capital city is Wellington.,unsupported,Retrieved evidence contradicts the claim: the correct value is Wellington.,train
tc-02194,formulas,Table salt has the formula NaCl.,"Textbook summary: In chemistry, water is written as H2O.",uncertain,"The retrieved text does not mention what the claim asserts, so it cannot be confirmed.",train
tc-02195,books,The Republic was written by Dante Alighieri.,Textbook summary: The work The Hobbit was authored by J. R. R. Tolkien.,uncertain,The evidence is about a different subject and does not address this claim.,train
tc-02196,formulas,Sulfur dioxide has the formula SO2.,"Reference note: In chemistry, sulfur dioxide is written as SO2.",supported,"The retrieved source confirms SO2, so the claim is supported.",train
tc-02197,books,The author of Madame Bovary is Franz Kafka.,Reference note: Madame Bovary is a book by Gustave Flaubert.,unsupported,"The evidence gives Gustave Flaubert, not Franz Kafka, so the claim is contradicted.",train
tc-02198,books,Aldous Huxley is the author of Brave New World.,The work Brave New World was authored by Aldous Huxley.,supported,The evidence directly supports the claim: it gives Aldous Huxley.,train
tc-02199,events,The Hubble Space Telescope was launched in 1983.,Textbook summary: Historical records show that the Hubble Space Telescope was launched in 1990.,unsupported,Retrieved evidence contradicts the claim: the correct value is 1990.,test
tc-02200,events,"In 1215, King John sealed the Magna Carta.","Reference note: King John sealed the Magna Carta in 1215, according to standard histories.",supported,The evidence directly supports the claim: it gives 1215.,train
tc-02201,elements_symbol,The chemical symbol for Cobalt is H.,Carbon is abbreviated C in the periodic table.,uncertain,"The retrieved text does not mention what the claim asserts, so it cannot be confirmed.",train
tc-02202,events,"In 1990, Nelson Mandela was released from prison.",Conflicting reports. First report: The year 1990 is when Nelson Mandela was released from prison. Second report: The year 1993 is when Nelson Mandela was released from prison.,uncertain,Conflicting evidence means this claim cannot be marked supported or unsupported.,train
tc-02203,events,"In 1057, the Battle of Hastings was fought.",Textbook summary: Historical records show that Sputnik 1 was launched in 1957.,uncertain,"The retrieved text does not mention what the claim asserts, so it cannot be confirmed.",train
tc-02204,planets,Earth is the third planet from the Sun.,Earth is the third planet from the Sun in the Solar System. This is widely documented.,supported,The evidence directly supports the claim: it gives third.,train
tc-02205,elements_number,Mercury is element number 13.,"In the periodic table, Mercury occupies position 80. This is widely documented.",unsupported,"The evidence gives 80, not 13, so the claim is contradicted.",train
tc-02206,elements_symbol,H is the symbol of the element Lead.,Textbook summary: Hydrogen is abbreviated H in the periodic table.,uncertain,"The retrieved text does not mention what the claim asserts, so it cannot be confirmed.",train
tc-02207,events,Apollo 11 landed the first humans on the Moon in the year 1957.,"Textbook summary: The Eiffel Tower was completed in 1889, according to standard histories.",uncertain,The evidence is insufficient to confirm or contradict the claim.,train
tc-02208,science,The Great Barrier Reef lies off the coast of Florida.,Reference note: The Solar System contains eight recognised planets.,uncertain,"The retrieved text does not mention what the claim asserts, so it cannot be confirmed.",train
tc-02209,events,Euro banknotes and coins entered circulation in the year 1995.,Reference note: The year 2002 is when euro banknotes and coins entered circulation.,unsupported,"The source states 2002. The claim says 1995, which does not match.",train
tc-02210,science,"Mount Everest rises about 8,849 metres above sea level.",Textbook summary: One orbit of Earth around the Sun takes about 365 days.,uncertain,The evidence is about a different subject and does not address this claim.,val
tc-02211,events,"In 1986, the Space Shuttle Challenger disaster occurred.",Historical records show that Nelson Mandela was released from prison in 1990.,uncertain,"The retrieved text does not mention what the claim asserts, so it cannot be confirmed.",test
tc-02212,capitals,The capital of Mongolia is Ulaanbaatar.,The capital of Mongolia is Ulaanbaatar. This is widely documented.,supported,"The retrieved source confirms Ulaanbaatar, so the claim is supported.",train
tc-02213,capitals,The capital of Denmark is Copenhagen.,Textbook summary: Mexico City is the capital city of Mexico.,uncertain,The evidence is about a different subject and does not address this claim.,train
tc-02214,events,Apollo 11 landed the first humans on the Moon in the year 1969.,Textbook summary: Historical records show that Sputnik 1 was launched in 1957.,uncertain,The evidence is about a different subject and does not address this claim.,train
tc-02215,events,"In 1789, the French Revolution began.","Textbook summary: The United Kingdom held its Brexit referendum in 2016, according to standard histories.",uncertain,"The retrieved text does not mention what the claim asserts, so it cannot be confirmed.",train
tc-02216,elements_symbol,Sn is the symbol of the element Tin.,The standard chemical symbol for Tin is Sn. This is widely documented.,supported,"The evidence states Sn, which matches the claim.",train
tc-02217,capitals,The capital of Serbia is Belgrade.,Textbook summary: Belgrade is the capital city of Serbia.,supported,"The retrieved source confirms Belgrade, so the claim is supported.",train
tc-02218,events,The Chernobyl nuclear disaster occurred in the year 1985.,"Reference note: The Chernobyl nuclear disaster occurred in 1986, according to standard histories.",unsupported,"The evidence gives 1986, not 1985, so the claim is contradicted.",train
tc-02219,planets,"Counting outward from the Sun, Saturn is the sixth planet.","Sources disagree. Source A: In order of distance from the Sun, Saturn comes sixth. Source B: Saturn is the second planet from the Sun in the Solar System.",uncertain,Conflicting evidence means this claim cannot be marked supported or unsupported.,test
tc-02220,science,Earth takes about 400 days to orbit the Sun.,One orbit of Earth around the Sun takes about 365 days. This is widely documented.,unsupported,"The evidence gives 365 days, not 400 days, so the claim is contradicted.",train
tc-02221,elements_symbol,The chemical symbol for Oxygen is He.,The standard chemical symbol for Manganese is Mn.,uncertain,"The retrieved text does not mention what the claim asserts, so it cannot be confirmed.",train
tc-02222,events,The Cuban Missile Crisis took place in the year 1962.,Reference note: Historical records show that the Cuban Missile Crisis took place in 1962.,supported,"The evidence states 1962, which matches the claim.",val
tc-02223,geography,Japan is in Oceania.,Textbook summary: Japan is located in Asia.,unsupported,"The source states Asia. The claim says Oceania, which does not match.",train
tc-02224,planets,Mars is the fourth planet from the Sun.,"Sources disagree. Source A: In order of distance from the Sun, Mars comes fourth. Source B: Mars is the second planet from the Sun in the Solar System.",uncertain,Conflicting evidence means this claim cannot be marked supported or unsupported.,train
tc-02225,science,Pi is approximately 3.41.,Reference note: The mathematical constant pi is approximately 3.14159.,unsupported,Retrieved evidence contradicts the claim: the correct value is 3.14159.,train
tc-02226,capitals,Beijing is the capital city of China.,China is a country whose capital city is Beijing.,supported,"The retrieved source confirms Beijing, so the claim is supported.",train
tc-02227,events,The Berlin Wall was built in 1961.,"One source says: Historical records show that the Berlin Wall was built in 1961. Another source says: The Berlin Wall was built in 1958, according to standard histories.",uncertain,"Sources disagree (1961 versus 1958), so the claim cannot be confirmed.",val
tc-02228,events,World War I began in 1914.,"India gained independence from British rule in 1947, according to standard histories. This is widely documented.",uncertain,The evidence is about a different subject and does not address this claim.,train
tc-02229,elements_symbol,The chemical symbol for Manganese is Mn.,Reference note: The standard chemical symbol for Manganese is Mn.,supported,"The retrieved source confirms Mn, so the claim is supported.",train
tc-02230,books,Fyodor Dostoevsky is the author of Crime and Punishment.,Gabriel Garcia Marquez wrote One Hundred Years of Solitude. This is widely documented.,uncertain,"The retrieved text does not mention what the claim asserts, so it cannot be confirmed.",train
tc-02231,capitals,The capital of Australia is Paris.,Textbook summary: The capital of Hungary is Budapest.,uncertain,"The retrieved text does not mention what the claim asserts, so it cannot be confirmed.",train
tc-02232,events,Sputnik 1 was launched in the year 1957.,"Sputnik 1 was launched in 1957, according to standard histories. This is widely documented.",supported,"The retrieved source confirms 1957, so the claim is supported.",train
tc-02233,books,Toni Morrison is the author of Beloved.,Textbook summary: Beloved is a book by Toni Morrison.,supported,"The retrieved source confirms Toni Morrison, so the claim is supported.",test
tc-02234,events,"In 2016, the United Kingdom held its Brexit referendum.",Reference note: Historical records show that the United Kingdom held its Brexit referendum in 2016.,supported,The evidence directly supports the claim: it gives 2016.,train
tc-02235,books,The author of Pride and Prejudice is Jane Austen.,Pride and Prejudice is a book by Jane Austen.,supported,The evidence directly supports the claim: it gives Jane Austen.,train
tc-02236,science,The Moon takes about 27 days to orbit the Earth.,Reference note: The Moon completes one orbit of Earth in about 27 days.,supported,The evidence directly supports the claim: it gives 27 days.,train
tc-02237,books,The author of Les Miserables is Stephen Hawking.,The work Les Miserables was authored by Victor Hugo.,unsupported,Retrieved evidence contradicts the claim: the correct value is Victor Hugo.,train
tc-02238,science,Water boils at 80 degrees Celsius at standard sea-level pressure.,"One source says: At standard atmospheric pressure at sea level, water boils at 100 degrees Celsius. Another source says: At standard atmospheric pressure at sea level, water boils at 80 degrees Celsius.",uncertain,"Sources disagree (100 degrees Celsius versus 80 degrees Celsius), so the claim cannot be confirmed.",test
tc-02239,capitals,The capital of Serbia is Belgrade.,Belgrade is the capital city of Serbia.,supported,The evidence directly supports the claim: it gives Belgrade.,train
tc-02240,books,The author of The Catcher in the Rye is Dante Alighieri.,Reference note: The work The Hobbit was authored by J. R. R. Tolkien.,uncertain,"The retrieved text does not mention what the claim asserts, so it cannot be confirmed.",val
tc-02241,events,The Apollo 13 mission suffered an oxygen tank explosion in the year 1958.,Historical records show that the Apollo 13 mission suffered an oxygen tank explosion in 1970. This is widely documented.,unsupported,"The source states 1970. The claim says 1958, which does not match.",train
tc-02242,books,Charles Darwin is the author of On the Origin of Species.,Textbook summary: Bram Stoker wrote Dracula.,uncertain,"The retrieved text does not mention what the claim asserts, so it cannot be confirmed.",train
tc-02243,elements_number,Gold has 79 protons in its nucleus.,Reference note: Helium is the chemical element with atomic number 2.,uncertain,"The retrieved text does not mention what the claim asserts, so it cannot be confirmed.",train
tc-02244,science,Oxygen is the most abundant gas in Earth's atmosphere.,The most abundant gas in Earth's atmosphere is Nitrogen. This is widely documented.,unsupported,"The evidence gives Nitrogen, not Oxygen, so the claim is contradicted.",val
tc-02245,events,"In 2007, the first iPhone was released.","Textbook summary: The first iPhone was released in 2007, according to standard histories.",supported,"The retrieved source confirms 2007, so the claim is supported.",train
tc-02246,geography,Jamaica is a country in Oceania.,Reference note: Jamaica is part of North America.,unsupported,"The evidence gives North America, not Oceania, so the claim is contradicted.",val
tc-02247,capitals,The capital of Japan is Tokyo.,Reference works list Tokyo as the capital of Japan.,supported,"The evidence states Tokyo, which matches the claim.",train
tc-02248,formulas,The chemical formula of glucose is HNO3.,Textbook summary: Glucose has the chemical formula C6H12O6.,unsupported,"The evidence gives C6H12O6, not HNO3, so the claim is contradicted.",train
tc-02249,elements_number,The atomic number of Uranium is 2.,"Reference note: In the periodic table, Lithium occupies position 3.",uncertain,"The retrieved text does not mention what the claim asserts, so it cannot be confirmed.",train
tc-02250,elements_number,Tin is element number 50.,Textbook summary: An atom of Magnesium contains 12 protons.,uncertain,The evidence is about a different subject and does not address this claim.,val
tc-02251,capitals,The capital of South Korea is Seoul.,Reference works list Seoul as the capital of South Korea. This is widely documented.,supported,"The retrieved source confirms Seoul, so the claim is supported.",train
tc-02252,formulas,The chemical formula of glucose is C6H12O6.,"Reference note: In chemistry, glucose is written as C6H12O6.",supported,"The retrieved source confirms C6H12O6, so the claim is supported.",train
tc-02253,elements_symbol,The chemical symbol for Tin is He.,Tin is abbreviated Sn in the periodic table.,unsupported,"The evidence gives Sn, not He, so the claim is contradicted.",train
tc-02254,elements_number,Hydrogen is element number 1.,"Textbook summary: In the periodic table, Helium occupies position 2.",uncertain,The evidence is insufficient to confirm or contradict the claim.,train
tc-02255,capitals,Hungary's capital is Vilnius.,Textbook summary: Reference works list Budapest as the capital of Hungary.,unsupported,Retrieved evidence contradicts the claim: the correct value is Budapest.,train
tc-02256,books,On the Origin of Species was written by Charlotte Bronte.,Conflicting reports. First report: On the Origin of Species is a book by Charles Darwin. Second report: On the Origin of Species is a book by Charlotte Bronte.,uncertain,"The evidence conflicts, giving both Charles Darwin and Charlotte Bronte.",train
tc-02257,books,Crime and Punishment was written by J. R. R. Tolkien.,The work Crime and Punishment was authored by Fyodor Dostoevsky. This is widely documented.,unsupported,Retrieved evidence contradicts the claim: the correct value is Fyodor Dostoevsky.,train
tc-02258,capitals,The capital of Norway is Oslo.,Norway is a country whose capital city is Oslo. This is widely documented.,supported,"The evidence states Oslo, which matches the claim.",train
tc-02259,events,The French Revolution began in 1789.,Textbook summary: Historical records show that the French Revolution began in 1789.,supported,"The retrieved source confirms 1789, so the claim is supported.",train
tc-02260,capitals,The Netherlands's capital is Amsterdam.,Reference note: The Netherlands is a country whose capital city is Amsterdam.,supported,"The retrieved source confirms Amsterdam, so the claim is supported.",train
tc-02261,elements_symbol,Mg is the symbol of the element Magnesium.,The standard chemical symbol for Magnesium is Mg. This is widely documented.,supported,"The retrieved source confirms Mg, so the claim is supported.",test
tc-02262,capitals,The capital of Pakistan is Seoul.,Reference note: Reference works list Islamabad as the capital of Pakistan.,unsupported,"The source states Islamabad. The claim says Seoul, which does not match.",train
tc-02263,formulas,Carbon monoxide has the formula CO.,The standard formula for carbon monoxide is CO. This is widely documented.,supported,The evidence directly supports the claim: it gives CO.,train
tc-02264,geography,Morocco is in Africa.,"Sources disagree. Source A: Geographically, Morocco lies on the continent of Africa. Source B: Geographically, Morocco lies on the continent of Oceania.",uncertain,Conflicting evidence means this claim cannot be marked supported or unsupported.,test
tc-02265,books,The author of Dracula is Bram Stoker.,Textbook summary: Dracula is a book by Bram Stoker.,supported,The evidence directly supports the claim: it gives Bram Stoker.,train
tc-02266,formulas,H2O is the formula for water.,Textbook summary: Hydrogen peroxide has the chemical formula H2O2.,uncertain,The evidence is insufficient to confirm or contradict the claim.,train
tc-02267,books,Fyodor Dostoevsky is the author of Crime and Punishment.,One source says: Fyodor Dostoevsky wrote Crime and Punishment. Another source says: The work Crime and Punishment was authored by Mary Shelley.,uncertain,"The evidence conflicts, giving both Fyodor Dostoevsky and Mary Shelley.",train
tc-02268,books,Mary Shelley is the author of The Trial.,The work The Trial was authored by Franz Kafka.,unsupported,Retrieved evidence contradicts the claim: the correct value is Franz Kafka.,train
tc-02269,planets,"Counting outward from the Sun, Jupiter is the fifth planet.","In order of distance from the Sun, Jupiter comes fifth. This is widely documented.",supported,The evidence directly supports the claim: it gives fifth.,train
tc-02270,events,Christopher Columbus made his first voyage across the Atlantic in 1492.,Reference note: Historical records show that Christopher Columbus made his first voyage across the Atlantic in 1492.,supported,"The evidence states 1492, which matches the claim.",train
tc-02271,books,Jane Eyre was written by Emily Bronte.,Jane Eyre is a book by Charlotte Bronte.,unsupported,"The source states Charlotte Bronte. The claim says Emily Bronte, which does not match.",train
tc-02272,events,The United States Declaration of Independence was adopted in 1764.,The year 1776 is when the United States Declaration of Independence was adopted.,unsupported,"The source states 1776. The claim says 1764, which does not match.",train
tc-02273,events,Christopher Columbus made his first voyage across the Atlantic in the year 1480.,Reference note: Historical records show that Christopher Columbus made his first voyage across the Atlantic in 1492.,unsupported,"The source states 1492. The claim says 1480, which does not match.",train
tc-02274,capitals,Jordan's capital is Amman.,Amman is the capital city of Jordan.,supported,"The retrieved source confirms Amman, so the claim is supported.",val
tc-02275,events,The Eiffel Tower was completed in 1889.,Historical records show that the Eiffel Tower was completed in 1889. This is widely documented.,supported,The evidence directly supports the claim: it gives 1889.,train
tc-02276,elements_number,Iodine has 3 protons in its nucleus.,Textbook summary: An atom of Iodine contains 53 protons.,unsupported,Retrieved evidence contradicts the claim: the correct value is 53.,test
tc-02277,events,"In 1928, Alexander Fleming discovered penicillin.",Historical records show that Alexander Fleming discovered penicillin in 1928. This is widely documented.,supported,The evidence directly supports the claim: it gives 1928.,train
tc-02278,books,Wuthering Heights was written by Emily Bronte.,Conflicting reports. First report: Emily Bronte wrote Wuthering Heights. Second report: The work Wuthering Heights was authored by Mary Shelley.,uncertain,Conflicting evidence means this claim cannot be marked supported or unsupported.,train
tc-02279,elements_number,Silicon is element number 19.,Silicon is the chemical element with atomic number 14.,unsupported,"The evidence gives 14, not 19, so the claim is contradicted.",train
tc-02280,science,Earth takes about 400 days to orbit the Sun.,"Reference note: At standard pressure, water freezes at 0 degrees Celsius.",uncertain,The evidence is insufficient to confirm or contradict the claim.,train
tc-02281,events,World War II ended in the year 1947.,"One source says: World War II ended in 1945, according to standard histories. Another source says: The year 1947 is when World War II ended.",uncertain,Conflicting evidence means this claim cannot be marked supported or unsupported.,train
tc-02282,elements_symbol,Li is the symbol of the element Lithium.,Sources disagree. Source A: The element Lithium is represented by the symbol Li. Source B: The element Lithium is represented by the symbol P.,uncertain,"Sources disagree (Li versus P), so the claim cannot be confirmed.",test
tc-02283,science,Nitrogen is the most abundant gas in Earth's atmosphere.,Textbook summary: The most abundant gas in Earth's atmosphere is Nitrogen.,supported,"The retrieved source confirms Nitrogen, so the claim is supported.",val
tc-02284,events,The atomic bomb was dropped on Hiroshima in the year 1945.,"The October Revolution took place in Russia in 1917, according to standard histories.",uncertain,The evidence is about a different subject and does not address this claim.,train
tc-02285,elements_number,The atomic number of Nickel is 1.,"In the periodic table, Neon occupies position 10. This is widely documented.",uncertain,"The retrieved text does not mention what the claim asserts, so it cannot be confirmed.",train
tc-02286,elements_symbol,The chemical symbol for Boron is S.,Textbook summary: Boron is abbreviated B in the periodic table.,unsupported,"The evidence gives B, not S, so the claim is contradicted.",val
tc-02287,events,The American Civil War began in the year 1852.,Reference note: Historical records show that the American Civil War began in 1861.,unsupported,"The evidence gives 1861, not 1852, so the claim is contradicted.",train
tc-02288,elements_number,Calcium has 20 protons in its nucleus.,Textbook summary: An atom of Calcium contains 20 protons.,supported,"The retrieved source confirms 20, so the claim is supported.",train
tc-02289,books,Jane Eyre was written by Homer.,One source says: Charlotte Bronte wrote Jane Eyre. Another source says: Homer wrote Jane Eyre.,uncertain,Conflicting evidence means this claim cannot be marked supported or unsupported.,train
tc-02290,capitals,Nairobi is the capital city of Kenya.,Textbook summary: Argentina is a country whose capital city is Buenos Aires.,uncertain,"The retrieved text does not mention what the claim asserts, so it cannot be confirmed.",test
tc-02291,capitals,Australia's capital is Tashkent.,Textbook summary: Canberra is the capital city of Australia.,unsupported,"The evidence gives Canberra, not Tashkent, so the claim is contradicted.",train
tc-02292,books,F. Scott Fitzgerald is the author of The Great Gatsby.,Conflicting reports. First report: The work The Great Gatsby was authored by F. Scott Fitzgerald. Second report: The work The Great Gatsby was authored by Charles Darwin.,uncertain,"The evidence conflicts, giving both F. Scott Fitzgerald and Charles Darwin.",val
tc-02293,elements_symbol,Fe is the symbol of the element Iron.,Textbook summary: The standard chemical symbol for Iron is Fe.,supported,"The retrieved source confirms Fe, so the claim is supported.",test
tc-02294,elements_symbol,Ni is the symbol of the element Gold.,The element Gold is represented by the symbol Au. This is widely documented.,unsupported,"The evidence gives Au, not Ni, so the claim is contradicted.",train
tc-02295,science,Water boils at 212 degrees Celsius at standard sea-level pressure.,"Reference note: At standard atmospheric pressure at sea level, water boils at 100 degrees Celsius.",unsupported,Retrieved evidence contradicts the claim: the correct value is 100 degrees Celsius.,test
tc-02296,formulas,The chemical formula of ammonia is NH3.,Textbook summary: Hydrochloric acid has the chemical formula HCl.,uncertain,"The retrieved text does not mention what the claim asserts, so it cannot be confirmed.",train
tc-02297,science,Plants absorb helium for photosynthesis.,"Reference note: During photosynthesis, plants take in carbon dioxide.",unsupported,"The source states carbon dioxide. The claim says helium, which does not match.",train
tc-02298,elements_number,Silver is element number 47.,Reference note: Silver is the chemical element with atomic number 47.,supported,"The evidence states 47, which matches the claim.",train
tc-02299,formulas,Sulfuric acid has the formula H2SO4.,One source says: Sulfuric acid has the chemical formula H2SO4. Another source says: Sulfuric acid has the chemical formula C2H5OH.,uncertain,"Sources disagree (H2SO4 versus C2H5OH), so the claim cannot be confirmed.",train
tc-02300,events,Apollo 11 landed the first humans on the Moon in 1969.,Sources disagree. Source A: The year 1969 is when Apollo 11 landed the first humans on the Moon. Source B: Historical records show that Apollo 11 landed the first humans on the Moon in 1968.,uncertain,Conflicting evidence means this claim cannot be marked supported or unsupported.,train
tc-02301,planets,Uranus is the seventh planet from the Sun.,"Reference note: In order of distance from the Sun, Jupiter comes fifth.",uncertain,The evidence is insufficient to confirm or contradict the claim.,train
tc-02302,elements_symbol,He is the symbol of the element Helium.,Helium is abbreviated He in the periodic table.,supported,"The retrieved source confirms He, so the claim is supported.",train
tc-02303,events,The Hubble Space Telescope was launched in the year 1987.,Sources disagree. Source A: Historical records show that the Hubble Space Telescope was launched in 1990. Source B: Historical records show that the Hubble Space Telescope was launched in 1987.,uncertain,"Sources disagree (1990 versus 1987), so the claim cannot be confirmed.",test
tc-02304,capitals,Australia's capital is London.,Australia is a country whose capital city is Canberra. This is widely documented.,unsupported,Retrieved evidence contradicts the claim: the correct value is Canberra.,train
tc-02305,events,Sputnik 1 was launched in the year 1956.,Conflicting reports. First report: Historical records show that Sputnik 1 was launched in 1957. Second report: The year 1956 is when Sputnik 1 was launched.,uncertain,"Sources disagree (1957 versus 1956), so the claim cannot be confirmed.",train
tc-02306,elements_symbol,H is the symbol of the element Fluorine.,Tin is abbreviated Sn in the periodic table.,uncertain,The evidence is insufficient to confirm or contradict the claim.,train
tc-02307,capitals,The capital of Slovenia is Bucharest.,The capital of Slovenia is Ljubljana. This is widely documented.,unsupported,"The source states Ljubljana. The claim says Bucharest, which does not match.",train
tc-02308,formulas,NaHCO3 is the formula for glucose.,The standard formula for glucose is C6H12O6. This is widely documented.,unsupported,"The evidence gives C6H12O6, not NaHCO3, so the claim is contradicted.",train
tc-02309,capitals,Argentina's capital is Buenos Aires.,Buenos Aires is the capital city of Argentina. This is widely documented.,supported,"The retrieved source confirms Buenos Aires, so the claim is supported.",train
tc-02310,formulas,Baking soda has the formula NaHCO3.,Baking soda has the chemical formula NaHCO3. This is widely documented.,supported,"The evidence states NaHCO3, which matches the claim.",train
tc-02311,formulas,The chemical formula of sulfur dioxide is H2O.,Reference note: The standard formula for sulfur dioxide is SO2.,unsupported,Retrieved evidence contradicts the claim: the correct value is SO2.,train
tc-02312,formulas,SO2 is the formula for hydrochloric acid.,Textbook summary: The standard formula for hydrochloric acid is HCl.,unsupported,"The source states HCl. The claim says SO2, which does not match.",train
tc-02313,events,The Apollo 13 mission suffered an oxygen tank explosion in the year 1970.,"Textbook summary: The Apollo 13 mission suffered an oxygen tank explosion in 1970, according to standard histories.",supported,The evidence directly supports the claim: it gives 1970.,train
tc-02314,formulas,H2O is the formula for hydrochloric acid.,Reference note: Limestone has the chemical formula CaCO3.,uncertain,The evidence is insufficient to confirm or contradict the claim.,train
tc-02315,geography,Kenya is a country in Africa.,Textbook summary: Kenya is located in Africa.,supported,"The evidence states Africa, which matches the claim.",train
tc-02316,planets,"Counting outward from the Sun, Venus is the seventh planet.","In order of distance from the Sun, Venus comes second.",unsupported,Retrieved evidence contradicts the claim: the correct value is second.,train
tc-02317,events,The Berlin Wall was built in the year 1952.,The year 1953 is when Watson and Crick published the double helix structure of DNA. This is widely documented.,uncertain,"The retrieved text does not mention what the claim asserts, so it cannot be confirmed.",val
tc-02318,events,"In 1978, Apollo 11 landed the first humans on the Moon.",Conflicting reports. First report: Historical records show that Apollo 11 landed the first humans on the Moon in 1969. Second report: Historical records show that Apollo 11 landed the first humans on the Moon in 1978.,uncertain,"The evidence conflicts, giving both 1969 and 1978.",train
tc-02319,elements_symbol,Mg is the symbol of the element Magnesium.,Textbook summary: The standard chemical symbol for Magnesium is Mg.,supported,The evidence directly supports the claim: it gives Mg.,test
tc-02320,events,The Wall Street Crash began in 1936.,Textbook summary: The year 1929 is when the Wall Street Crash began.,unsupported,"The evidence gives 1929, not 1936, so the claim is contradicted.",train
tc-02321,elements_number,The atomic number of Neon is 10.,"In the periodic table, Neon occupies position 10.",supported,"The retrieved source confirms 10, so the claim is supported.",train
tc-02322,elements_number,Mercury is element number 8.,"Sources disagree. Source A: In the periodic table, Mercury occupies position 80. Source B: In the periodic table, Mercury occupies position 8.",uncertain,Conflicting evidence means this claim cannot be marked supported or unsupported.,train
tc-02323,capitals,The capital of Saudi Arabia is Riyadh.,Riyadh is the capital city of Saudi Arabia.,supported,"The retrieved source confirms Riyadh, so the claim is supported.",test
tc-02324,science,The Moon takes about 27 days to orbit the Earth.,Textbook summary: The Moon completes one orbit of Earth in about 27 days.,supported,The evidence directly supports the claim: it gives 27 days.,train
tc-02325,capitals,Berlin is the capital city of Norway.,One source says: The capital of Norway is Oslo. Another source says: Reference works list Berlin as the capital of Norway.,uncertain,"Sources disagree (Oslo versus Berlin), so the claim cannot be confirmed.",train
tc-02326,books,Gustave Flaubert is the author of Madame Bovary.,Reference note: Hamlet is a book by William Shakespeare.,uncertain,The evidence is about a different subject and does not address this claim.,train
tc-02327,capitals,The capital of Ukraine is Zagreb.,One source says: Reference works list Kyiv as the capital of Ukraine. Another source says: The capital of Ukraine is Zagreb.,uncertain,Conflicting evidence means this claim cannot be marked supported or unsupported.,test
tc-02328,science,The largest planet in the Solar System is Earth.,Conflicting reports. First report: Jupiter is the largest planet in the Solar System. Second report: Earth is the largest planet in the Solar System.,uncertain,Conflicting evidence means this claim cannot be marked supported or unsupported.,train
tc-02329,events,"In 1854, the American Civil War began.",Historical records show that the American Civil War began in 1861.,unsupported,"The source states 1861. The claim says 1854, which does not match.",train
tc-02330,elements_symbol,The chemical symbol for Magnesium is H.,Reference note: The element Nitrogen is represented by the symbol N.,uncertain,"The retrieved text does not mention what the claim asserts, so it cannot be confirmed.",test
tc-02331,elements_number,The atomic number of Platinum is 20.,"Textbook summary: In the periodic table, Platinum occupies position 78.",unsupported,"The evidence gives 78, not 20, so the claim is contradicted.",train
tc-02332,science,A leap year has 366 days.,One source says: A leap year in the Gregorian calendar contains 366 days. Another source says: A leap year in the Gregorian calendar contains 364 days.,uncertain,Conflicting evidence means this claim cannot be marked supported or unsupported.,train
tc-02333,books,Aldous Huxley is the author of Crime and Punishment.,The work Crime and Punishment was authored by Fyodor Dostoevsky.,unsupported,Retrieved evidence contradicts the claim: the correct value is Fyodor Dostoevsky.,train
tc-02334,geography,Ghana is in Oceania.,Ghana is located in Africa.,unsupported,Retrieved evidence contradicts the claim: the correct value is Africa.,train
tc-02335,science,Water boils at 110 degrees Celsius at standard sea-level pressure.,Reference note: Jupiter is the largest planet in the Solar System.,uncertain,The evidence is about a different subject and does not address this claim.,test
tc-02336,science,Water freezes at 0 degrees Celsius at standard pressure.,"Reference note: At standard pressure, water freezes at 0 degrees Celsius.",supported,The evidence directly supports the claim: it gives 0 degrees Celsius.,train
tc-02337,geography,Tanzania is in Africa.,Tanzania is located in Africa.,supported,The evidence directly supports the claim: it gives Africa.,test
tc-02338,capitals,Colombia's capital is Bogota.,Reference note: The capital of Colombia is Bogota.,supported,The evidence directly supports the claim: it gives Bogota.,train
tc-02339,events,The French Revolution began in the year 1789.,Historical records show that the Chernobyl nuclear disaster occurred in 1986. This is widely documented.,uncertain,The evidence is insufficient to confirm or contradict the claim.,train
tc-02340,science,Earth takes about 500 days to orbit the Sun.,One orbit of Earth around the Sun takes about 365 days. This is widely documented.,unsupported,Retrieved evidence contradicts the claim: the correct value is 365 days.,train
tc-02341,capitals,Algiers is the capital city of Algeria.,Textbook summary: Algiers is the capital city of Algeria.,supported,"The evidence states Algiers, which matches the claim.",train
tc-02342,books,Crime and Punishment was written by Fyodor Dostoevsky.,The work Crime and Punishment was authored by Fyodor Dostoevsky. This is widely documented.,supported,"The evidence states Fyodor Dostoevsky, which matches the claim.",train
tc-02343,formulas,CO is the formula for hydrochloric acid.,"Textbook summary: In chemistry, hydrochloric acid is written as HCl.",unsupported,Retrieved evidence contradicts the claim: the correct value is HCl.,train
tc-02344,elements_number,Platinum has 78 protons in its nucleus.,Textbook summary: An atom of Platinum contains 78 protons.,supported,"The evidence states 78, which matches the claim.",train
tc-02345,formulas,CO is the formula for glucose.,"In chemistry, glucose is written as C6H12O6.",unsupported,"The evidence gives C6H12O6, not CO, so the claim is contradicted.",train
tc-02346,books,The author of Wuthering Heights is Emily Bronte.,Textbook summary: Charles Darwin wrote On the Origin of Species.,uncertain,The evidence is about a different subject and does not address this claim.,train
tc-02347,capitals,Addis Ababa is the capital city of Lebanon.,Reference works list Beirut as the capital of Lebanon.,unsupported,"The source states Beirut. The claim says Addis Ababa, which does not match.",train
tc-02348,formulas,The chemical formula of sulfuric acid is SO2.,"In chemistry, sulfuric acid is written as H2SO4.",unsupported,Retrieved evidence contradicts the claim: the correct value is H2SO4.,train
tc-02349,events,"In 1951, India gained independence from British rule.","India gained independence from British rule in 1947, according to standard histories. This is widely documented.",unsupported,"The evidence gives 1947, not 1951, so the claim is contradicted.",train
tc-02350,capitals,The capital of Angola is Luanda.,Textbook summary: Reference works list Luanda as the capital of Angola.,supported,"The retrieved source confirms Luanda, so the claim is supported.",train
tc-02351,geography,Pakistan lies on the continent of North America.,Pakistan is located in Asia. This is widely documented.,unsupported,Retrieved evidence contradicts the claim: the correct value is Asia.,train
tc-02352,elements_symbol,Si is the symbol of the element Silicon.,One source says: Silicon is abbreviated Si in the periodic table. Another source says: Silicon is abbreviated N in the periodic table.,uncertain,"Sources disagree (Si versus N), so the claim cannot be confirmed.",train
tc-02353,capitals,France's capital is Rome.,Reference note: The capital of Chile is Santiago.,uncertain,The evidence is insufficient to confirm or contradict the claim.,train
tc-02354,books,The author of The Odyssey is Dante Alighieri.,One source says: The Odyssey is a book by Homer. Another source says: The work The Odyssey was authored by Dante Alighieri.,uncertain,"Sources disagree (Homer versus Dante Alighieri), so the claim cannot be confirmed.",train
tc-02355,elements_number,The atomic number of Hydrogen is 1.,"One source says: An atom of Hydrogen contains 1 protons. Another source says: In the periodic table, Hydrogen occupies position 30.",uncertain,Conflicting evidence means this claim cannot be marked supported or unsupported.,train
tc-02356,events,The Cuban Missile Crisis took place in the year 1964.,Reference note: Historical records show that the Cuban Missile Crisis took place in 1962.,unsupported,"The evidence gives 1962, not 1964, so the claim is contradicted.",val
tc-02357,events,India gained independence from British rule in 1947.,Reference note: Historical records show that India gained independence from British rule in 1947.,supported,"The retrieved source confirms 1947, so the claim is supported.",train
tc-02358,events,India gained independence from British rule in the year 1940.,Textbook summary: The year 1947 is when India gained independence from British rule.,unsupported,Retrieved evidence contradicts the claim: the correct value is 1947.,train
tc-02359,capitals,Iran's capital is Tehran.,Reference note: Reference works list Tehran as the capital of Iran.,supported,"The evidence states Tehran, which matches the claim.",train
tc-02360,books,Chinua Achebe is the author of The Odyssey.,One source says: The Odyssey is a book by Homer. Another source says: The Odyssey is a book by Chinua Achebe.,uncertain,"The evidence conflicts, giving both Homer and Chinua Achebe.",train
tc-02361,events,The French Revolution began in 1789.,The year 1789 is when the French Revolution began. This is widely documented.,supported,The evidence directly supports the claim: it gives 1789.,train
tc-02362,capitals,Sweden's capital is Stockholm.,Stockholm is the capital city of Sweden. This is widely documented.,supported,"The evidence states Stockholm, which matches the claim.",train
tc-02363,events,The American Civil War began in 1861.,Reference note: The year 1861 is when the American Civil War began.,supported,"The retrieved source confirms 1861, so the claim is supported.",train
tc-02364,planets,"Counting outward from the Sun, Mercury is the fifth planet.",Mercury is the first planet from the Sun in the Solar System. This is widely documented.,unsupported,"The source states first. The claim says fifth, which does not match.",train
tc-02365,capitals,The capital of Germany is Berlin.,One source says: Reference works list Berlin as the capital of Germany. Another source says: Germany is a country whose capital city is Ankara.,uncertain,"Sources disagree (Berlin versus Ankara), so the claim cannot be confirmed.",train
tc-02366,events,"In 1779, the United States Declaration of Independence was adopted.","Reference note: The United States Declaration of Independence was adopted in 1776, according to standard histories.",unsupported,"The evidence gives 1776, not 1779, so the claim is contradicted.",train
tc-02367,events,The Wall Street Crash began in the year 1929.,Historical records show that the first iPhone was released in 2007. This is widely documented.,uncertain,"The retrieved text does not mention what the claim asserts, so it cannot be confirmed.",train
tc-02368,events,"In 1896, the first modern Olympic Games were held in Athens.","One source says: The year 1896 is when the first modern Olympic Games were held in Athens. Another source says: The first modern Olympic Games were held in Athens in 1903, according to standard histories.",uncertain,Conflicting evidence means this claim cannot be marked supported or unsupported.,test
tc-02369,capitals,Kabul is the capital city of Angola.,Reference works list Luanda as the capital of Angola. This is widely documented.,unsupported,"The evidence gives Luanda, not Kabul, so the claim is contradicted.",train
tc-02370,science,"Mount Everest rises about 8,849 metres above sea level.","Sources disagree. Source A: The official height of Mount Everest is about 8,849 metres above sea level. Source B: The official height of Mount Everest is about 9,500 metres above sea level.",uncertain,"The evidence conflicts, giving both 8,849 metres and 9,500 metres.",val
tc-02371,events,"In 1947, India gained independence from British rule.","India gained independence from British rule in 1947, according to standard histories.",supported,The evidence directly supports the claim: it gives 1947.,train
tc-02372,books,The author of Jane Eyre is Plato.,Reference note: Wuthering Heights is a book by Emily Bronte.,uncertain,The evidence is about a different subject and does not address this claim.,train
tc-02373,books,The author of Hamlet is William Shakespeare.,Hamlet is a book by William Shakespeare.,supported,"The retrieved source confirms William Shakespeare, so the claim is supported.",train
tc-02374,geography,South Korea is in Asia.,Reference note: Argentina is located in South America.,uncertain,The evidence is insufficient to confirm or contradict the claim.,train
tc-02375,elements_symbol,The chemical symbol for Lead is H.,Textbook summary: The element Oxygen is represented by the symbol O.,uncertain,"The retrieved text does not mention what the claim asserts, so it cannot be confirmed.",train
tc-02376,science,The Moon takes about 14 days to orbit the Earth.,The Moon completes one orbit of Earth in about 27 days. This is widely documented.,unsupported,"The evidence gives 27 days, not 14 days, so the claim is contradicted.",train
tc-02377,capitals,Amsterdam is the capital city of the Netherlands.,The Netherlands is a country whose capital city is Amsterdam. This is widely documented.,supported,"The retrieved source confirms Amsterdam, so the claim is supported.",train
tc-02378,events,The United States Declaration of Independence was adopted in 1775.,Textbook summary: Historical records show that the United States Declaration of Independence was adopted in 1776.,unsupported,Retrieved evidence contradicts the claim: the correct value is 1776.,train
tc-02379,capitals,Caracas is the capital city of Venezuela.,Reference note: Reference works list Caracas as the capital of Venezuela.,supported,"The retrieved source confirms Caracas, so the claim is supported.",train
tc-02380,science,The largest planet in the Solar System is Neptune.,"Reference note: The official height of Mount Everest is about 8,849 metres above sea level.",uncertain,The evidence is about a different subject and does not address this claim.,train
tc-02381,geography,India is a country in Africa.,One source says: India is part of Asia. Another source says: India is part of Africa.,uncertain,"Sources disagree (Asia versus Africa), so the claim cannot be confirmed.",train
tc-02382,books,The Wealth of Nations was written by Fyodor Dostoevsky.,One source says: The Wealth of Nations is a book by Adam Smith. Another source says: Fyodor Dostoevsky wrote The Wealth of Nations.,uncertain,Conflicting evidence means this claim cannot be marked supported or unsupported.,train
tc-02383,elements_symbol,The chemical symbol for Neon is Ne.,The element Neon is represented by the symbol Ne. This is widely documented.,supported,"The evidence states Ne, which matches the claim.",train
tc-02384,capitals,The capital of Lithuania is Vilnius.,The capital of Lithuania is Vilnius. This is widely documented.,supported,"The evidence states Vilnius, which matches the claim.",train
tc-02385,events,World War II ended in 1952.,"World War II ended in 1945, according to standard histories. This is widely documented.",unsupported,"The evidence gives 1945, not 1952, so the claim is contradicted.",train
tc-02386,elements_number,The atomic number of Silver is 47.,An atom of Silver contains 47 protons. This is widely documented.,supported,The evidence directly supports the claim: it gives 47.,train
tc-02387,elements_symbol,Pt is the symbol of the element Platinum.,Textbook summary: The standard chemical symbol for Platinum is Pt.,supported,"The retrieved source confirms Pt, so the claim is supported.",train
tc-02388,books,The author of Crime and Punishment is Charlotte Bronte.,Conflicting reports. First report: Fyodor Dostoevsky wrote Crime and Punishment. Second report: Crime and Punishment is a book by Charlotte Bronte.,uncertain,"The evidence conflicts, giving both Fyodor Dostoevsky and Charlotte Bronte.",train
tc-02389,events,The Apollo 13 mission suffered an oxygen tank explosion in 1974.,"Reference note: The Apollo 13 mission suffered an oxygen tank explosion in 1970, according to standard histories.",unsupported,"The evidence gives 1970, not 1974, so the claim is contradicted.",train
tc-02390,capitals,Saudi Arabia's capital is Riyadh.,Reference note: Riyadh is the capital city of Saudi Arabia.,supported,"The retrieved source confirms Riyadh, so the claim is supported.",test
tc-02391,science,Quartz is the hardest naturally occurring material.,The mathematical constant pi is approximately 3.14159.,uncertain,The evidence is about a different subject and does not address this claim.,train
tc-02392,capitals,The capital of South Korea is Seoul.,Reference works list Seoul as the capital of South Korea.,supported,"The evidence states Seoul, which matches the claim.",train
tc-02393,capitals,Cairo is the capital city of Egypt.,Reference note: Reference works list Cairo as the capital of Egypt.,supported,The evidence directly supports the claim: it gives Cairo.,train
tc-02394,events,The October Revolution took place in Russia in 1917.,"Reference note: The October Revolution took place in Russia in 1917, according to standard histories.",supported,The evidence directly supports the claim: it gives 1917.,train
tc-02395,formulas,Methane has the formula O3.,Methane has the chemical formula CH4.,unsupported,Retrieved evidence contradicts the claim: the correct value is CH4.,train
tc-02396,elements_number,Cobalt is element number 27.,"Textbook summary: In the periodic table, Cobalt occupies position 27.",supported,"The retrieved source confirms 27, so the claim is supported.",train
tc-02397,elements_number,Boron is element number 5.,Textbook summary: An atom of Boron contains 5 protons.,supported,The evidence directly supports the claim: it gives 5.,val
tc-02398,events,The Eiffel Tower was completed in 1890.,Reference note: Historical records show that the Eiffel Tower was completed in 1889.,unsupported,Retrieved evidence contradicts the claim: the correct value is 1889.,train
tc-02399,planets,"Counting outward from the Sun, Venus is the fifth planet.",Textbook summary: Venus is the second planet from the Sun in the Solar System.,unsupported,"The source states second. The claim says fifth, which does not match.",train
tc-02400,planets,Mercury is the first planet from the Sun.,"Reference note: In order of distance from the Sun, Uranus comes seventh.",uncertain,The evidence is about a different subject and does not address this claim.,train
tc-02401,geography,Jamaica lies on the continent of Oceania.,"Geographically, Jamaica lies on the continent of North America. This is widely documented.",unsupported,"The source states North America. The claim says Oceania, which does not match.",val
tc-02402,geography,Italy is a country in Europe.,Italy is part of Europe.,supported,The evidence directly supports the claim: it gives Europe.,train
tc-02403,geography,Sweden is in Asia.,Reference note: Sweden is part of Europe.,unsupported,Retrieved evidence contradicts the claim: the correct value is Europe.,val
tc-02404,capitals,Hanoi is the capital city of Bangladesh.,Textbook summary: Reference works list Dhaka as the capital of Bangladesh.,unsupported,Retrieved evidence contradicts the claim: the correct value is Dhaka.,train
tc-02405,science,Pi is approximately 3.14159.,One source says: The mathematical constant pi is approximately 3.14159. Another source says: The mathematical constant pi is approximately 3.0.,uncertain,"The evidence conflicts, giving both 3.14159 and 3.0.",train
tc-02406,formulas,Hydrochloric acid has the formula NaHCO3.,The standard formula for hydrochloric acid is HCl.,unsupported,"The evidence gives HCl, not NaHCO3, so the claim is contradicted.",train
tc-02407,elements_number,Mercury is element number 80.,Reference note: Tin is the chemical element with atomic number 50.,uncertain,The evidence is about a different subject and does not address this claim.,train
tc-02408,capitals,Santiago is the capital city of Romania.,Textbook summary: The capital of Romania is Bucharest.,unsupported,"The source states Bucharest. The claim says Santiago, which does not match.",val
tc-02409,events,The Treaty of Versailles was signed in the year 1923.,Historical records show that the Treaty of Versailles was signed in 1919. This is widely documented.,unsupported,"The source states 1919. The claim says 1923, which does not match.",train
tc-02410,events,"In 1938, India gained independence from British rule.","Textbook summary: The United Kingdom held its Brexit referendum in 2016, according to standard histories.",uncertain,"The retrieved text does not mention what the claim asserts, so it cannot be confirmed.",train
tc-02411,books,Madame Bovary was written by Gustave Flaubert.,One source says: The work Madame Bovary was authored by Gustave Flaubert. Another source says: The work Madame Bovary was authored by Chinua Achebe.,uncertain,Conflicting evidence means this claim cannot be marked supported or unsupported.,train
tc-02412,elements_symbol,The chemical symbol for Cobalt is Co.,Cobalt is abbreviated Co in the periodic table.,supported,"The retrieved source confirms Co, so the claim is supported.",train
tc-02413,geography,South Korea is a country in Asia.,Textbook summary: South Korea is located in Asia.,supported,The evidence directly supports the claim: it gives Asia.,train
tc-02414,elements_symbol,The chemical symbol for Fluorine is Ne.,The element Fluorine is represented by the symbol F.,unsupported,"The evidence gives F, not Ne, so the claim is contradicted.",train
tc-02415,capitals,The capital of Germany is Bratislava.,Reference works list Berlin as the capital of Germany. This is widely documented.,unsupported,"The evidence gives Berlin, not Bratislava, so the claim is contradicted.",train
tc-02416,geography,Ghana is a country in Asia.,"One source says: Geographically, Ghana lies on the continent of Africa. Another source says: Ghana is located in Asia.",uncertain,Conflicting evidence means this claim cannot be marked supported or unsupported.,train
tc-02417,capitals,The capital of Slovenia is Ljubljana.,One source says: Reference works list Ljubljana as the capital of Slovenia. Another source says: Ottawa is the capital city of Slovenia.,uncertain,"Sources disagree (Ljubljana versus Ottawa), so the claim cannot be confirmed.",train
tc-02418,elements_number,Platinum has 78 protons in its nucleus.,Textbook summary: Platinum is the chemical element with atomic number 78.,supported,"The retrieved source confirms 78, so the claim is supported.",train
tc-02419,capitals,Rome is the capital city of Italy.,Beirut is the capital city of Lebanon. This is widely documented.,uncertain,The evidence is insufficient to confirm or contradict the claim.,train
tc-02420,formulas,H2SO4 is the formula for limestone.,Reference note: The standard formula for limestone is CaCO3.,unsupported,"The evidence gives CaCO3, not H2SO4, so the claim is contradicted.",train
tc-02421,elements_symbol,The chemical symbol for Titanium is Ag.,Textbook summary: Titanium is abbreviated Ti in the periodic table.,unsupported,"The source states Ti. The claim says Ag, which does not match.",val
tc-02422,capitals,Hanoi is the capital city of Vietnam.,Textbook summary: Vietnam is a country whose capital city is Hanoi.,supported,"The evidence states Hanoi, which matches the claim.",train
tc-02423,events,The first modern Olympic Games were held in Athens in the year 1896.,"Textbook summary: World War I began in 1914, according to standard histories.",uncertain,The evidence is about a different subject and does not address this claim.,test
tc-02424,capitals,The capital of Nigeria is Abuja.,Conflicting reports. First report: Abuja is the capital city of Nigeria. Second report: The capital of Nigeria is Havana.,uncertain,"Sources disagree (Abuja versus Havana), so the claim cannot be confirmed.",train
tc-02425,capitals,Prague is the capital city of Lebanon.,Lebanon is a country whose capital city is Beirut. This is widely documented.,unsupported,"The source states Beirut. The claim says Prague, which does not match.",train
tc-02426,books,Les Miserables was written by Plato.,Reference note: The Catcher in the Rye is a book by J. D. Salinger.,uncertain,The evidence is about a different subject and does not address this claim.,train
tc-02427,science,"The Great Barrier Reef lies off the coast of Queensland, Australia.","The Great Barrier Reef is located off Queensland, Australia. This is widely documented.",supported,"The evidence states Queensland, Australia, which matches the claim.",train
tc-02428,science,The largest planet in the Solar System is Neptune.,Reference note: Jupiter is the largest planet in the Solar System.,unsupported,Retrieved evidence contradicts the claim: the correct value is Jupiter.,train
tc-02429,science,"Light travels through a vacuum at about 3,000 kilometres per second.","In a vacuum, light travels at roughly 299,792 kilometres per second.",unsupported,"The source states 299,792 kilometres per second. The claim says 3,000 kilometres per second, which does not match.",train
tc-02430,capitals,Pakistan's capital is Islamabad.,Reference note: Islamabad is the capital city of Pakistan.,supported,"The retrieved source confirms Islamabad, so the claim is supported.",train
tc-02431,events,"In 1869, the Suez Canal opened.",The year 1889 is when the Eiffel Tower was completed.,uncertain,The evidence is insufficient to confirm or contradict the claim.,train
tc-02432,capitals,The capital of Ukraine is Tripoli.,Ukraine is a country whose capital city is Kyiv.,unsupported,"The source states Kyiv. The claim says Tripoli, which does not match.",test
tc-02433,geography,Kenya is in South America.,Reference note: Ethiopia is part of Africa.,uncertain,The evidence is insufficient to confirm or contradict the claim.,train
tc-02434,events,The first iPhone was released in 2007.,"Reference note: The first iPhone was released in 2007, according to standard histories.",supported,The evidence directly supports the claim: it gives 2007.,train
tc-02435,geography,Ethiopia lies on the continent of Africa.,Ethiopia is located in Africa. This is widely documented.,supported,The evidence directly supports the claim: it gives Africa.,train
tc-02436,capitals,Italy's capital is Rome.,Reference note: Reference works list Rome as the capital of Italy.,supported,"The evidence states Rome, which matches the claim.",train
tc-02437,capitals,Sweden's capital is Stockholm.,Reference note: Stockholm is the capital city of Sweden.,supported,The evidence directly supports the claim: it gives Stockholm.,train
tc-02438,elements_number,Oxygen is element number 27.,Oxygen is the chemical element with atomic number 8. This is widely documented.,unsupported,Retrieved evidence contradicts the claim: the correct value is 8.,train
tc-02439,events,"In 1903, the Wright brothers made their first powered flight.",Reference note: The year 1903 is when the Wright brothers made their first powered flight.,supported,"The retrieved source confirms 1903, so the claim is supported.",test
tc-02440,capitals,The capital of Bangladesh is Dhaka.,Reference note: Bangladesh is a country whose capital city is Dhaka.,supported,"The retrieved source confirms Dhaka, so the claim is supported.",train
tc-02441,geography,Canada lies on the continent of North America.,"Geographically, Jamaica lies on the continent of North America.",uncertain,The evidence is insufficient to confirm or contradict the claim.,train
tc-02442,elements_number,Copper has 29 protons in its nucleus.,Textbook summary: Copper is the chemical element with atomic number 29.,supported,"The retrieved source confirms 29, so the claim is supported.",test
tc-02443,events,The Apollo 13 mission suffered an oxygen tank explosion in the year 1979.,Textbook summary: Historical records show that the Apollo 13 mission suffered an oxygen tank explosion in 1970.,unsupported,"The evidence gives 1970, not 1979, so the claim is contradicted.",train
tc-02444,books,Dante Alighieri is the author of Don Quixote.,Reference note: Bram Stoker wrote Dracula.,uncertain,"The retrieved text does not mention what the claim asserts, so it cannot be confirmed.",train
tc-02445,elements_number,Nitrogen has 7 protons in its nucleus.,An atom of Nitrogen contains 7 protons. This is widely documented.,supported,The evidence directly supports the claim: it gives 7.,test
tc-02446,events,The American Civil War began in 1861.,The year 1861 is when the American Civil War began. This is widely documented.,supported,"The retrieved source confirms 1861, so the claim is supported.",train
tc-02447,capitals,Paris is the capital city of Bulgaria.,Reference note: Oslo is the capital city of Norway.,uncertain,"The retrieved text does not mention what the claim asserts, so it cannot be confirmed.",train
tc-02448,science,The largest planet in the Solar System is Saturn.,Reference note: The mathematical constant pi is approximately 3.14159.,uncertain,"The retrieved text does not mention what the claim asserts, so it cannot be confirmed.",train
tc-02449,books,The author of Brave New World is Dante Alighieri.,Brave New World is a book by Aldous Huxley. This is widely documented.,unsupported,"The source states Aldous Huxley. The claim says Dante Alighieri, which does not match.",train
tc-02450,capitals,Senegal's capital is Dakar.,The capital of Senegal is Dakar. This is widely documented.,supported,"The retrieved source confirms Dakar, so the claim is supported.",train
tc-02451,elements_number,The atomic number of Lithium is 3.,An atom of Lithium contains 3 protons. This is widely documented.,supported,"The evidence states 3, which matches the claim.",val
tc-02452,planets,Jupiter is the fifth planet from the Sun.,"Reference note: In order of distance from the Sun, Jupiter comes fifth.",supported,The evidence directly supports the claim: it gives fifth.,train
tc-02453,formulas,O3 is the formula for carbon monoxide.,"In chemistry, carbon monoxide is written as CO. This is widely documented.",unsupported,"The evidence gives CO, not O3, so the claim is contradicted.",train
tc-02454,books,The Hobbit was written by Dante Alighieri.,Textbook summary: Madame Bovary is a book by Gustave Flaubert.,uncertain,The evidence is insufficient to confirm or contradict the claim.,train
tc-02455,capitals,The capital of Uzbekistan is Prague.,Conflicting reports. First report: Tashkent is the capital city of Uzbekistan. Second report: Prague is the capital city of Uzbekistan.,uncertain,"Sources disagree (Tashkent versus Prague), so the claim cannot be confirmed.",train
tc-02456,events,The Apollo 13 mission suffered an oxygen tank explosion in the year 1970.,Textbook summary: Historical records show that the Apollo 13 mission suffered an oxygen tank explosion in 1970.,supported,The evidence directly supports the claim: it gives 1970.,train
tc-02457,events,The Wall Street Crash began in the year 1917.,"Euro banknotes and coins entered circulation in 2002, according to standard histories. This is widely documented.",uncertain,The evidence is about a different subject and does not address this claim.,train
tc-02458,capitals,Kampala is the capital city of Nepal.,Nepal is a country whose capital city is Kathmandu.,unsupported,"The evidence gives Kathmandu, not Kampala, so the claim is contradicted.",train
tc-02459,capitals,Stockholm is the capital city of Sweden.,Textbook summary: Reference works list Stockholm as the capital of Sweden.,supported,The evidence directly supports the claim: it gives Stockholm.,train
tc-02460,events,The Statue of Liberty was dedicated in 1886.,Textbook summary: The year 1886 is when the Statue of Liberty was dedicated.,supported,"The retrieved source confirms 1886, so the claim is supported.",train
tc-02461,books,Jane Austen is the author of Pride and Prejudice.,Reference note: Pride and Prejudice is a book by Jane Austen.,supported,"The retrieved source confirms Jane Austen, so the claim is supported.",train
tc-02462,events,The first modern Olympic Games were held in Athens in the year 1900.,Sources disagree. Source A: Historical records show that the first modern Olympic Games were held in Athens in 1896. Source B: The year 1900 is when the first modern Olympic Games were held in Athens.,uncertain,"The evidence conflicts, giving both 1896 and 1900.",test
tc-02463,elements_number,Oxygen has 8 protons in its nucleus.,An atom of Oxygen contains 8 protons. This is widely documented.,supported,The evidence directly supports the claim: it gives 8.,train
tc-02464,geography,New Zealand is a country in Europe.,"Textbook summary: Geographically, New Zealand lies on the continent of Oceania.",unsupported,Retrieved evidence contradicts the claim: the correct value is Oceania.,val
tc-02465,elements_symbol,The chemical symbol for Carbon is H.,The standard chemical symbol for Helium is He. This is widely documented.,uncertain,The evidence is about a different subject and does not address this claim.,train
tc-02466,capitals,Chile's capital is Lima.,Reference works list Santiago as the capital of Chile. This is widely documented.,unsupported,"The evidence gives Santiago, not Lima, so the claim is contradicted.",train
tc-02467,formulas,H2O is the formula for water.,Reference note: The standard formula for water is H2O.,supported,"The evidence states H2O, which matches the claim.",train
tc-02468,science,Humans typically have 20 pairs of chromosomes.,Textbook summary: A typical human cell contains 23 pairs of chromosomes.,unsupported,"The evidence gives 23 pairs of chromosomes, not 20 pairs of chromosomes, so the claim is contradicted.",train
tc-02469,events,World War I began in 1914.,Textbook summary: Historical records show that World War I began in 1914.,supported,"The retrieved source confirms 1914, so the claim is supported.",train
tc-02470,geography,Thailand is in Oceania.,"Textbook summary: Geographically, Thailand lies on the continent of Asia.",unsupported,"The source states Asia. The claim says Oceania, which does not match.",train
tc-02471,elements_symbol,Pt is the symbol of the element Mercury.,The element Mercury is represented by the symbol Hg. This is widely documented.,unsupported,"The evidence gives Hg, not Pt, so the claim is contradicted.",test
tc-02472,elements_number,Potassium is element number 19.,"One source says: In the periodic table, Potassium occupies position 19. Another source says: In the periodic table, Potassium occupies position 17.",uncertain,"The evidence conflicts, giving both 19 and 17.",train
tc-02473,books,Hamlet was written by Chinua Achebe.,Reference note: William Shakespeare wrote Hamlet.,unsupported,"The evidence gives William Shakespeare, not Chinua Achebe, so the claim is contradicted.",train
tc-02474,geography,Italy lies on the continent of Europe.,Italy is located in Europe. This is widely documented.,supported,"The evidence states Europe, which matches the claim.",train
tc-02475,geography,Sweden is a country in Europe.,Sweden is part of Europe.,supported,"The evidence states Europe, which matches the claim.",val
tc-02476,capitals,The capital of Brazil is Brasilia.,Reference note: The capital of Brazil is Brasilia.,supported,The evidence directly supports the claim: it gives Brasilia.,train
tc-02477,capitals,The capital of Germany is Algiers.,The capital of Germany is Berlin.,unsupported,Retrieved evidence contradicts the claim: the correct value is Berlin.,train
tc-02478,events,The Hubble Space Telescope was launched in the year 1981.,The year 1953 is when Edmund Hillary and Tenzing Norgay first reached the summit of Mount Everest. This is widely documented.,uncertain,The evidence is insufficient to confirm or contradict the claim.,test
tc-02479,capitals,Kabul is the capital city of Poland.,Textbook summary: The capital of Poland is Warsaw.,unsupported,"The source states Warsaw. The claim says Kabul, which does not match.",test
tc-02480,geography,Spain is a country in Asia.,"Geographically, Spain lies on the continent of Europe. This is widely documented.",unsupported,Retrieved evidence contradicts the claim: the correct value is Europe.,val
tc-02481,science,Diamond is the hardest naturally occurring material.,One source says: The hardest naturally occurring material is Diamond. Another source says: The hardest naturally occurring material is Quartz.,uncertain,"Sources disagree (Diamond versus Quartz), so the claim cannot be confirmed.",train
tc-02482,capitals,Tashkent is the capital city of Serbia.,Reference note: Belgrade is the capital city of Serbia.,unsupported,Retrieved evidence contradicts the claim: the correct value is Belgrade.,train
tc-02483,science,The human heart has four chambers.,Conflicting reports. First report: The human heart is divided into four chambers. Second report: The human heart is divided into five chambers.,uncertain,"The evidence conflicts, giving both four chambers and five chambers.",train
tc-02484,geography,India is in Asia.,"Geographically, India lies on the continent of Asia. This is widely documented.",supported,"The retrieved source confirms Asia, so the claim is supported.",train
tc-02485,elements_number,Aluminium has 1 protons in its nucleus.,"In the periodic table, Magnesium occupies position 12. This is widely documented.",uncertain,"The retrieved text does not mention what the claim asserts, so it cannot be confirmed.",train
tc-02486,events,"In 1895, the Statue of Liberty was dedicated.","Conflicting reports. First report: The Statue of Liberty was dedicated in 1886, according to standard histories. Second report: Historical records show that the Statue of Liberty was dedicated in 1895.",uncertain,Conflicting evidence means this claim cannot be marked supported or unsupported.,train
tc-02487,elements_number,Beryllium is element number 29.,"Reference note: In the periodic table, Beryllium occupies position 4.",unsupported,"The source states 4. The claim says 29, which does not match.",train
tc-02488,events,The Battle of Hastings was fought in 1075.,One source says: The year 1066 is when the Battle of Hastings was fought. Another source says: Historical records show that the Battle of Hastings was fought in 1075.,uncertain,"Sources disagree (1066 versus 1075), so the claim cannot be confirmed.",train
tc-02489,events,"In 1979, the Soviet Union was dissolved.",Historical records show that the Soviet Union was dissolved in 1991. This is widely documented.,unsupported,Retrieved evidence contradicts the claim: the correct value is 1991.,train
tc-02490,elements_symbol,The chemical symbol for Iron is Fe.,The element Iron is represented by the symbol Fe.,supported,"The retrieved source confirms Fe, so the claim is supported.",test
tc-02491,science,The human heart has three chambers.,The human heart is divided into four chambers.,unsupported,Retrieved evidence contradicts the claim: the correct value is four chambers.,train
tc-02492,books,The author of Madame Bovary is George Orwell.,Textbook summary: Madame Bovary is a book by Gustave Flaubert.,unsupported,"The evidence gives Gustave Flaubert, not George Orwell, so the claim is contradicted.",train
tc-02493,books,The Divine Comedy was written by Dante Alighieri.,Dante Alighieri wrote The Divine Comedy.,supported,The evidence directly supports the claim: it gives Dante Alighieri.,train
tc-02494,capitals,Berlin is the capital city of Germany.,Reference note: The capital of Thailand is Bangkok.,uncertain,The evidence is about a different subject and does not address this claim.,train
tc-02495,capitals,The capital of the Philippines is Manila.,Conflicting reports. First report: The capital of the Philippines is Manila. Second report: Tashkent is the capital city of the Philippines.,uncertain,"Sources disagree (Manila versus Tashkent), so the claim cannot be confirmed.",train
tc-02496,geography,Sweden is a country in Europe.,"Geographically, Sweden lies on the continent of Europe. This is widely documented.",supported,"The retrieved source confirms Europe, so the claim is supported.",val
tc-02497,events,"In 1905, the Panama Canal opened.",Textbook summary: The year 2007 is when the first iPhone was released.,uncertain,The evidence is insufficient to confirm or contradict the claim.,train
tc-02498,formulas,The chemical formula of ammonia is NH3.,"In chemistry, ammonia is written as NH3. This is widely documented.",supported,"The retrieved source confirms NH3, so the claim is supported.",train
tc-02499,capitals,Colombia's capital is Sofia.,Conflicting reports. First report: Colombia is a country whose capital city is Bogota. Second report: Reference works list Sofia as the capital of Colombia.,uncertain,Conflicting evidence means this claim cannot be marked supported or unsupported.,train
tc-02500,science,"Sound travels through air at 20 degrees Celsius at about 1,000 metres per second.","At 20 degrees Celsius, the speed of sound in air is about 343 metres per second.",unsupported,"The source states 343 metres per second. The claim says 1,000 metres per second, which does not match.",train
tc-02501,events,Nelson Mandela was released from prison in the year 1983.,"Reference note: Nelson Mandela was released from prison in 1990, according to standard histories.",unsupported,Retrieved evidence contradicts the claim: the correct value is 1990.,train
tc-02502,science,An adult human skeleton has 300 bones.,Textbook summary: The adult human skeleton is made up of 206 bones.,unsupported,Retrieved evidence contradicts the claim: the correct value is 206 bones.,train
tc-02503,geography,Peru is in South America.,Reference note: Peru is part of South America.,supported,The evidence directly supports the claim: it gives South America.,train
tc-02504,science,"Light travels through a vacuum at about 3,000 kilometres per second.","Reference note: During photosynthesis, plants take in carbon dioxide.",uncertain,The evidence is insufficient to confirm or contradict the claim.,train
tc-02505,planets,"Counting outward from the Sun, Mars is the seventh planet.","In order of distance from the Sun, Mars comes fourth.",unsupported,"The source states fourth. The claim says seventh, which does not match.",train
tc-02506,capitals,Kenya's capital is Algiers.,Reference note: Nairobi is the capital city of Kenya.,unsupported,Retrieved evidence contradicts the claim: the correct value is Nairobi.,test
tc-02507,geography,Germany is a country in Africa.,Germany is located in Europe.,unsupported,"The evidence gives Europe, not Africa, so the claim is contradicted.",train
tc-02508,planets,"Counting outward from the Sun, Saturn is the seventh planet.","In order of distance from the Sun, Saturn comes sixth.",unsupported,Retrieved evidence contradicts the claim: the correct value is sixth.,test
tc-02509,science,The human heart has five chambers.,The human heart is divided into four chambers. This is widely documented.,unsupported,"The source states four chambers. The claim says five chambers, which does not match.",train
tc-02510,capitals,Bern is the capital city of Tunisia.,Tunis is the capital city of Tunisia. This is widely documented.,unsupported,"The source states Tunis. The claim says Bern, which does not match.",test
tc-02511,planets,Uranus is the fifth planet from the Sun.,Textbook summary: Uranus is the seventh planet from the Sun in the Solar System.,unsupported,"The source states seventh. The claim says fifth, which does not match.",train
tc-02512,elements_number,The atomic number of Fluorine is 9.,Fluorine is the chemical element with atomic number 9.,supported,"The evidence states 9, which matches the claim.",train
tc-02513,events,"In 1896, the first modern Olympic Games were held in Athens.","Sources disagree. Source A: The first modern Olympic Games were held in Athens in 1896, according to standard histories. Source B: The first modern Olympic Games were held in Athens in 1889, according to standard histories.",uncertain,"Sources disagree (1896 versus 1889), so the claim cannot be confirmed.",test
tc-02514,geography,Ecuador is in South America.,Ecuador is located in South America.,supported,The evidence directly supports the claim: it gives South America.,train
tc-02515,elements_number,Sodium has 9 protons in its nucleus.,"Textbook summary: In the periodic table, Sodium occupies position 11.",unsupported,Retrieved evidence contradicts the claim: the correct value is 11.,train
tc-02516,elements_number,Silver has 47 protons in its nucleus.,"Textbook summary: In the periodic table, Silver occupies position 47.",supported,The evidence directly supports the claim: it gives 47.,train
tc-02517,events,World War II ended in 1945.,"Conflicting reports. First report: World War II ended in 1945, according to standard histories. Second report: The year 1949 is when World War II ended.",uncertain,"The evidence conflicts, giving both 1945 and 1949.",train
tc-02518,capitals,Wellington is the capital city of Angola.,Conflicting reports. First report: Angola is a country whose capital city is Luanda. Second report: Wellington is the capital city of Angola.,uncertain,Conflicting evidence means this claim cannot be marked supported or unsupported.,train
tc-02519,capitals,The capital of Kenya is Amsterdam.,Nairobi is the capital city of Kenya. This is widely documented.,unsupported,"The evidence gives Nairobi, not Amsterdam, so the claim is contradicted.",test
tc-02520,books,Charlotte Bronte is the author of Jane Eyre.,Reference note: Charlotte Bronte wrote Jane Eyre.,supported,The evidence directly supports the claim: it gives Charlotte Bronte.,train
tc-02521,events,"In 1869, the Suez Canal opened.",Historical records show that the Suez Canal opened in 1869. This is widely documented.,supported,"The evidence states 1869, which matches the claim.",train
tc-02522,science,The human heart has four chambers.,Sources disagree. Source A: The human heart is divided into four chambers. Source B: The human heart is divided into five chambers.,uncertain,"The evidence conflicts, giving both four chambers and five chambers.",train
tc-02523,capitals,Angola's capital is Ottawa.,The capital of Angola is Luanda.,unsupported,"The evidence gives Luanda, not Ottawa, so the claim is contradicted.",train
tc-02524,capitals,Stockholm is the capital city of Sweden.,Reference note: Reference works list Stockholm as the capital of Sweden.,supported,"The retrieved source confirms Stockholm, so the claim is supported.",train
tc-02525,formulas,The chemical formula of ethanol is CaCO3.,The standard formula for ethanol is C2H5OH.,unsupported,"The evidence gives C2H5OH, not CaCO3, so the claim is contradicted.",train
tc-02526,geography,Norway is a country in Asia.,"Reference note: Geographically, Norway lies on the continent of Europe.",unsupported,"The evidence gives Europe, not Asia, so the claim is contradicted.",train
tc-02527,events,The Space Shuttle Challenger disaster occurred in the year 1986.,The year 1492 is when Christopher Columbus made his first voyage across the Atlantic.,uncertain,The evidence is insufficient to confirm or contradict the claim.,test
tc-02528,planets,Venus is the third planet from the Sun.,One source says: Venus is the second planet from the Sun in the Solar System. Another source says: Venus is the third planet from the Sun in the Solar System.,uncertain,Conflicting evidence means this claim cannot be marked supported or unsupported.,train
tc-02529,capitals,India's capital is New Delhi.,Reference note: The capital of India is New Delhi.,supported,"The evidence states New Delhi, which matches the claim.",test
tc-02530,science,Water freezes at 0 degrees Celsius at standard pressure.,"At standard pressure, water freezes at 0 degrees Celsius.",supported,"The retrieved source confirms 0 degrees Celsius, so the claim is supported.",train
tc-02531,geography,Nigeria is in Europe.,Textbook summary: Nigeria is located in Africa.,unsupported,Retrieved evidence contradicts the claim: the correct value is Africa.,train
tc-02532,events,The Wright brothers made their first powered flight in the year 1903.,"Reference note: The Wright brothers made their first powered flight in 1903, according to standard histories.",supported,The evidence directly supports the claim: it gives 1903.,test
tc-02533,elements_symbol,Ar is the symbol of the element Argon.,The element Argon is represented by the symbol Ar.,supported,"The retrieved source confirms Ar, so the claim is supported.",train
tc-02534,events,The Chernobyl nuclear disaster occurred in 1987.,"Conflicting reports. First report: Historical records show that the Chernobyl nuclear disaster occurred in 1986. Second report: The Chernobyl nuclear disaster occurred in 1987, according to standard histories.",uncertain,Conflicting evidence means this claim cannot be marked supported or unsupported.,train
tc-02535,capitals,Athens is the capital city of Austria.,Reference note: Vienna is the capital city of Austria.,unsupported,"The evidence gives Vienna, not Athens, so the claim is contradicted.",train
tc-02536,geography,Indonesia lies on the continent of Europe.,Indonesia is located in Asia. This is widely documented.,unsupported,"The source states Asia. The claim says Europe, which does not match.",train
tc-02537,events,"In 1914, World War I began.",The year 1986 is when the Space Shuttle Challenger disaster occurred. This is widely documented.,uncertain,The evidence is insufficient to confirm or contradict the claim.,train
tc-02538,events,"In 1215, King John sealed the Magna Carta.","Conflicting reports. First report: King John sealed the Magna Carta in 1215, according to standard histories. Second report: King John sealed the Magna Carta in 1203, according to standard histories.",uncertain,Conflicting evidence means this claim cannot be marked supported or unsupported.,train
tc-02539,events,"In 1492, Christopher Columbus made his first voyage across the Atlantic.","Christopher Columbus made his first voyage across the Atlantic in 1492, according to standard histories.",supported,"The evidence states 1492, which matches the claim.",train
tc-02540,capitals,Hanoi is the capital city of Vietnam.,Reference works list Hanoi as the capital of Vietnam. This is widely documented.,supported,"The retrieved source confirms Hanoi, so the claim is supported.",train
tc-02541,science,"Mount Everest rises about 8,849 metres above sea level.",Reference note: A leap year in the Gregorian calendar contains 366 days.,uncertain,The evidence is about a different subject and does not address this claim.,val
tc-02542,science,The Solar System has seven planets.,The Solar System contains eight recognised planets. This is widely documented.,unsupported,"The source states eight. The claim says seven, which does not match.",test
tc-02543,elements_number,The atomic number of Gold is 79.,Reference note: An atom of Gold contains 79 protons.,supported,The evidence directly supports the claim: it gives 79.,train
tc-02544,science,The largest ocean on Earth is the Pacific Ocean.,"Textbook summary: By area, the Pacific Ocean is the largest ocean on Earth.",supported,The evidence directly supports the claim: it gives Pacific Ocean.,train
tc-02545,science,The Solar System has eight planets.,Sources disagree. Source A: The Solar System contains eight recognised planets. Source B: The Solar System contains ten recognised planets.,uncertain,"The evidence conflicts, giving both eight and ten.",test
tc-02546,elements_number,The atomic number of Phosphorus is 15.,Sources disagree. Source A: An atom of Phosphorus contains 15 protons. Source B: An atom of Phosphorus contains 25 protons.,uncertain,Conflicting evidence means this claim cannot be marked supported or unsupported.,train
tc-02547,events,The Wall Street Crash began in 1929.,The year 1929 is when the Wall Street Crash began.,supported,"The retrieved source confirms 1929, so the claim is supported.",train
tc-02548,events,"In 1896, the first modern Olympic Games were held in Athens.",Conflicting reports. First report: The year 1896 is when the first modern Olympic Games were held in Athens. Second report: Historical records show that the first modern Olympic Games were held in Athens in 1884.,uncertain,"The evidence conflicts, giving both 1896 and 1884.",test
tc-02549,capitals,India's capital is Paris.,Textbook summary: Riyadh is the capital city of Saudi Arabia.,uncertain,The evidence is about a different subject and does not address this claim.,test
tc-02550,events,Watson and Crick published the double helix structure of DNA in 1944.,Textbook summary: The year 1953 is when Watson and Crick published the double helix structure of DNA.,unsupported,Retrieved evidence contradicts the claim: the correct value is 1953.,test
tc-02551,capitals,The capital of Vietnam is Hanoi.,Hanoi is the capital city of Vietnam. This is widely documented.,supported,"The evidence states Hanoi, which matches the claim.",train
tc-02552,books,Dante Alighieri is the author of Brave New World.,Textbook summary: The work The Hobbit was authored by J. R. R. Tolkien.,uncertain,The evidence is about a different subject and does not address this claim.,train
tc-02553,capitals,Serbia's capital is Paris.,Textbook summary: Reference works list Harare as the capital of Zimbabwe.,uncertain,"The retrieved text does not mention what the claim asserts, so it cannot be confirmed.",train
tc-02554,elements_number,The atomic number of Iodine is 53.,"Textbook summary: In the periodic table, Iodine occupies position 53.",supported,"The retrieved source confirms 53, so the claim is supported.",test
tc-02555,science,Water freezes at 4 degrees Celsius at standard pressure.,"Textbook summary: At standard pressure, water freezes at 0 degrees Celsius.",unsupported,"The evidence gives 0 degrees Celsius, not 4 degrees Celsius, so the claim is contradicted.",train
tc-02556,elements_symbol,The chemical symbol for Boron is W.,Textbook summary: The standard chemical symbol for Boron is B.,unsupported,"The evidence gives B, not W, so the claim is contradicted.",val
tc-02557,events,"In 1933, Alexander Fleming discovered penicillin.","Reference note: Alexander Fleming discovered penicillin in 1928, according to standard histories.",unsupported,Retrieved evidence contradicts the claim: the correct value is 1928.,train
tc-02558,books,The author of Wuthering Heights is Stephen Hawking.,Reference note: Emily Bronte wrote Wuthering Heights.,unsupported,Retrieved evidence contradicts the claim: the correct value is Emily Bronte.,train
tc-02559,capitals,Berlin is the capital city of Saudi Arabia.,One source says: Saudi Arabia is a country whose capital city is Riyadh. Another source says: Berlin is the capital city of Saudi Arabia.,uncertain,"Sources disagree (Riyadh versus Berlin), so the claim cannot be confirmed.",test
tc-02560,elements_symbol,O is the symbol of the element Oxygen.,Reference note: Manganese is abbreviated Mn in the periodic table.,uncertain,"The retrieved text does not mention what the claim asserts, so it cannot be confirmed.",train
tc-02561,elements_symbol,The chemical symbol for Lead is Ni.,Reference note: The standard chemical symbol for Lead is Pb.,unsupported,"The evidence gives Pb, not Ni, so the claim is contradicted.",train
tc-02562,elements_number,Helium is element number 2.,"Textbook summary: In the periodic table, Helium occupies position 2.",supported,The evidence directly supports the claim: it gives 2.,train
tc-02563,geography,Poland lies on the continent of Europe.,Textbook summary: Poland is located in Europe.,supported,"The retrieved source confirms Europe, so the claim is supported.",test
tc-02564,capitals,The capital of the United Kingdom is London.,Sources disagree. Source A: London is the capital city of the United Kingdom. Source B: Reference works list Hanoi as the capital of the United Kingdom.,uncertain,Conflicting evidence means this claim cannot be marked supported or unsupported.,train
tc-02565,events,"In 1912, the October Revolution took place in Russia.",Textbook summary: The year 1917 is when the October Revolution took place in Russia.,unsupported,"The source states 1917. The claim says 1912, which does not match.",train
tc-02566,capitals,The Czech Republic's capital is Montevideo.,Textbook summary: The Czech Republic is a country whose capital city is Prague.,unsupported,"The source states Prague. The claim says Montevideo, which does not match.",val
tc-02567,science,The largest ocean on Earth is the Atlantic Ocean.,"Conflicting reports. First report: By area, the Pacific Ocean is the largest ocean on Earth. Second report: By area, the Atlantic Ocean is the largest ocean on Earth.",uncertain,Conflicting evidence means this claim cannot be marked supported or unsupported.,train
tc-02568,geography,Norway is a country in Africa.,"Textbook summary: Geographically, Norway lies on the continent of Europe.",unsupported,Retrieved evidence contradicts the claim: the correct value is Europe.,train
tc-02569,events,"In 2019, the United Kingdom held its Brexit referendum.","Sources disagree. Source A: The year 2016 is when the United Kingdom held its Brexit referendum. Source B: The United Kingdom held its Brexit referendum in 2019, according to standard histories.",uncertain,"Sources disagree (2016 versus 2019), so the claim cannot be confirmed.",train
tc-02570,events,Alexander Fleming discovered penicillin in the year 1928.,Textbook summary: The year 1928 is when Alexander Fleming discovered penicillin.,supported,"The retrieved source confirms 1928, so the claim is supported.",train
tc-02571,formulas,C2H5OH is the formula for table salt.,"Sources disagree. Source A: In chemistry, table salt is written as NaCl. Source B: Table salt has the chemical formula C2H5OH.",uncertain,"Sources disagree (NaCl versus C2H5OH), so the claim cannot be confirmed.",train
tc-02572,geography,Ethiopia is in Oceania.,Textbook summary: Ethiopia is part of Africa.,unsupported,"The evidence gives Africa, not Oceania, so the claim is contradicted.",train
tc-02573,elements_symbol,The chemical symbol for Fluorine is F.,Textbook summary: The element Fluorine is represented by the symbol F.,supported,"The retrieved source confirms F, so the claim is supported.",train
tc-02574,planets,Jupiter is the fifth planet from the Sun.,Venus is the second planet from the Sun in the Solar System. This is widely documented.,uncertain,"The retrieved text does not mention what the claim asserts, so it cannot be confirmed.",train
tc-02575,capitals,The capital of Cuba is Paris.,Reference note: Reference works list Tehran as the capital of Iran.,uncertain,"The retrieved text does not mention what the claim asserts, so it cannot be confirmed.",train
tc-02576,formulas,The chemical formula of methane is NaCl.,Sulfuric acid has the chemical formula H2SO4.,uncertain,The evidence is about a different subject and does not address this claim.,train
tc-02577,events,The American Civil War began in 1852.,The year 1961 is when the Berlin Wall was built. This is widely documented.,uncertain,The evidence is insufficient to confirm or contradict the claim.,train
tc-02578,capitals,The capital of Morocco is Rabat.,Reference note: Rabat is the capital city of Morocco.,supported,The evidence directly supports the claim: it gives Rabat.,val
tc-02579,books,The Divine Comedy was written by Chinua Achebe.,Reference note: The Divine Comedy is a book by Dante Alighieri.,unsupported,"The evidence gives Dante Alighieri, not Chinua Achebe, so the claim is contradicted.",train
tc-02580,geography,Nigeria lies on the continent of Africa.,Textbook summary: Nigeria is located in Africa.,supported,"The evidence states Africa, which matches the claim.",train
tc-02581,geography,Brazil lies on the continent of South America.,Reference note: Brazil is located in South America.,supported,"The retrieved source confirms South America, so the claim is supported.",train
tc-02582,capitals,Mexico's capital is Harare.,Conflicting reports. First report: Mexico is a country whose capital city is Mexico City. Second report: Reference works list Harare as the capital of Mexico.,uncertain,"The evidence conflicts, giving both Mexico City and Harare.",train
tc-02583,books,Don Quixote was written by Miguel de Cervantes.,Don Quixote is a book by Miguel de Cervantes.,supported,"The evidence states Miguel de Cervantes, which matches the claim.",train
tc-02584,elements_number,The atomic number of Tin is 10.,Sources disagree. Source A: Tin is the chemical element with atomic number 50. Source B: Tin is the chemical element with atomic number 10.,uncertain,"Sources disagree (50 versus 10), so the claim cannot be confirmed.",val
tc-02585,elements_symbol,Na is the symbol of the element Chromium.,Sources disagree. Source A: Chromium is abbreviated Cr in the periodic table. Source B: The standard chemical symbol for Chromium is Na.,uncertain,"The evidence conflicts, giving both Cr and Na.",test
tc-02586,capitals,The capital of Finland is Amman.,Helsinki is the capital city of Finland.,unsupported,"The evidence gives Helsinki, not Amman, so the claim is contradicted.",train
tc-02587,geography,Vietnam is in South America.,"Reference note: Geographically, Vietnam lies on the continent of Asia.",unsupported,Retrieved evidence contradicts the claim: the correct value is Asia.,train
tc-02588,books,Chinua Achebe is the author of The Catcher in the Rye.,One source says: The work The Catcher in the Rye was authored by J. D. Salinger. Another source says: The work The Catcher in the Rye was authored by Chinua Achebe.,uncertain,Conflicting evidence means this claim cannot be marked supported or unsupported.,val
tc-02589,events,The Wright brothers made their first powered flight in 1901.,Reference note: The year 1903 is when the Wright brothers made their first powered flight.,unsupported,Retrieved evidence contradicts the claim: the correct value is 1903.,test
tc-02590,capitals,The Czech Republic's capital is Amsterdam.,Reference note: The capital of the Czech Republic is Prague.,unsupported,"The source states Prague. The claim says Amsterdam, which does not match.",val
tc-02591,books,Leviathan was written by Stephen Hawking.,Conflicting reports. First report: Thomas Hobbes wrote Leviathan. Second report: Leviathan is a book by Stephen Hawking.,uncertain,Conflicting evidence means this claim cannot be marked supported or unsupported.,train
tc-02592,geography,Thailand is in North America.,Conflicting reports. First report: Thailand is located in Asia. Second report: Thailand is located in North America.,uncertain,"Sources disagree (Asia versus North America), so the claim cannot be confirmed.",train
tc-02593,elements_number,The atomic number of Chlorine is 17.,"Reference note: In the periodic table, Carbon occupies position 6.",uncertain,"The retrieved text does not mention what the claim asserts, so it cannot be confirmed.",train
tc-02594,capitals,Ecuador's capital is Quito.,The capital of Ecuador is Quito.,supported,The evidence directly supports the claim: it gives Quito.,train
tc-02595,events,"In 1993, the Space Shuttle Challenger disaster occurred.","The Space Shuttle Challenger disaster occurred in 1986, according to standard histories. This is widely documented.",unsupported,"The evidence gives 1986, not 1993, so the claim is contradicted.",test
tc-02596,capitals,Germany's capital is Rome.,Lisbon is the capital city of Portugal.,uncertain,The evidence is about a different subject and does not address this claim.,train
tc-02597,geography,Finland lies on the continent of Europe.,"Geographically, Thailand lies on the continent of Asia. This is widely documented.",uncertain,"The retrieved text does not mention what the claim asserts, so it cannot be confirmed.",train
tc-02598,capitals,Stockholm is the capital city of Sweden.,Textbook summary: Stockholm is the capital city of Sweden.,supported,The evidence directly supports the claim: it gives Stockholm.,train
tc-02599,capitals,Spain's capital is Madrid.,Madrid is the capital city of Spain.,supported,The evidence directly supports the claim: it gives Madrid.,train
tc-02600,books,George Orwell is the author of 1984.,Sources disagree. Source A: 1984 is a book by George Orwell. Source B: Toni Morrison wrote 1984.,uncertain,"The evidence conflicts, giving both George Orwell and Toni Morrison.",train
tc-02601,capitals,Belgium's capital is Helsinki.,Belgium is a country whose capital city is Brussels.,unsupported,"The evidence gives Brussels, not Helsinki, so the claim is contradicted.",train
tc-02602,elements_symbol,The chemical symbol for Nickel is Ni.,The element Nickel is represented by the symbol Ni. This is widely documented.,supported,The evidence directly supports the claim: it gives Ni.,train
tc-02603,events,The Great Fire of London broke out in the year 1678.,The year 1666 is when the Great Fire of London broke out. This is widely documented.,unsupported,Retrieved evidence contradicts the claim: the correct value is 1666.,train
tc-02604,books,The Hobbit was written by J. R. R. Tolkien.,The work The Hobbit was authored by J. R. R. Tolkien. This is widely documented.,supported,"The retrieved source confirms J. R. R. Tolkien, so the claim is supported.",train
tc-02605,capitals,The capital of Turkey is Brussels.,Reference note: The capital of Turkey is Ankara.,unsupported,Retrieved evidence contradicts the claim: the correct value is Ankara.,val
tc-02606,elements_symbol,The chemical symbol for Carbon is B.,Textbook summary: The standard chemical symbol for Carbon is C.,unsupported,"The evidence gives C, not B, so the claim is contradicted.",train
tc-02607,elements_symbol,Ag is the symbol of the element Silver.,The standard chemical symbol for Tin is Sn. This is widely documented.,uncertain,The evidence is about a different subject and does not address this claim.,train
tc-02608,events,The Hubble Space Telescope was launched in 1995.,"One source says: The Hubble Space Telescope was launched in 1990, according to standard histories. Another source says: The Hubble Space Telescope was launched in 1995, according to standard histories.",uncertain,Conflicting evidence means this claim cannot be marked supported or unsupported.,test
tc-02609,capitals,Uzbekistan's capital is Tashkent.,The capital of Uzbekistan is Tashkent.,supported,The evidence directly supports the claim: it gives Tashkent.,train
tc-02610,science,Argon is the most abundant gas in Earth's atmosphere.,Reference note: The most abundant gas in Earth's atmosphere is Nitrogen.,unsupported,"The source states Nitrogen. The claim says Argon, which does not match.",val
tc-02611,elements_symbol,He is the symbol of the element Argon.,The element Sulfur is represented by the symbol S. This is widely documented.,uncertain,The evidence is insufficient to confirm or contradict the claim.,train
tc-02612,planets,Earth is the first planet from the Sun.,"Textbook summary: In order of distance from the Sun, Venus comes second.",uncertain,The evidence is about a different subject and does not address this claim.,train
tc-02613,elements_number,Carbon is element number 79.,Textbook summary: An atom of Carbon contains 6 protons.,unsupported,Retrieved evidence contradicts the claim: the correct value is 6.,train
tc-02614,science,Pi is approximately 3.14159.,The mathematical constant pi is approximately 3.14159. This is widely documented.,supported,"The evidence states 3.14159, which matches the claim.",train
tc-02615,books,The author of Frankenstein is Mary Shelley.,One source says: Mary Shelley wrote Frankenstein. Another source says: Frankenstein is a book by F. Scott Fitzgerald.,uncertain,"Sources disagree (Mary Shelley versus F. Scott Fitzgerald), so the claim cannot be confirmed.",train
tc-02616,capitals,The capital of Japan is Quito.,The capital of Japan is Tokyo.,unsupported,"The source states Tokyo. The claim says Quito, which does not match.",train
tc-02617,capitals,Canberra is the capital city of Australia.,Textbook summary: Australia is a country whose capital city is Canberra.,supported,"The retrieved source confirms Canberra, so the claim is supported.",train
tc-02618,books,1984 was written by Charlotte Bronte.,One source says: The work 1984 was authored by George Orwell. Another source says: Charlotte Bronte wrote 1984.,uncertain,"The evidence conflicts, giving both George Orwell and Charlotte Bronte.",train
tc-02619,elements_symbol,The chemical symbol for Fluorine is N.,Reference note: Fluorine is abbreviated F in the periodic table.,unsupported,"The evidence gives F, not N, so the claim is contradicted.",train
tc-02620,capitals,Riga is the capital city of Latvia.,Reference note: Reference works list Ankara as the capital of Turkey.,uncertain,The evidence is insufficient to confirm or contradict the claim.,train
tc-02621,geography,Ethiopia is a country in Africa.,Ethiopia is part of Africa.,supported,"The retrieved source confirms Africa, so the claim is supported.",train
tc-02622,events,"In 2002, euro banknotes and coins entered circulation.",Textbook summary: The year 2002 is when euro banknotes and coins entered circulation.,supported,The evidence directly supports the claim: it gives 2002.,train
tc-02623,capitals,Amsterdam is the capital city of the Netherlands.,Textbook summary: The capital of the Netherlands is Amsterdam.,supported,"The evidence states Amsterdam, which matches the claim.",train
tc-02624,formulas,The chemical formula of ethanol is CO.,The standard formula for ethanol is C2H5OH. This is widely documented.,unsupported,"The source states C2H5OH. The claim says CO, which does not match.",train
tc-02625,formulas,NaHCO3 is the formula for hydrochloric acid.,Hydrochloric acid has the chemical formula HCl.,unsupported,"The source states HCl. The claim says NaHCO3, which does not match.",train
tc-02626,elements_number,Titanium is element number 16.,Titanium is the chemical element with atomic number 22.,unsupported,"The source states 22. The claim says 16, which does not match.",train
tc-02627,capitals,The capital of South Korea is Tallinn.,Textbook summary: Reference works list Seoul as the capital of South Korea.,unsupported,"The evidence gives Seoul, not Tallinn, so the claim is contradicted.",train
tc-02628,elements_number,Lithium has 19 protons in its nucleus.,Lithium is the chemical element with atomic number 3. This is widely documented.,unsupported,"The source states 3. The claim says 19, which does not match.",val
tc-02629,capitals,The capital of Uganda is Warsaw.,Reference note: Kampala is the capital city of Uganda.,unsupported,"The evidence gives Kampala, not Warsaw, so the claim is contradicted.",train
tc-02630,capitals,Pakistan's capital is Paris.,The capital of Slovenia is Ljubljana. This is widely documented.,uncertain,The evidence is about a different subject and does not address this claim.,train
tc-02631,capitals,Bratislava is the capital city of Slovakia.,Conflicting reports. First report: Slovakia is a country whose capital city is Bratislava. Second report: The capital of Slovakia is Addis Ababa.,uncertain,"Sources disagree (Bratislava versus Addis Ababa), so the claim cannot be confirmed.",train
tc-02632,events,"In 1945, the atomic bomb was dropped on Hiroshima.",Reference note: Historical records show that the atomic bomb was dropped on Hiroshima in 1945.,supported,The evidence directly supports the claim: it gives 1945.,train
tc-02633,elements_number,Zinc is element number 30.,Reference note: Zinc is the chemical element with atomic number 30.,supported,"The retrieved source confirms 30, so the claim is supported.",train
tc-02634,elements_symbol,The chemical symbol for Chlorine is F.,Chlorine is abbreviated Cl in the periodic table. This is widely documented.,unsupported,Retrieved evidence contradicts the claim: the correct value is Cl.,train
tc-02635,capitals,Iraq's capital is Amsterdam.,One source says: Iraq is a country whose capital city is Baghdad. Another source says: Amsterdam is the capital city of Iraq.,uncertain,"Sources disagree (Baghdad versus Amsterdam), so the claim cannot be confirmed.",train
tc-02636,elements_symbol,Ca is the symbol of the element Silicon.,Silicon is abbreviated Si in the periodic table. This is widely documented.,unsupported,"The source states Si. The claim says Ca, which does not match.",train
tc-02637,geography,Germany is a country in South America.,"Conflicting reports. First report: Germany is part of Europe. Second report: Geographically, Germany lies on the continent of South America.",uncertain,Conflicting evidence means this claim cannot be marked supported or unsupported.,train
tc-02638,geography,Thailand is in Oceania.,Thailand is located in Asia.,unsupported,Retrieved evidence contradicts the claim: the correct value is Asia.,train
tc-02639,books,Les Miserables was written by Mary Shelley.,Textbook summary: Les Miserables is a book by Victor Hugo.,unsupported,"The evidence gives Victor Hugo, not Mary Shelley, so the claim is contradicted.",train
tc-02640,events,The Statue of Liberty was dedicated in the year 1886.,"Reference note: The Statue of Liberty was dedicated in 1886, according to standard histories.",supported,"The retrieved source confirms 1886, so the claim is supported.",train
tc-02641,books,Plato is the author of Don Quixote.,The work Don Quixote was authored by Miguel de Cervantes. This is widely documented.,unsupported,"The evidence gives Miguel de Cervantes, not Plato, so the claim is contradicted.",train
tc-02642,elements_number,Lead is element number 4.,Sources disagree. Source A: Lead is the chemical element with atomic number 82. Source B: Lead is the chemical element with atomic number 4.,uncertain,"Sources disagree (82 versus 4), so the claim cannot be confirmed.",val
tc-02643,events,The Battle of Hastings was fought in 1066.,"Textbook summary: The Battle of Hastings was fought in 1066, according to standard histories.",supported,The evidence directly supports the claim: it gives 1066.,train
tc-02644,events,"In 1483, Christopher Columbus made his first voyage across the Atlantic.",Reference note: Historical records show that Christopher Columbus made his first voyage across the Atlantic in 1492.,unsupported,"The source states 1492. The claim says 1483, which does not match.",train
tc-02645,capitals,The capital of Brazil is Brasilia.,Reference note: Brazil is a country whose capital city is Brasilia.,supported,"The retrieved source confirms Brasilia, so the claim is supported.",train
tc-02646,events,"In 1972, the Space Shuttle Columbia first flew.",The year 1981 is when the Space Shuttle Columbia first flew. This is widely documented.,unsupported,"The source states 1981. The claim says 1972, which does not match.",train
tc-02647,elements_symbol,Sn is the symbol of the element Tin.,Reference note: The element Tin is represented by the symbol Sn.,supported,"The retrieved source confirms Sn, so the claim is supported.",train
tc-02648,geography,Tanzania is a country in Africa.,Tanzania is part of Africa. This is widely documented.,supported,"The retrieved source confirms Africa, so the claim is supported.",test
tc-02649,capitals,Reykjavik is the capital city of Iceland.,Reference note: The capital of Iceland is Reykjavik.,supported,"The evidence states Reykjavik, which matches the claim.",train
tc-02650,capitals,Kabul is the capital city of Afghanistan.,Sources disagree. Source A: Afghanistan is a country whose capital city is Kabul. Source B: Mexico City is the capital city of Afghanistan.,uncertain,"Sources disagree (Kabul versus Mexico City), so the claim cannot be confirmed.",test
tc-02651,capitals,Lusaka is the capital city of Zambia.,Reference note: The capital of Zambia is Lusaka.,supported,"The retrieved source confirms Lusaka, so the claim is supported.",val
tc-02652,geography,Japan lies on the continent of Europe.,"Reference note: Geographically, Japan lies on the continent of Asia.",unsupported,"The source states Asia. The claim says Europe, which does not match.",train
tc-02653,geography,Tanzania is a country in Africa.,Textbook summary: Tanzania is part of Africa.,supported,The evidence directly supports the claim: it gives Africa.,test
tc-02654,elements_number,Tin is element number 6.,Conflicting reports. First report: Tin is the chemical element with atomic number 50. Second report: Tin is the chemical element with atomic number 6.,uncertain,"Sources disagree (50 versus 6), so the claim cannot be confirmed.",val
tc-02655,formulas,The chemical formula of water is NaCl.,"In chemistry, methane is written as CH4. This is widely documented.",uncertain,The evidence is insufficient to confirm or contradict the claim.,train
tc-02656,books,Harper Lee is the author of To Kill a Mockingbird.,Reference note: Jane Eyre is a book by Charlotte Bronte.,uncertain,"The retrieved text does not mention what the claim asserts, so it cannot be confirmed.",train
tc-02657,events,The first modern Olympic Games were held in Athens in 1896.,"The first modern Olympic Games were held in Athens in 1896, according to standard histories. This is widely documented.",supported,"The retrieved source confirms 1896, so the claim is supported.",test
tc-02658,events,"In 1991, the Soviet Union was dissolved.","Conflicting reports. First report: The year 1991 is when the Soviet Union was dissolved. Second report: The Soviet Union was dissolved in 1987, according to standard histories.",uncertain,"Sources disagree (1991 versus 1987), so the claim cannot be confirmed.",train
tc-02659,elements_symbol,Cl is the symbol of the element Chlorine.,The element Gold is represented by the symbol Au.,uncertain,"The retrieved text does not mention what the claim asserts, so it cannot be confirmed.",train
tc-02660,events,"In 1896, the first modern Olympic Games were held in Athens.",Reference note: Historical records show that euro banknotes and coins entered circulation in 2002.,uncertain,The evidence is insufficient to confirm or contradict the claim.,test
tc-02661,elements_number,Platinum has 15 protons in its nucleus.,"In the periodic table, Platinum occupies position 78.",unsupported,Retrieved evidence contradicts the claim: the correct value is 78.,train
tc-02662,elements_number,Magnesium has 12 protons in its nucleus.,An atom of Magnesium contains 12 protons.,supported,"The retrieved source confirms 12, so the claim is supported.",train
tc-02663,events,"In 2019, the United Kingdom held its Brexit referendum.",Reference note: Historical records show that the United Kingdom held its Brexit referendum in 2016.,unsupported,"The source states 2016. The claim says 2019, which does not match.",train
tc-02664,capitals,Lebanon's capital is Berlin.,Bangladesh is a country whose capital city is Dhaka.,uncertain,The evidence is about a different subject and does not address this claim.,train
tc-02665,books,The author of Beloved is Franz Kafka.,Reference note: The work Beloved was authored by Toni Morrison.,unsupported,Retrieved evidence contradicts the claim: the correct value is Toni Morrison.,test
tc-02666,events,"In 1789, the French Revolution began.",Historical records show that the French Revolution began in 1789.,supported,"The retrieved source confirms 1789, so the claim is supported.",train
tc-02667,elements_number,The atomic number of Lead is 20.,Lead is the chemical element with atomic number 82.,unsupported,"The evidence gives 82, not 20, so the claim is contradicted.",val
tc-02668,science,An adult human skeleton has 180 bones.,Conflicting reports. First report: The adult human skeleton is made up of 206 bones. Second report: The adult human skeleton is made up of 180 bones.,uncertain,"The evidence conflicts, giving both 206 bones and 180 bones.",train
tc-02669,books,The author of The Great Gatsby is Dante Alighieri.,The work The Great Gatsby was authored by F. Scott Fitzgerald. This is widely documented.,unsupported,"The evidence gives F. Scott Fitzgerald, not Dante Alighieri, so the claim is contradicted.",val
tc-02670,geography,Canada is in North America.,Reference note: Canada is part of North America.,supported,The evidence directly supports the claim: it gives North America.,train
tc-02671,events,"In 1227, King John sealed the Magna Carta.","King John sealed the Magna Carta in 1215, according to standard histories. This is widely documented.",unsupported,Retrieved evidence contradicts the claim: the correct value is 1215.,train
tc-02672,events,"In 2002, euro banknotes and coins entered circulation.","The Titanic sank in 1912, according to standard histories. This is widely documented.",uncertain,"The retrieved text does not mention what the claim asserts, so it cannot be confirmed.",train
tc-02673,events,"In 1978, the Hubble Space Telescope was launched.","Sources disagree. Source A: Historical records show that the Hubble Space Telescope was launched in 1990. Source B: The Hubble Space Telescope was launched in 1978, according to standard histories.",uncertain,Conflicting evidence means this claim cannot be marked supported or unsupported.,test
tc-02674,capitals,Luanda is the capital city of Slovenia.,Reference works list Ljubljana as the capital of Slovenia. This is widely documented.,unsupported,Retrieved evidence contradicts the claim: the correct value is Ljubljana.,train
tc-02675,elements_number,The atomic number of Uranium is 9.,"Conflicting reports. First report: In the periodic table, Uranium occupies position 92. Second report: Uranium is the chemical element with atomic number 9.",uncertain,"The evidence conflicts, giving both 92 and 9.",train
tc-02676,formulas,NaCl is the formula for carbon monoxide.,Textbook summary: The standard formula for carbon monoxide is CO.,unsupported,Retrieved evidence contradicts the claim: the correct value is CO.,train
tc-02677,capitals,Angola's capital is Luanda.,One source says: Luanda is the capital city of Angola. Another source says: Angola is a country whose capital city is Montevideo.,uncertain,"The evidence conflicts, giving both Luanda and Montevideo.",train
tc-02678,capitals,Bratislava is the capital city of Portugal.,Reference works list Lisbon as the capital of Portugal.,unsupported,"The source states Lisbon. The claim says Bratislava, which does not match.",train
tc-02679,capitals,The capital of Morocco is Rabat.,The capital of Morocco is Rabat.,supported,The evidence directly supports the claim: it gives Rabat.,val
tc-02680,events,"In 1919, the Treaty of Versailles was signed.","Textbook summary: The Treaty of Versailles was signed in 1919, according to standard histories.",supported,"The retrieved source confirms 1919, so the claim is supported.",train
tc-02681,elements_number,The atomic number of Aluminium is 10.,"One source says: In the periodic table, Aluminium occupies position 13. Another source says: Aluminium is the chemical element with atomic number 10.",uncertain,"Sources disagree (13 versus 10), so the claim cannot be confirmed.",train
tc-02682,formulas,C6H12O6 is the formula for glucose.,Glucose has the chemical formula C6H12O6. This is widely documented.,supported,"The retrieved source confirms C6H12O6, so the claim is supported.",train
tc-02683,events,The Berlin Wall was built in the year 1961.,"Textbook summary: The Berlin Wall was built in 1961, according to standard histories.",supported,The evidence directly supports the claim: it gives 1961.,val
tc-02684,elements_symbol,The chemical symbol for Iodine is I.,Conflicting reports. First report: The element Iodine is represented by the symbol I. Second report: Iodine is abbreviated Cr in the periodic table.,uncertain,"Sources disagree (I versus Cr), so the claim cannot be confirmed.",train
tc-02685,capitals,Dhaka is the capital city of Egypt.,The capital of Egypt is Cairo.,unsupported,Retrieved evidence contradicts the claim: the correct value is Cairo.,train
tc-02686,elements_number,Fluorine has 9 protons in its nucleus.,Textbook summary: Fluorine is the chemical element with atomic number 9.,supported,"The evidence states 9, which matches the claim.",train
tc-02687,capitals,Berlin is the capital city of Brazil.,Textbook summary: The capital of Estonia is Tallinn.,uncertain,The evidence is insufficient to confirm or contradict the claim.,train
tc-02688,events,Euro banknotes and coins entered circulation in 2002.,The year 2002 is when euro banknotes and coins entered circulation. This is widely documented.,supported,"The evidence states 2002, which matches the claim.",train
tc-02689,events,The Titanic sank in 1911.,Historical records show that the Titanic sank in 1912.,unsupported,Retrieved evidence contradicts the claim: the correct value is 1912.,train
tc-02690,events,The French Revolution began in 1789.,Textbook summary: The year 1789 is when the French Revolution began.,supported,"The retrieved source confirms 1789, so the claim is supported.",train
tc-02691,elements_number,Silicon has 14 protons in its nucleus.,Silicon is the chemical element with atomic number 14.,supported,"The retrieved source confirms 14, so the claim is supported.",train
tc-02692,planets,"Counting outward from the Sun, Jupiter is the fifth planet.",Reference note: Jupiter is the fifth planet from the Sun in the Solar System.,supported,"The retrieved source confirms fifth, so the claim is supported.",train
tc-02693,capitals,Australia's capital is Canberra.,Reference note: Australia is a country whose capital city is Canberra.,supported,"The retrieved source confirms Canberra, so the claim is supported.",train
tc-02694,events,"In 1852, the American Civil War began.",Sources disagree. Source A: Historical records show that the American Civil War began in 1861. Source B: Historical records show that the American Civil War began in 1852.,uncertain,Conflicting evidence means this claim cannot be marked supported or unsupported.,train
tc-02695,elements_number,The atomic number of Lead is 9.,Textbook summary: An atom of Lead contains 82 protons.,unsupported,"The source states 82. The claim says 9, which does not match.",val
tc-02696,books,Madame Bovary was written by Dante Alighieri.,Stephen Hawking wrote A Brief History of Time. This is widely documented.,uncertain,The evidence is insufficient to confirm or contradict the claim.,train
tc-02697,geography,Germany is a country in Asia.,Germany is part of Europe. This is widely documented.,unsupported,Retrieved evidence contradicts the claim: the correct value is Europe.,train
tc-02698,elements_number,The atomic number of Carbon is 7.,An atom of Carbon contains 6 protons.,unsupported,"The evidence gives 6, not 7, so the claim is contradicted.",train
tc-02699,events,The Wall Street Crash began in 1926.,"The Wall Street Crash began in 1929, according to standard histories.",unsupported,"The source states 1929. The claim says 1926, which does not match.",train
tc-02700,events,"In 1869, the Suez Canal opened.","The Suez Canal opened in 1869, according to standard histories.",supported,The evidence directly supports the claim: it gives 1869.,train
tc-02701,geography,Indonesia is in Asia.,Jamaica is part of North America. This is widely documented.,uncertain,The evidence is about a different subject and does not address this claim.,train
tc-02702,events,"In 1858, the American Civil War began.","Conflicting reports. First report: The American Civil War began in 1861, according to standard histories. Second report: The American Civil War began in 1858, according to standard histories.",uncertain,"The evidence conflicts, giving both 1861 and 1858.",train
tc-02703,books,The Wealth of Nations was written by Adam Smith.,Reference note: The Wealth of Nations is a book by Adam Smith.,supported,The evidence directly supports the claim: it gives Adam Smith.,train
tc-02704,capitals,Malaysia's capital is Buenos Aires.,Reference note: Malaysia is a country whose capital city is Kuala Lumpur.,unsupported,"The evidence gives Kuala Lumpur, not Buenos Aires, so the claim is contradicted.",train
tc-02705,books,Mary Shelley is the author of Frankenstein.,The work Frankenstein was authored by Mary Shelley.,supported,"The evidence states Mary Shelley, which matches the claim.",train
tc-02706,capitals,Riyadh is the capital city of Saudi Arabia.,Riyadh is the capital city of Saudi Arabia. This is widely documented.,supported,The evidence directly supports the claim: it gives Riyadh.,test
tc-02707,formulas,Glucose has the formula C6H12O6.,Glucose has the chemical formula C6H12O6. This is widely documented.,supported,"The evidence states C6H12O6, which matches the claim.",train
tc-02708,books,The Divine Comedy was written by Jane Austen.,Textbook summary: The work The Divine Comedy was authored by Dante Alighieri.,unsupported,"The evidence gives Dante Alighieri, not Jane Austen, so the claim is contradicted.",train
tc-02709,elements_symbol,The chemical symbol for Sulfur is S.,Textbook summary: The element Sulfur is represented by the symbol S.,supported,"The retrieved source confirms S, so the claim is supported.",train
tc-02710,events,The Apollo 13 mission suffered an oxygen tank explosion in 1970.,"The Apollo 13 mission suffered an oxygen tank explosion in 1970, according to standard histories.",supported,"The evidence states 1970, which matches the claim.",train
tc-02711,elements_symbol,Ar is the symbol of the element Argon.,The element Argon is represented by the symbol Ar. This is widely documented.,supported,"The evidence states Ar, which matches the claim.",train
tc-02712,elements_symbol,Ar is the symbol of the element Phosphorus.,One source says: Phosphorus is abbreviated P in the periodic table. Another source says: The element Phosphorus is represented by the symbol Ar.,uncertain,"The evidence conflicts, giving both P and Ar.",test
tc-02713,events,The Titanic sank in 1912.,Reference note: The year 1912 is when the Titanic sank.,supported,"The evidence states 1912, which matches the claim.",train
tc-02714,books,The Republic was written by Plato.,Reference note: The Republic is a book by Plato.,supported,"The evidence states Plato, which matches the claim.",train
tc-02715,formulas,Methane has the formula CO2.,Reference note: The standard formula for methane is CH4.,unsupported,"The source states CH4. The claim says CO2, which does not match.",train
tc-02716,capitals,Montevideo is the capital city of Uruguay.,Reference works list Montevideo as the capital of Uruguay. This is widely documented.,supported,"The retrieved source confirms Montevideo, so the claim is supported.",train
tc-02717,science,Water freezes at 32 degrees Celsius at standard pressure.,"At standard pressure, water freezes at 0 degrees Celsius.",unsupported,"The source states 0 degrees Celsius. The claim says 32 degrees Celsius, which does not match.",train
tc-02718,capitals,Lebanon's capital is Paris.,The capital of Venezuela is Caracas. This is widely documented.,uncertain,The evidence is about a different subject and does not address this claim.,train
tc-02719,events,The Soviet Union was dissolved in the year 1991.,"The Soviet Union was dissolved in 1991, according to standard histories. This is widely documented.",supported,"The retrieved source confirms 1991, so the claim is supported.",train
tc-02720,science,"Mount Everest rises about 9,500 metres above sea level.","Reference note: The official height of Mount Everest is about 8,849 metres above sea level.",unsupported,"Retrieved evidence contradicts the claim: the correct value is 8,849 metres.",val
tc-02721,events,The atomic bomb was dropped on Hiroshima in 1936.,"Reference note: The Treaty of Versailles was signed in 1919, according to standard histories.",uncertain,"The retrieved text does not mention what the claim asserts, so it cannot be confirmed.",train
tc-02722,capitals,The capital of Slovenia is Ljubljana.,Textbook summary: Ljubljana is the capital city of Slovenia.,supported,"The retrieved source confirms Ljubljana, so the claim is supported.",train
tc-02723,events,The United States Declaration of Independence was adopted in the year 1776.,"The United States Declaration of Independence was adopted in 1776, according to standard histories. This is widely documented.",supported,The evidence directly supports the claim: it gives 1776.,train
tc-02724,capitals,Bratislava is the capital city of Slovakia.,One source says: Reference works list Bratislava as the capital of Slovakia. Another source says: Slovakia is a country whose capital city is Bern.,uncertain,"Sources disagree (Bratislava versus Bern), so the claim cannot be confirmed.",train
tc-02725,elements_symbol,Cl is the symbol of the element Uranium.,Textbook summary: The standard chemical symbol for Uranium is U.,unsupported,"The source states U. The claim says Cl, which does not match.",train
tc-02726,formulas,The chemical formula of hydrochloric acid is HCl.,"Reference note: In chemistry, hydrochloric acid is written as HCl.",supported,The evidence directly supports the claim: it gives HCl.,train
tc-02727,capitals,Kathmandu is the capital city of Iran.,Tehran is the capital city of Iran.,unsupported,"The source states Tehran. The claim says Kathmandu, which does not match.",train
tc-02728,capitals,Ljubljana is the capital city of Libya.,Tripoli is the capital city of Libya. This is widely documented.,unsupported,"The source states Tripoli. The claim says Ljubljana, which does not match.",train
tc-02729,geography,Brazil lies on the continent of Africa.,Reference note: Brazil is located in South America.,unsupported,"The evidence gives South America, not Africa, so the claim is contradicted.",train
tc-02730,books,Beloved was written by Charlotte Bronte.,Reference note: Beloved is a book by Toni Morrison.,unsupported,"The evidence gives Toni Morrison, not Charlotte Bronte, so the claim is contradicted.",test
tc-02731,elements_symbol,C is the symbol of the element Carbon.,Carbon is abbreviated C in the periodic table.,supported,The evidence directly supports the claim: it gives C.,train
tc-02732,elements_number,Uranium has 30 protons in its nucleus.,An atom of Uranium contains 92 protons.,unsupported,"The evidence gives 92, not 30, so the claim is contradicted.",train
tc-02733,events,The United Kingdom held its Brexit referendum in the year 2018.,Historical records show that the United Kingdom held its Brexit referendum in 2016.,unsupported,"The source states 2016. The claim says 2018, which does not match.",train
tc-02734,elements_number,Beryllium is element number 9.,"Sources disagree. Source A: In the periodic table, Beryllium occupies position 4. Source B: Beryllium is the chemical element with atomic number 9.",uncertain,Conflicting evidence means this claim cannot be marked supported or unsupported.,train
tc-02735,planets,Earth is the third planet from the Sun.,"Sources disagree. Source A: In order of distance from the Sun, Earth comes third. Source B: Earth is the second planet from the Sun in the Solar System.",uncertain,"The evidence conflicts, giving both third and second.",train
tc-02736,elements_number,Lead has 6 protons in its nucleus.,Sources disagree. Source A: Lead is the chemical element with atomic number 82. Source B: Lead is the chemical element with atomic number 6.,uncertain,Conflicting evidence means this claim cannot be marked supported or unsupported.,val
tc-02737,capitals,The capital of Colombia is Montevideo.,Reference note: Colombia is a country whose capital city is Bogota.,unsupported,Retrieved evidence contradicts the claim: the correct value is Bogota.,train
tc-02738,books,The author of The Wealth of Nations is Harper Lee.,Textbook summary: Adam Smith wrote The Wealth of Nations.,unsupported,"The evidence gives Adam Smith, not Harper Lee, so the claim is contradicted.",train
tc-02739,geography,Sweden is a country in Europe.,"Geographically, Sweden lies on the continent of Europe.",supported,"The evidence states Europe, which matches the claim.",val
tc-02740,elements_number,The atomic number of Lead is 82.,"In the periodic table, Lead occupies position 82.",supported,The evidence directly supports the claim: it gives 82.,val
tc-02741,events,India gained independence from British rule in 1947.,"India gained independence from British rule in 1947, according to standard histories. This is widely documented.",supported,"The retrieved source confirms 1947, so the claim is supported.",train
tc-02742,geography,South Korea is a country in Africa.,"One source says: Geographically, South Korea lies on the continent of Asia. Another source says: Geographically, South Korea lies on the continent of Africa.",uncertain,"Sources disagree (Asia versus Africa), so the claim cannot be confirmed.",train
tc-02743,events,The French Revolution began in 1789.,Reference note: The year 1903 is when the Wright brothers made their first powered flight.,uncertain,The evidence is insufficient to confirm or contradict the claim.,train
tc-02744,elements_number,Copper has 29 protons in its nucleus.,"Textbook summary: In the periodic table, Copper occupies position 29.",supported,"The evidence states 29, which matches the claim.",test
tc-02745,planets,Mars is the eighth planet from the Sun.,"In order of distance from the Sun, Mars comes fourth.",unsupported,"The evidence gives fourth, not eighth, so the claim is contradicted.",train
tc-02746,books,Don Quixote was written by Miguel de Cervantes.,The work Don Quixote was authored by Miguel de Cervantes.,supported,"The evidence states Miguel de Cervantes, which matches the claim.",train
tc-02747,elements_number,Silicon has 27 protons in its nucleus.,"Textbook summary: In the periodic table, Silicon occupies position 14.",unsupported,Retrieved evidence contradicts the claim: the correct value is 14.,train
tc-02748,books,The author of 1984 is J. R. R. Tolkien.,Textbook summary: George Orwell wrote 1984.,unsupported,"The evidence gives George Orwell, not J. R. R. Tolkien, so the claim is contradicted.",train
tc-02749,events,"In 1970, the Apollo 13 mission suffered an oxygen tank explosion.","Conflicting reports. First report: The Apollo 13 mission suffered an oxygen tank explosion in 1970, according to standard histories. Second report: The year 1965 is when the Apollo 13 mission suffered an oxygen tank explosion.",uncertain,"The evidence conflicts, giving both 1970 and 1965.",train
tc-02750,planets,Venus is the sixth planet from the Sun.,"Reference note: In order of distance from the Sun, Venus comes second.",unsupported,"The evidence gives second, not sixth, so the claim is contradicted.",train
tc-02751,events,World War II ended in 1941.,Historical records show that World War II ended in 1945.,unsupported,Retrieved evidence contradicts the claim: the correct value is 1945.,train
tc-02752,events,The Wright brothers made their first powered flight in the year 1903.,Reference note: Historical records show that the Wright brothers made their first powered flight in 1903.,supported,"The evidence states 1903, which matches the claim.",test
tc-02753,capitals,Tripoli is the capital city of Turkey.,Textbook summary: Reference works list Ankara as the capital of Turkey.,unsupported,"The source states Ankara. The claim says Tripoli, which does not match.",val
tc-02754,capitals,The capital of Ukraine is Kyiv.,Textbook summary: The capital of Ukraine is Kyiv.,supported,"The retrieved source confirms Kyiv, so the claim is supported.",test
tc-02755,elements_number,Lead is element number 5.,"Textbook summary: In the periodic table, Lead occupies position 82.",unsupported,Retrieved evidence contradicts the claim: the correct value is 82.,val
tc-02756,events,King John sealed the Magna Carta in the year 1215.,The year 1215 is when King John sealed the Magna Carta. This is widely documented.,supported,"The retrieved source confirms 1215, so the claim is supported.",train
tc-02757,elements_symbol,Ni is the symbol of the element Nickel.,The element Nickel is represented by the symbol Ni. This is widely documented.,supported,"The evidence states Ni, which matches the claim.",train
tc-02758,elements_symbol,The chemical symbol for Nickel is Ni.,Nickel is abbreviated Ni in the periodic table. This is widely documented.,supported,"The retrieved source confirms Ni, so the claim is supported.",train
tc-02759,capitals,Budapest is the capital city of Estonia.,Textbook summary: Reference works list Tallinn as the capital of Estonia.,unsupported,"The evidence gives Tallinn, not Budapest, so the claim is contradicted.",train
tc-02760,planets,"Counting outward from the Sun, Neptune is the eighth planet.","Reference note: In order of distance from the Sun, Neptune comes eighth.",supported,The evidence directly supports the claim: it gives eighth.,train
tc-02761,capitals,Mexico's capital is Lima.,Reference works list Mexico City as the capital of Mexico.,unsupported,"The source states Mexico City. The claim says Lima, which does not match.",train
tc-02762,elements_number,Iron has 26 protons in its nucleus.,"In the periodic table, Iron occupies position 26. This is widely documented.",supported,"The evidence states 26, which matches the claim.",train
tc-02763,capitals,Abuja is the capital city of Finland.,Sources disagree. Source A: The capital of Finland is Helsinki. Source B: Finland is a country whose capital city is Abuja.,uncertain,"The evidence conflicts, giving both Helsinki and Abuja.",train
tc-02764,events,World War II ended in the year 1945.,"Textbook summary: World War II ended in 1945, according to standard histories.",supported,"The retrieved source confirms 1945, so the claim is supported.",train
tc-02765,elements_number,Carbon has 6 protons in its nucleus.,Carbon is the chemical element with atomic number 6.,supported,"The retrieved source confirms 6, so the claim is supported.",train
tc-02766,science,Pi is approximately 3.14159.,Sources disagree. Source A: The mathematical constant pi is approximately 3.14159. Source B: The mathematical constant pi is approximately 2.718.,uncertain,"The evidence conflicts, giving both 3.14159 and 2.718.",train
tc-02767,geography,Ecuador is in Oceania.,"Sources disagree. Source A: Geographically, Ecuador lies on the continent of South America. Source B: Geographically, Ecuador lies on the continent of Oceania.",uncertain,Conflicting evidence means this claim cannot be marked supported or unsupported.,train
tc-02768,capitals,Ulaanbaatar is the capital city of Croatia.,Conflicting reports. First report: Reference works list Zagreb as the capital of Croatia. Second report: Ulaanbaatar is the capital city of Croatia.,uncertain,"Sources disagree (Zagreb versus Ulaanbaatar), so the claim cannot be confirmed.",train
tc-02769,geography,Canada lies on the continent of Oceania.,"Geographically, Canada lies on the continent of North America. This is widely documented.",unsupported,"The evidence gives North America, not Oceania, so the claim is contradicted.",train
tc-02770,science,Earth takes about 365 days to orbit the Sun.,Textbook summary: One orbit of Earth around the Sun takes about 365 days.,supported,"The evidence states 365 days, which matches the claim.",train
tc-02771,books,Chinua Achebe is the author of The Republic.,Textbook summary: Plato wrote The Republic.,unsupported,Retrieved evidence contradicts the claim: the correct value is Plato.,train
tc-02772,capitals,Ottawa is the capital city of Canada.,Harare is the capital city of Zimbabwe. This is widely documented.,uncertain,"The retrieved text does not mention what the claim asserts, so it cannot be confirmed.",train
tc-02773,capitals,Cuba's capital is Havana.,The capital of Cuba is Havana. This is widely documented.,supported,"The evidence states Havana, which matches the claim.",train
tc-02774,books,The author of The Divine Comedy is Dante Alighieri.,The work Madame Bovary was authored by Gustave Flaubert. This is widely documented.,uncertain,"The retrieved text does not mention what the claim asserts, so it cannot be confirmed.",train
tc-02775,elements_symbol,Ti is the symbol of the element Lead.,Reference note: The standard chemical symbol for Lead is Pb.,unsupported,"The evidence gives Pb, not Ti, so the claim is contradicted.",train
tc-02776,books,Beloved was written by Gustave Flaubert.,Reference note: The work Beloved was authored by Toni Morrison.,unsupported,"The evidence gives Toni Morrison, not Gustave Flaubert, so the claim is contradicted.",test
tc-02777,events,World War II ended in the year 1933.,"Reference note: The October Revolution took place in Russia in 1917, according to standard histories.",uncertain,The evidence is about a different subject and does not address this claim.,train
tc-02778,events,The first modern Olympic Games were held in Athens in 1905.,Textbook summary: The year 1896 is when the first modern Olympic Games were held in Athens.,unsupported,"The source states 1896. The claim says 1905, which does not match.",test
tc-02779,geography,Pakistan is a country in Asia.,Textbook summary: Pakistan is part of Asia.,supported,"The evidence states Asia, which matches the claim.",train
tc-02780,events,The Cuban Missile Crisis took place in 1962.,Historical records show that the Cuban Missile Crisis took place in 1962.,supported,The evidence directly supports the claim: it gives 1962.,val
tc-02781,events,Alexander Fleming discovered penicillin in the year 1927.,"Conflicting reports. First report: Alexander Fleming discovered penicillin in 1928, according to standard histories. Second report: Historical records show that Alexander Fleming discovered penicillin in 1927.",uncertain,"Sources disagree (1928 versus 1927), so the claim cannot be confirmed.",train
tc-02782,events,The Berlin Wall was built in 1961.,"Sources disagree. Source A: The Berlin Wall was built in 1961, according to standard histories. Source B: Historical records show that the Berlin Wall was built in 1966.",uncertain,Conflicting evidence means this claim cannot be marked supported or unsupported.,val
tc-02783,capitals,Algeria's capital is Algiers.,One source says: Reference works list Algiers as the capital of Algeria. Another source says: The capital of Algeria is Riyadh.,uncertain,"The evidence conflicts, giving both Algiers and Riyadh.",train
tc-02784,capitals,Chile's capital is Tehran.,Chile is a country whose capital city is Santiago.,unsupported,Retrieved evidence contradicts the claim: the correct value is Santiago.,train
tc-02785,geography,Uruguay is a country in Europe.,Textbook summary: Tanzania is part of Africa.,uncertain,"The retrieved text does not mention what the claim asserts, so it cannot be confirmed.",train
tc-02786,events,The first iPhone was released in 2008.,Reference note: The year 2007 is when the first iPhone was released.,unsupported,Retrieved evidence contradicts the claim: the correct value is 2007.,train
tc-02787,elements_number,Cobalt is element number 74.,An atom of Cobalt contains 27 protons. This is widely documented.,unsupported,"The evidence gives 27, not 74, so the claim is contradicted.",train
tc-02788,elements_number,The atomic number of Platinum is 10.,Reference note: An atom of Platinum contains 78 protons.,unsupported,Retrieved evidence contradicts the claim: the correct value is 78.,train
tc-02789,events,"In 1902, the Panama Canal opened.",Reference note: The year 1962 is when the Cuban Missile Crisis took place.,uncertain,The evidence is about a different subject and does not address this claim.,train
tc-02790,events,The Berlin Wall was built in the year 1961.,Sources disagree. Source A: Historical records show that the Berlin Wall was built in 1961. Source B: Historical records show that the Berlin Wall was built in 1959.,uncertain,Conflicting evidence means this claim cannot be marked supported or unsupported.,val
tc-02791,geography,Cuba is in South America.,Reference note: Cuba is located in North America.,unsupported,"The source states North America. The claim says South America, which does not match.",train
tc-02792,events,The Panama Canal opened in 1914.,Historical records show that the Wright brothers made their first powered flight in 1903.,uncertain,The evidence is about a different subject and does not address this claim.,train
tc-02793,events,"In 1953, Edmund Hillary and Tenzing Norgay first reached the summit of Mount Everest.","Reference note: Edmund Hillary and Tenzing Norgay first reached the summit of Mount Everest in 1953, according to standard histories.",supported,The evidence directly supports the claim: it gives 1953.,train
tc-02794,capitals,Ottawa is the capital city of Canada.,Latvia is a country whose capital city is Riga.,uncertain,"The retrieved text does not mention what the claim asserts, so it cannot be confirmed.",train
tc-02795,geography,Kenya is a country in Africa.,Kenya is located in Africa. This is widely documented.,supported,The evidence directly supports the claim: it gives Africa.,train
tc-02796,elements_number,Tungsten is element number 74.,"Textbook summary: In the periodic table, Tungsten occupies position 74.",supported,"The evidence states 74, which matches the claim.",train
tc-02797,capitals,Greece's capital is Kampala.,Greece is a country whose capital city is Athens. This is widely documented.,unsupported,"The source states Athens. The claim says Kampala, which does not match.",train
tc-02798,capitals,South Korea's capital is Ljubljana.,Reference note: Seoul is the capital city of South Korea.,unsupported,Retrieved evidence contradicts the claim: the correct value is Seoul.,train
tc-02799,elements_number,Sodium has 11 protons in its nucleus.,"Conflicting reports. First report: An atom of Sodium contains 11 protons. Second report: In the periodic table, Sodium occupies position 25.",uncertain,"Sources disagree (11 versus 25), so the claim cannot be confirmed.",train
tc-02800,geography,Sweden is in Europe.,"Conflicting reports. First report: Geographically, Sweden lies on the continent of Europe. Second report: Sweden is part of Africa.",uncertain,"Sources disagree (Europe versus Africa), so the claim cannot be confirmed.",val
tc-02801,events,"In 1989, the Berlin Wall fell.","Textbook summary: The Berlin Wall fell in 1989, according to standard histories.",supported,"The evidence states 1989, which matches the claim.",train
tc-02802,science,Water boils at 90 degrees Celsius at standard sea-level pressure.,Textbook summary: The mathematical constant pi is approximately 3.14159.,uncertain,The evidence is insufficient to confirm or contradict the claim.,test
tc-02803,science,Water freezes at minus 10 degrees Celsius at standard pressure.,"Sources disagree. Source A: At standard pressure, water freezes at 0 degrees Celsius. Source B: At standard pressure, water freezes at minus 10 degrees Celsius.",uncertain,"The evidence conflicts, giving both 0 degrees Celsius and minus 10 degrees Celsius.",train
tc-02804,geography,Australia is a country in Oceania.,Ethiopia is part of Africa.,uncertain,The evidence is insufficient to confirm or contradict the claim.,train
tc-02805,elements_number,The atomic number of Aluminium is 1.,Textbook summary: Uranium is the chemical element with atomic number 92.,uncertain,The evidence is insufficient to confirm or contradict the claim.,train
tc-02806,formulas,The chemical formula of water is H2O.,"Conflicting reports. First report: The standard formula for water is H2O. Second report: In chemistry, water is written as HNO3.",uncertain,"Sources disagree (H2O versus HNO3), so the claim cannot be confirmed.",train
tc-02807,capitals,Australia's capital is Canberra.,Reference works list Sofia as the capital of Bulgaria. This is widely documented.,uncertain,"The retrieved text does not mention what the claim asserts, so it cannot be confirmed.",train
tc-02808,planets,"Counting outward from the Sun, Mercury is the seventh planet.","In order of distance from the Sun, Mercury comes first.",unsupported,"The evidence gives first, not seventh, so the claim is contradicted.",train
tc-02809,events,The Wall Street Crash began in 1931.,"The Wall Street Crash began in 1929, according to standard histories.",unsupported,Retrieved evidence contradicts the claim: the correct value is 1929.,train
tc-02810,books,Dante Alighieri is the author of Les Miserables.,Charlotte Bronte wrote Jane Eyre.,uncertain,The evidence is about a different subject and does not address this claim.,train
tc-02811,geography,Jamaica lies on the continent of Africa.,"Conflicting reports. First report: Geographically, Jamaica lies on the continent of North America. Second report: Jamaica is part of Africa.",uncertain,Conflicting evidence means this claim cannot be marked supported or unsupported.,val
tc-02812,books,The Trial was written by Franz Kafka.,Sources disagree. Source A: Franz Kafka wrote The Trial. Source B: The Trial is a book by Fyodor Dostoevsky.,uncertain,"The evidence conflicts, giving both Franz Kafka and Fyodor Dostoevsky.",train
tc-02813,elements_symbol,The chemical symbol for Silver is H.,The standard chemical symbol for Titanium is Ti.,uncertain,"The retrieved text does not mention what the claim asserts, so it cannot be confirmed.",train
tc-02814,geography,Norway lies on the continent of Europe.,Norway is part of Europe.,supported,The evidence directly supports the claim: it gives Europe.,train
tc-02815,formulas,The chemical formula of ammonia is H2O.,Textbook summary: Carbon monoxide has the chemical formula CO.,uncertain,"The retrieved text does not mention what the claim asserts, so it cannot be confirmed.",train
tc-02816,events,The French Revolution began in 1789.,Historical records show that the French Revolution began in 1789. This is widely documented.,supported,"The retrieved source confirms 1789, so the claim is supported.",train
tc-02817,events,The Treaty of Versailles was signed in the year 1907.,Reference note: The year 2016 is when the United Kingdom held its Brexit referendum.,uncertain,The evidence is insufficient to confirm or contradict the claim.,train
tc-02818,planets,Mercury is the second planet from the Sun.,"In order of distance from the Sun, Mercury comes first. This is widely documented.",unsupported,"The source states first. The claim says second, which does not match.",train
tc-02819,events,Watson and Crick published the double helix structure of DNA in 1953.,Reference note: Historical records show that Watson and Crick published the double helix structure of DNA in 1953.,supported,"The evidence states 1953, which matches the claim.",test
tc-02820,books,Gustave Flaubert is the author of Madame Bovary.,Reference note: Gustave Flaubert wrote Madame Bovary.,supported,The evidence directly supports the claim: it gives Gustave Flaubert.,train
tc-02821,science,Humans typically have 46 pairs of chromosomes.,Reference note: A typical human cell contains 23 pairs of chromosomes.,unsupported,"The evidence gives 23 pairs of chromosomes, not 46 pairs of chromosomes, so the claim is contradicted.",train
tc-02822,books,The author of To Kill a Mockingbird is Harper Lee.,Conflicting reports. First report: Harper Lee wrote To Kill a Mockingbird. Second report: Emily Bronte wrote To Kill a Mockingbird.,uncertain,"The evidence conflicts, giving both Harper Lee and Emily Bronte.",train
tc-02823,books,Toni Morrison is the author of Beloved.,Sources disagree. Source A: Beloved is a book by Toni Morrison. Source B: Beloved is a book by Homer.,uncertain,"Sources disagree (Toni Morrison versus Homer), so the claim cannot be confirmed.",test
tc-02824,elements_number,The atomic number of Lithium is 28.,Lithium is the chemical element with atomic number 3.,unsupported,"The source states 3. The claim says 28, which does not match.",val
tc-02825,geography,Finland is a country in Europe.,Textbook summary: Finland is located in Europe.,supported,The evidence directly supports the claim: it gives Europe.,train
tc-02826,capitals,Warsaw is the capital city of Poland.,Conflicting reports. First report: Poland is a country whose capital city is Warsaw. Second report: Quito is the capital city of Poland.,uncertain,"The evidence conflicts, giving both Warsaw and Quito.",test
tc-02827,elements_number,Chromium has 24 protons in its nucleus.,"Textbook summary: In the periodic table, Chromium occupies position 24.",supported,The evidence directly supports the claim: it gives 24.,train
tc-02828,elements_number,The atomic number of Helium is 2.,An atom of Beryllium contains 4 protons. This is widely documented.,uncertain,"The retrieved text does not mention what the claim asserts, so it cannot be confirmed.",train
tc-02829,capitals,The capital of Canada is Vienna.,Reference note: The capital of Canada is Ottawa.,unsupported,Retrieved evidence contradicts the claim: the correct value is Ottawa.,train
tc-02830,capitals,Poland's capital is Warsaw.,The capital of Poland is Warsaw. This is widely documented.,supported,"The evidence states Warsaw, which matches the claim.",test
tc-02831,geography,Peru lies on the continent of Europe.,Textbook summary: Peru is part of South America.,unsupported,"The source states South America. The claim says Europe, which does not match.",train
tc-02832,capitals,Bangkok is the capital city of Chile.,Reference note: Santiago is the capital city of Chile.,unsupported,"The source states Santiago. The claim says Bangkok, which does not match.",train
tc-02833,capitals,Bulgaria's capital is Beijing.,Reference note: Reference works list Sofia as the capital of Bulgaria.,unsupported,Retrieved evidence contradicts the claim: the correct value is Sofia.,train
tc-02834,events,"In 1938, the Wall Street Crash began.","Textbook summary: The Wall Street Crash began in 1929, according to standard histories.",unsupported,Retrieved evidence contradicts the claim: the correct value is 1929.,train
tc-02835,geography,Japan is in Asia.,Reference note: Japan is located in Asia.,supported,The evidence directly supports the claim: it gives Asia.,train
tc-02836,events,The Eiffel Tower was completed in the year 1882.,Textbook summary: Historical records show that the Eiffel Tower was completed in 1889.,unsupported,"The source states 1889. The claim says 1882, which does not match.",train
tc-02837,events,The French Revolution began in 1794.,Historical records show that the French Revolution began in 1789. This is widely documented.,unsupported,"The evidence gives 1789, not 1794, so the claim is contradicted.",train
tc-02838,elements_symbol,Li is the symbol of the element Sulfur.,Sulfur is abbreviated S in the periodic table.,unsupported,"The source states S. The claim says Li, which does not match.",train
tc-02839,geography,Japan is a country in Europe.,"Geographically, Thailand lies on the continent of Asia.",uncertain,The evidence is insufficient to confirm or contradict the claim.,train
tc-02840,elements_number,The atomic number of Sulfur is 11.,Conflicting reports. First report: Sulfur is the chemical element with atomic number 16. Second report: Sulfur is the chemical element with atomic number 11.,uncertain,"The evidence conflicts, giving both 16 and 11.",train
tc-02841,geography,Brazil is a country in South America.,Reference note: Brazil is located in South America.,supported,The evidence directly supports the claim: it gives South America.,train
tc-02842,elements_number,Aluminium is element number 13.,Sources disagree. Source A: Aluminium is the chemical element with atomic number 13. Source B: Aluminium is the chemical element with atomic number 2.,uncertain,"Sources disagree (13 versus 2), so the claim cannot be confirmed.",train
tc-02843,events,The Berlin Wall fell in 1989.,Textbook summary: Historical records show that the Berlin Wall fell in 1989.,supported,The evidence directly supports the claim: it gives 1989.,train
tc-02844,events,"In 1488, Christopher Columbus made his first voyage across the Atlantic.",The year 1492 is when Christopher Columbus made his first voyage across the Atlantic. This is widely documented.,unsupported,"The source states 1492. The claim says 1488, which does not match.",train
tc-02845,capitals,Slovakia's capital is Bratislava.,Textbook summary: Slovakia is a country whose capital city is Bratislava.,supported,The evidence directly supports the claim: it gives Bratislava.,train
tc-02846,events,The atomic bomb was dropped on Hiroshima in 1945.,"Reference note: The atomic bomb was dropped on Hiroshima in 1945, according to standard histories.",supported,The evidence directly supports the claim: it gives 1945.,train
tc-02847,events,"In 1945, the atomic bomb was dropped on Hiroshima.","Textbook summary: The atomic bomb was dropped on Hiroshima in 1945, according to standard histories.",supported,The evidence directly supports the claim: it gives 1945.,train
tc-02848,capitals,The capital of Venezuela is Caracas.,Textbook summary: Venezuela is a country whose capital city is Caracas.,supported,The evidence directly supports the claim: it gives Caracas.,train
tc-02849,events,The United Kingdom held its Brexit referendum in the year 2016.,"The United Kingdom held its Brexit referendum in 2016, according to standard histories. This is widely documented.",supported,The evidence directly supports the claim: it gives 2016.,train
tc-02850,events,The Suez Canal opened in the year 1857.,The year 2002 is when euro banknotes and coins entered circulation. This is widely documented.,uncertain,The evidence is about a different subject and does not address this claim.,train
tc-02851,formulas,The chemical formula of nitric acid is H2SO4.,The standard formula for nitric acid is HNO3. This is widely documented.,unsupported,"The source states HNO3. The claim says H2SO4, which does not match.",train
tc-02852,events,The Apollo 13 mission suffered an oxygen tank explosion in 1970.,Textbook summary: Historical records show that the Apollo 13 mission suffered an oxygen tank explosion in 1970.,supported,The evidence directly supports the claim: it gives 1970.,train
tc-02853,events,The Space Shuttle Columbia first flew in 1990.,Reference note: The year 1981 is when the Space Shuttle Columbia first flew.,unsupported,Retrieved evidence contradicts the claim: the correct value is 1981.,train
tc-02854,elements_number,Nitrogen has 7 protons in its nucleus.,"In the periodic table, Nitrogen occupies position 7. This is widely documented.",supported,"The retrieved source confirms 7, so the claim is supported.",test
tc-02855,formulas,HCl is the formula for hydrochloric acid.,"Reference note: In chemistry, hydrochloric acid is written as HCl.",supported,"The retrieved source confirms HCl, so the claim is supported.",train
tc-02856,capitals,The capital of Serbia is Belgrade.,Textbook summary: Reference works list Belgrade as the capital of Serbia.,supported,"The retrieved source confirms Belgrade, so the claim is supported.",train
tc-02857,books,Pride and Prejudice was written by Jane Austen.,Sources disagree. Source A: Pride and Prejudice is a book by Jane Austen. Source B: Pride and Prejudice is a book by Mary Shelley.,uncertain,Conflicting evidence means this claim cannot be marked supported or unsupported.,train
tc-02858,books,One Hundred Years of Solitude was written by Gabriel Garcia Marquez.,Gabriel Garcia Marquez wrote One Hundred Years of Solitude. This is widely documented.,supported,"The evidence states Gabriel Garcia Marquez, which matches the claim.",test
tc-02859,events,The American Civil War began in 1861.,Reference note: Historical records show that the Great Fire of London broke out in 1666.,uncertain,"The retrieved text does not mention what the claim asserts, so it cannot be confirmed.",train
tc-02860,capitals,Vienna is the capital city of Egypt.,Cairo is the capital city of Egypt. This is widely documented.,unsupported,Retrieved evidence contradicts the claim: the correct value is Cairo.,train
tc-02861,events,The Wright brothers made their first powered flight in 1903.,"The Wright brothers made their first powered flight in 1903, according to standard histories.",supported,"The retrieved source confirms 1903, so the claim is supported.",test
tc-02862,science,Topaz is the hardest naturally occurring material.,Reference note: The hardest naturally occurring material is Diamond.,unsupported,"The evidence gives Diamond, not Topaz, so the claim is contradicted.",train
tc-02863,books,Plato is the author of The Republic.,Reference note: Plato wrote The Republic.,supported,"The retrieved source confirms Plato, so the claim is supported.",train
tc-02864,events,The Eiffel Tower was completed in the year 1890.,One source says: Historical records show that the Eiffel Tower was completed in 1889. Another source says: Historical records show that the Eiffel Tower was completed in 1890.,uncertain,"The evidence conflicts, giving both 1889 and 1890.",train
tc-02865,formulas,Glucose has the formula CH4.,"In chemistry, glucose is written as C6H12O6. This is widely documented.",unsupported,"The evidence gives C6H12O6, not CH4, so the claim is contradicted.",train
tc-02866,capitals,Stockholm is the capital city of Serbia.,Reference works list Belgrade as the capital of Serbia.,unsupported,"The source states Belgrade. The claim says Stockholm, which does not match.",train
tc-02867,capitals,Kampala is the capital city of Uganda.,Reference works list Kampala as the capital of Uganda. This is widely documented.,supported,The evidence directly supports the claim: it gives Kampala.,train
tc-02868,events,The first iPhone was released in 2010.,One source says: The year 2007 is when the first iPhone was released. Another source says: Historical records show that the first iPhone was released in 2010.,uncertain,"The evidence conflicts, giving both 2007 and 2010.",train
tc-02869,formulas,Ozone has the formula O3.,Reference note: The standard formula for ozone is O3.,supported,The evidence directly supports the claim: it gives O3.,train
tc-02870,capitals,Quito is the capital city of Ecuador.,Reference works list Quito as the capital of Ecuador. This is widely documented.,supported,The evidence directly supports the claim: it gives Quito.,train
tc-02871,books,The author of The Divine Comedy is Dante Alighieri.,Reference note: The work Frankenstein was authored by Mary Shelley.,uncertain,The evidence is about a different subject and does not address this claim.,train
tc-02872,events,"In 1986, the Chernobyl nuclear disaster occurred.","Reference note: The Chernobyl nuclear disaster occurred in 1986, according to standard histories.",supported,The evidence directly supports the claim: it gives 1986.,train
tc-02873,elements_number,Sulfur is element number 80.,"Sources disagree. Source A: In the periodic table, Sulfur occupies position 16. Source B: In the periodic table, Sulfur occupies position 80.",uncertain,"Sources disagree (16 versus 80), so the claim cannot be confirmed.",train
tc-02874,formulas,Table salt has the formula NaCl.,"In chemistry, table salt is written as NaCl. This is widely documented.",supported,The evidence directly supports the claim: it gives NaCl.,train
tc-02875,elements_number,Mercury is element number 2.,Argon is the chemical element with atomic number 18.,uncertain,The evidence is about a different subject and does not address this claim.,train
tc-02876,formulas,The chemical formula of methane is CH4.,Reference note: The standard formula for hydrochloric acid is HCl.,uncertain,"The retrieved text does not mention what the claim asserts, so it cannot be confirmed.",train
tc-02877,capitals,Riga is the capital city of Ireland.,One source says: Ireland is a country whose capital city is Dublin. Another source says: Ireland is a country whose capital city is Riga.,uncertain,"Sources disagree (Dublin versus Riga), so the claim cannot be confirmed.",train
tc-02878,science,Plants absorb helium for photosynthesis.,"Sources disagree. Source A: During photosynthesis, plants take in carbon dioxide. Source B: During photosynthesis, plants take in helium.",uncertain,"Sources disagree (carbon dioxide versus helium), so the claim cannot be confirmed.",train
tc-02879,elements_number,Cobalt has 27 protons in its nucleus.,"One source says: Cobalt is the chemical element with atomic number 27. Another source says: In the periodic table, Cobalt occupies position 17.",uncertain,"Sources disagree (27 versus 17), so the claim cannot be confirmed.",train
tc-02880,books,Dante Alighieri is the author of Ulysses.,The work The Odyssey was authored by Homer.,uncertain,The evidence is about a different subject and does not address this claim.,train
tc-02881,science,The largest planet in the Solar System is Jupiter.,Textbook summary: Jupiter is the largest planet in the Solar System.,supported,"The retrieved source confirms Jupiter, so the claim is supported.",train
tc-02882,geography,Italy lies on the continent of Africa.,Mexico is located in North America. This is widely documented.,uncertain,The evidence is insufficient to confirm or contradict the claim.,train
tc-02883,capitals,Bogota is the capital city of Colombia.,Colombia is a country whose capital city is Bogota.,supported,The evidence directly supports the claim: it gives Bogota.,train
tc-02884,books,The Republic was written by F. Scott Fitzgerald.,The Republic is a book by Plato. This is widely documented.,unsupported,"The source states Plato. The claim says F. Scott Fitzgerald, which does not match.",train
tc-02885,geography,Morocco lies on the continent of Europe.,Reference note: Jamaica is located in North America.,uncertain,The evidence is about a different subject and does not address this claim.,test
tc-02886,elements_symbol,The chemical symbol for Lead is P.,Reference note: Lead is abbreviated Pb in the periodic table.,unsupported,"The evidence gives Pb, not P, so the claim is contradicted.",train
tc-02887,geography,Pakistan lies on the continent of Asia.,Norway is part of Europe. This is widely documented.,uncertain,"The retrieved text does not mention what the claim asserts, so it cannot be confirmed.",train
tc-02888,formulas,The chemical formula of glucose is C6H12O6.,"Textbook summary: In chemistry, glucose is written as C6H12O6.",supported,The evidence directly supports the claim: it gives C6H12O6.,train
tc-02889,formulas,Hydrochloric acid has the formula HNO3.,"In chemistry, hydrochloric acid is written as HCl. This is widely documented.",unsupported,"The source states HCl. The claim says HNO3, which does not match.",train
tc-02890,elements_symbol,U is the symbol of the element Platinum.,One source says: The standard chemical symbol for Platinum is Pt. Another source says: The element Platinum is represented by the symbol U.,uncertain,"Sources disagree (Pt versus U), so the claim cannot be confirmed.",train
tc-02891,capitals,Bogota is the capital city of Uruguay.,Uruguay is a country whose capital city is Montevideo.,unsupported,"The evidence gives Montevideo, not Bogota, so the claim is contradicted.",train
tc-02892,capitals,The capital of Jordan is Amman.,Textbook summary: Reference works list Amman as the capital of Jordan.,supported,The evidence directly supports the claim: it gives Amman.,val
tc-02893,capitals,New Delhi is the capital city of India.,New Delhi is the capital city of India. This is widely documented.,supported,"The retrieved source confirms New Delhi, so the claim is supported.",test
tc-02894,events,World War II ended in 1945.,The year 1945 is when World War II ended.,supported,"The evidence states 1945, which matches the claim.",train
tc-02895,elements_symbol,The chemical symbol for Zinc is Cl.,The standard chemical symbol for Zinc is Zn. This is widely documented.,unsupported,"The source states Zn. The claim says Cl, which does not match.",train
tc-02896,elements_number,Lead is element number 82.,Reference note: An atom of Lead contains 82 protons.,supported,"The evidence states 82, which matches the claim.",val
tc-02897,elements_symbol,The chemical symbol for Cobalt is N.,The element Cobalt is represented by the symbol Co. This is widely documented.,unsupported,"The source states Co. The claim says N, which does not match.",train
tc-02898,elements_number,The atomic number of Boron is 5.,"Sources disagree. Source A: In the periodic table, Boron occupies position 5. Source B: An atom of Boron contains 18 protons.",uncertain,"Sources disagree (5 versus 18), so the claim cannot be confirmed.",val
tc-02899,books,The Wealth of Nations was written by Adam Smith.,Conflicting reports. First report: The Wealth of Nations is a book by Adam Smith. Second report: The Wealth of Nations is a book by Thomas Hobbes.,uncertain,"Sources disagree (Adam Smith versus Thomas Hobbes), so the claim cannot be confirmed.",train
tc-02900,capitals,Bratislava is the capital city of Iran.,Reference note: Tehran is the capital city of Iran.,unsupported,"The evidence gives Tehran, not Bratislava, so the claim is contradicted.",train
tc-02901,capitals,Zimbabwe's capital is Harare.,The capital of Zimbabwe is Harare. This is widely documented.,supported,The evidence directly supports the claim: it gives Harare.,train
tc-02902,elements_symbol,Sn is the symbol of the element Helium.,Reference note: Helium is abbreviated He in the periodic table.,unsupported,"The evidence gives He, not Sn, so the claim is contradicted.",train
tc-02903,elements_number,Cobalt has 27 protons in its nucleus.,Reference note: An atom of Tungsten contains 74 protons.,uncertain,The evidence is about a different subject and does not address this claim.,train
tc-02904,events,The Titanic sank in 1912.,Textbook summary: The year 1912 is when the Titanic sank.,supported,"The retrieved source confirms 1912, so the claim is supported.",train
tc-02905,books,Toni Morrison is the author of Beloved.,The work Beloved was authored by Toni Morrison.,supported,The evidence directly supports the claim: it gives Toni Morrison.,test
tc-02906,capitals,The capital of South Korea is Kathmandu.,Reference works list Seoul as the capital of South Korea. This is widely documented.,unsupported,"The evidence gives Seoul, not Kathmandu, so the claim is contradicted.",train
tc-02907,science,Oxygen is the most abundant gas in Earth's atmosphere.,One source says: The most abundant gas in Earth's atmosphere is Nitrogen. Another source says: The most abundant gas in Earth's atmosphere is Oxygen.,uncertain,Conflicting evidence means this claim cannot be marked supported or unsupported.,val
tc-02908,formulas,C2H5OH is the formula for limestone.,Limestone has the chemical formula CaCO3.,unsupported,"The evidence gives CaCO3, not C2H5OH, so the claim is contradicted.",train
tc-02909,planets,"Counting outward from the Sun, Earth is the third planet.",Conflicting reports. First report: Earth is the third planet from the Sun in the Solar System. Second report: Earth is the first planet from the Sun in the Solar System.,uncertain,"Sources disagree (third versus first), so the claim cannot be confirmed.",train
tc-02910,capitals,Greece's capital is Athens.,Athens is the capital city of Greece. This is widely documented.,supported,The evidence directly supports the claim: it gives Athens.,train
tc-02911,elements_number,Calcium is element number 4.,Reference note: Calcium is the chemical element with atomic number 20.,unsupported,"The evidence gives 20, not 4, so the claim is contradicted.",train
tc-02912,books,Animal Farm was written by George Orwell.,Reference note: The work Animal Farm was authored by George Orwell.,supported,"The evidence states George Orwell, which matches the claim.",train
tc-02913,books,Harper Lee is the author of To Kill a Mockingbird.,Reference note: The work To Kill a Mockingbird was authored by Harper Lee.,supported,"The retrieved source confirms Harper Lee, so the claim is supported.",train
tc-02914,elements_symbol,The chemical symbol for Nickel is Ni.,Textbook summary: Nickel is abbreviated Ni in the periodic table.,supported,"The retrieved source confirms Ni, so the claim is supported.",train
tc-02915,elements_symbol,Ar is the symbol of the element Magnesium.,The standard chemical symbol for Magnesium is Mg. This is widely documented.,unsupported,"The evidence gives Mg, not Ar, so the claim is contradicted.",test
tc-02916,planets,Earth is the third planet from the Sun.,"In order of distance from the Sun, Earth comes third. This is widely documented.",supported,The evidence directly supports the claim: it gives third.,train
tc-02917,geography,Brazil lies on the continent of Oceania.,"Geographically, Brazil lies on the continent of South America. This is widely documented.",unsupported,"The source states South America. The claim says Oceania, which does not match.",train
tc-02918,events,The Apollo 13 mission suffered an oxygen tank explosion in the year 1970.,The year 1970 is when the Apollo 13 mission suffered an oxygen tank explosion. This is widely documented.,supported,The evidence directly supports the claim: it gives 1970.,train
tc-02919,events,"In 1666, the Great Fire of London broke out.","The Suez Canal opened in 1869, according to standard histories.",uncertain,"The retrieved text does not mention what the claim asserts, so it cannot be confirmed.",train
tc-02920,science,Nitrogen is the most abundant gas in Earth's atmosphere.,Textbook summary: The Moon completes one orbit of Earth in about 27 days.,uncertain,The evidence is insufficient to confirm or contradict the claim.,val
tc-02921,geography,Sweden lies on the continent of South America.,"Geographically, Sweden lies on the continent of Europe. This is widely documented.",unsupported,"The source states Europe. The claim says South America, which does not match.",val
tc-02922,elements_number,The atomic number of Beryllium is 4.,Textbook summary: Beryllium is the chemical element with atomic number 4.,supported,"The evidence states 4, which matches the claim.",train
tc-02923,geography,Germany is in Europe.,"Conflicting reports. First report: Germany is located in Europe. Second report: Geographically, Germany lies on the continent of Africa.",uncertain,"The evidence conflicts, giving both Europe and Africa.",train
tc-02924,elements_symbol,He is the symbol of the element Zinc.,Textbook summary: The element Carbon is represented by the symbol C.,uncertain,"The retrieved text does not mention what the claim asserts, so it cannot be confirmed.",train
tc-02925,events,"In 1861, the American Civil War began.","The American Civil War began in 1861, according to standard histories. This is widely documented.",supported,"The evidence states 1861, which matches the claim.",train
tc-02926,formulas,Ammonia has the formula NH3.,Ammonia has the chemical formula NH3. This is widely documented.,supported,"The retrieved source confirms NH3, so the claim is supported.",train
tc-02927,capitals,Ljubljana is the capital city of Slovenia.,Conflicting reports. First report: The capital of Slovenia is Ljubljana. Second report: Luanda is the capital city of Slovenia.,uncertain,Conflicting evidence means this claim cannot be marked supported or unsupported.,train
tc-02928,events,The French Revolution began in the year 1792.,"Sources disagree. Source A: The year 1789 is when the French Revolution began. Source B: The French Revolution began in 1792, according to standard histories.",uncertain,"Sources disagree (1789 versus 1792), so the claim cannot be confirmed.",train
tc-02929,books,Beloved was written by Homer.,Toni Morrison wrote Beloved. This is widely documented.,unsupported,"The evidence gives Toni Morrison, not Homer, so the claim is contradicted.",test
tc-02930,geography,Spain is in Africa.,Spain is part of Europe.,unsupported,"The evidence gives Europe, not Africa, so the claim is contradicted.",val
tc-02931,events,"In 2025, the United Kingdom held its Brexit referendum.",The year 2016 is when the United Kingdom held its Brexit referendum.,unsupported,"The source states 2016. The claim says 2025, which does not match.",train
tc-02932,capitals,Brasilia is the capital city of Brazil.,Vilnius is the capital city of Lithuania.,uncertain,"The retrieved text does not mention what the claim asserts, so it cannot be confirmed.",train
tc-02933,planets,Jupiter is the third planet from the Sun.,"In order of distance from the Sun, Jupiter comes fifth.",unsupported,"The evidence gives fifth, not third, so the claim is contradicted.",train
tc-02934,capitals,The capital of Libya is Tripoli.,Reference note: Tripoli is the capital city of Libya.,supported,The evidence directly supports the claim: it gives Tripoli.,train
tc-02935,capitals,Beirut is the capital city of Lebanon.,Reference note: Dhaka is the capital city of Bangladesh.,uncertain,The evidence is about a different subject and does not address this claim.,train
tc-02936,books,The author of One Hundred Years of Solitude is Gabriel Garcia Marquez.,Reference note: Gabriel Garcia Marquez wrote One Hundred Years of Solitude.,supported,"The evidence states Gabriel Garcia Marquez, which matches the claim.",test
tc-02937,geography,Mexico is a country in North America.,"Reference note: Geographically, Mexico lies on the continent of North America.",supported,The evidence directly supports the claim: it gives North America.,train
tc-02938,capitals,The capital of Pakistan is Islamabad.,Sources disagree. Source A: Pakistan is a country whose capital city is Islamabad. Source B: Reference works list Budapest as the capital of Pakistan.,uncertain,Conflicting evidence means this claim cannot be marked supported or unsupported.,train
tc-02939,capitals,Caracas is the capital city of Venezuela.,Reference works list Caracas as the capital of Venezuela. This is widely documented.,supported,The evidence directly supports the claim: it gives Caracas.,train
tc-02940,formulas,HCl is the formula for hydrochloric acid.,The standard formula for hydrochloric acid is HCl. This is widely documented.,supported,"The retrieved source confirms HCl, so the claim is supported.",train
tc-02941,events,"In 1929, the Wall Street Crash began.","Reference note: The Wall Street Crash began in 1929, according to standard histories.",supported,The evidence directly supports the claim: it gives 1929.,train
tc-02942,events,"In 1990, the Hubble Space Telescope was launched.","Reference note: The Hubble Space Telescope was launched in 1990, according to standard histories.",supported,"The evidence states 1990, which matches the claim.",test
tc-02943,events,Watson and Crick published the double helix structure of DNA in 1949.,Sources disagree. Source A: Historical records show that Watson and Crick published the double helix structure of DNA in 1953. Source B: The year 1949 is when Watson and Crick published the double helix structure of DNA.,uncertain,"The evidence conflicts, giving both 1953 and 1949.",test
tc-02944,events,The French Revolution began in the year 1789.,"The French Revolution began in 1789, according to standard histories. This is widely documented.",supported,The evidence directly supports the claim: it gives 1789.,train
tc-02945,elements_number,Hydrogen is element number 3.,"Reference note: In the periodic table, Mercury occupies position 80.",uncertain,The evidence is about a different subject and does not address this claim.,train
tc-02946,formulas,CaCO3 is the formula for limestone.,Sources disagree. Source A: The standard formula for limestone is CaCO3. Source B: Limestone has the chemical formula C6H12O6.,uncertain,"Sources disagree (CaCO3 versus C6H12O6), so the claim cannot be confirmed.",train
tc-02947,geography,Mexico is a country in North America.,Mexico is located in North America.,supported,"The retrieved source confirms North America, so the claim is supported.",train
tc-02948,events,"In 1945, World War II ended.","Reference note: World War II ended in 1945, according to standard histories.",supported,"The evidence states 1945, which matches the claim.",train
tc-02949,elements_symbol,The chemical symbol for Hydrogen is H.,The standard chemical symbol for Hydrogen is H. This is widely documented.,supported,The evidence directly supports the claim: it gives H.,val
tc-02950,events,The United Kingdom held its Brexit referendum in 2016.,Textbook summary: The year 2016 is when the United Kingdom held its Brexit referendum.,supported,"The retrieved source confirms 2016, so the claim is supported.",train
tc-02951,capitals,Caracas is the capital city of Venezuela.,Textbook summary: Caracas is the capital city of Venezuela.,supported,The evidence directly supports the claim: it gives Caracas.,train
tc-02952,events,"In 2025, the United Kingdom held its Brexit referendum.",Textbook summary: The year 2016 is when the United Kingdom held its Brexit referendum.,unsupported,"The evidence gives 2016, not 2025, so the claim is contradicted.",train
tc-02953,books,Stephen Hawking is the author of Pride and Prejudice.,Textbook summary: Jane Austen wrote Pride and Prejudice.,unsupported,Retrieved evidence contradicts the claim: the correct value is Jane Austen.,train
tc-02954,geography,Canada is a country in North America.,Colombia is part of South America.,uncertain,"The retrieved text does not mention what the claim asserts, so it cannot be confirmed.",train
tc-02955,formulas,Sulfur dioxide has the formula CH4.,"Reference note: In chemistry, sulfur dioxide is written as SO2.",unsupported,"The evidence gives SO2, not CH4, so the claim is contradicted.",train
tc-02956,elements_number,Zinc has 53 protons in its nucleus.,"Textbook summary: In the periodic table, Zinc occupies position 30.",unsupported,"The evidence gives 30, not 53, so the claim is contradicted.",train
tc-02957,capitals,Vienna is the capital city of Austria.,Austria is a country whose capital city is Vienna.,supported,The evidence directly supports the claim: it gives Vienna.,train
tc-02958,planets,Neptune is the seventh planet from the Sun.,Neptune is the eighth planet from the Sun in the Solar System.,unsupported,"The source states eighth. The claim says seventh, which does not match.",train
tc-02959,events,"In 1491, Christopher Columbus made his first voyage across the Atlantic.",The year 1492 is when Christopher Columbus made his first voyage across the Atlantic. This is widely documented.,unsupported,"The evidence gives 1492, not 1491, so the claim is contradicted.",train
tc-02960,geography,Australia lies on the continent of Oceania.,"Reference note: Geographically, Australia lies on the continent of Oceania.",supported,"The retrieved source confirms Oceania, so the claim is supported.",train
tc-02961,geography,Canada lies on the continent of Africa.,Canada is part of North America.,unsupported,"The source states North America. The claim says Africa, which does not match.",train
tc-02962,geography,Ghana lies on the continent of South America.,"Reference note: Geographically, Vietnam lies on the continent of Asia.",uncertain,The evidence is insufficient to confirm or contradict the claim.,train
tc-02963,events,"In 1928, Alexander Fleming discovered penicillin.",Conflicting reports. First report: Historical records show that Alexander Fleming discovered penicillin in 1928. Second report: Historical records show that Alexander Fleming discovered penicillin in 1925.,uncertain,"The evidence conflicts, giving both 1928 and 1925.",train
tc-02964,capitals,Colombia's capital is Berlin.,Conflicting reports. First report: Reference works list Bogota as the capital of Colombia. Second report: Reference works list Berlin as the capital of Colombia.,uncertain,"Sources disagree (Bogota versus Berlin), so the claim cannot be confirmed.",train
tc-02965,elements_number,Platinum has 78 protons in its nucleus.,Platinum is the chemical element with atomic number 78.,supported,"The evidence states 78, which matches the claim.",train
tc-02966,elements_symbol,W is the symbol of the element Tungsten.,Reference note: The element Tungsten is represented by the symbol W.,supported,"The retrieved source confirms W, so the claim is supported.",train
tc-02967,elements_number,Hydrogen is element number 1.,Hydrogen is the chemical element with atomic number 1.,supported,The evidence directly supports the claim: it gives 1.,train
tc-02968,events,"In 1995, the Chernobyl nuclear disaster occurred.",Textbook summary: Historical records show that the Chernobyl nuclear disaster occurred in 1986.,unsupported,"The evidence gives 1986, not 1995, so the claim is contradicted.",train
tc-02969,capitals,Canberra is the capital city of Australia.,Amman is the capital city of Jordan. This is widely documented.,uncertain,The evidence is about a different subject and does not address this claim.,train
tc-02970,formulas,Methane has the formula CH4.,Reference note: Methane has the chemical formula CH4.,supported,"The evidence states CH4, which matches the claim.",train
tc-02971,science,The Solar System has eight planets.,The Solar System contains eight recognised planets.,supported,"The retrieved source confirms eight, so the claim is supported.",test
tc-02972,events,The Battle of Hastings was fought in 1066.,Textbook summary: The year 1066 is when the Battle of Hastings was fought.,supported,"The evidence states 1066, which matches the claim.",train
tc-02973,formulas,The chemical formula of carbon dioxide is O3.,"Textbook summary: In chemistry, carbon dioxide is written as CO2.",unsupported,Retrieved evidence contradicts the claim: the correct value is CO2.,train
tc-02974,events,Sputnik 1 was launched in the year 1961.,Reference note: The year 1957 is when Sputnik 1 was launched.,unsupported,"The evidence gives 1957, not 1961, so the claim is contradicted.",train
tc-02975,capitals,The capital of Morocco is Kabul.,Reference note: Rabat is the capital city of Morocco.,unsupported,"The evidence gives Rabat, not Kabul, so the claim is contradicted.",val
tc-02976,capitals,Tehran is the capital city of Lithuania.,The capital of Lithuania is Vilnius.,unsupported,"The source states Vilnius. The claim says Tehran, which does not match.",train
tc-02977,books,The author of Wuthering Heights is Plato.,The work Wuthering Heights was authored by Emily Bronte. This is widely documented.,unsupported,"The source states Emily Bronte. The claim says Plato, which does not match.",train
tc-02978,capitals,The capital of Turkey is Paris.,Textbook summary: Ankara is the capital city of Turkey.,unsupported,"The evidence gives Ankara, not Paris, so the claim is contradicted.",val
tc-02979,capitals,Bratislava is the capital city of Slovakia.,Textbook summary: The capital of Slovakia is Bratislava.,supported,The evidence directly supports the claim: it gives Bratislava.,train
tc-02980,formulas,Carbon dioxide has the formula CO2.,"In chemistry, carbon dioxide is written as CO2.",supported,"The evidence states CO2, which matches the claim.",train
tc-02981,events,The Cuban Missile Crisis took place in 1962.,"The French Revolution began in 1789, according to standard histories. This is widely documented.",uncertain,The evidence is insufficient to confirm or contradict the claim.,val
tc-02982,events,"In 1928, Alexander Fleming discovered penicillin.",The year 1928 is when Alexander Fleming discovered penicillin. This is widely documented.,supported,The evidence directly supports the claim: it gives 1928.,train
tc-02983,capitals,Oslo is the capital city of Norway.,Reference works list Oslo as the capital of Norway. This is widely documented.,supported,The evidence directly supports the claim: it gives Oslo.,train
tc-02984,events,"In 1915, the October Revolution took place in Russia.",Reference note: The year 1917 is when the October Revolution took place in Russia.,unsupported,Retrieved evidence contradicts the claim: the correct value is 1917.,train
tc-02985,science,An adult human skeleton has 206 bones.,Reference note: The adult human skeleton is made up of 206 bones.,supported,"The retrieved source confirms 206 bones, so the claim is supported.",train
tc-02986,books,Brave New World was written by Aldous Huxley.,Aldous Huxley wrote Brave New World. This is widely documented.,supported,"The retrieved source confirms Aldous Huxley, so the claim is supported.",train
tc-02987,elements_symbol,W is the symbol of the element Tungsten.,The standard chemical symbol for Tungsten is W. This is widely documented.,supported,The evidence directly supports the claim: it gives W.,train
tc-02988,geography,Fiji is a country in Asia.,Fiji is located in Oceania.,unsupported,Retrieved evidence contradicts the claim: the correct value is Oceania.,train
tc-02989,elements_symbol,The chemical symbol for Potassium is Na.,Sources disagree. Source A: Potassium is abbreviated K in the periodic table. Source B: The element Potassium is represented by the symbol Na.,uncertain,"Sources disagree (K versus Na), so the claim cannot be confirmed.",train
tc-02990,capitals,Portugal's capital is Lisbon.,Sources disagree. Source A: The capital of Portugal is Lisbon. Source B: New Delhi is the capital city of Portugal.,uncertain,"The evidence conflicts, giving both Lisbon and New Delhi.",train
tc-02991,elements_number,Silicon has 12 protons in its nucleus.,Silicon is the chemical element with atomic number 14.,unsupported,Retrieved evidence contradicts the claim: the correct value is 14.,train
tc-02992,planets,Saturn is the sixth planet from the Sun.,"Reference note: In order of distance from the Sun, Saturn comes sixth.",supported,The evidence directly supports the claim: it gives sixth.,test
tc-02993,elements_number,Argon is element number 18.,Textbook summary: Argon is the chemical element with atomic number 18.,supported,The evidence directly supports the claim: it gives 18.,train
tc-02994,events,The Apollo 13 mission suffered an oxygen tank explosion in the year 1969.,Textbook summary: Historical records show that the Apollo 13 mission suffered an oxygen tank explosion in 1970.,unsupported,"The evidence gives 1970, not 1969, so the claim is contradicted.",train
tc-02995,books,George Orwell is the author of On the Origin of Species.,Charles Darwin wrote On the Origin of Species.,unsupported,Retrieved evidence contradicts the claim: the correct value is Charles Darwin.,train
tc-02996,formulas,NaCl is the formula for table salt.,"Textbook summary: In chemistry, table salt is written as NaCl.",supported,"The evidence states NaCl, which matches the claim.",train
tc-02997,capitals,The capital of Greece is Bangkok.,Reference works list Athens as the capital of Greece.,unsupported,Retrieved evidence contradicts the claim: the correct value is Athens.,train
tc-02998,elements_number,The atomic number of Silicon is 2.,Lead is the chemical element with atomic number 82.,uncertain,The evidence is about a different subject and does not address this claim.,train
tc-02999,events,"In 1994, Nelson Mandela was released from prison.","Sources disagree. Source A: The year 1990 is when Nelson Mandela was released from prison. Source B: Nelson Mandela was released from prison in 1994, according to standard histories.",uncertain,Conflicting evidence means this claim cannot be marked supported or unsupported.,train
tc-03000,elements_number,Uranium has 92 protons in its nucleus.,"Textbook summary: In the periodic table, Uranium occupies position 92.",supported,The evidence directly supports the claim: it gives 92.,train
tc-03001,events,The Space Shuttle Challenger disaster occurred in the year 1986.,"The Space Shuttle Challenger disaster occurred in 1986, according to standard histories. This is widely documented.",supported,"The retrieved source confirms 1986, so the claim is supported.",test
tc-03002,planets,Mars is the fourth planet from the Sun.,"In order of distance from the Sun, Mars comes fourth. This is widely documented.",supported,The evidence directly supports the claim: it gives fourth.,train
tc-03003,capitals,Tunisia's capital is Tunis.,Sources disagree. Source A: Tunis is the capital city of Tunisia. Source B: Reference works list Kuala Lumpur as the capital of Tunisia.,uncertain,Conflicting evidence means this claim cannot be marked supported or unsupported.,test
tc-03004,capitals,The capital of India is New Delhi.,Textbook summary: New Delhi is the capital city of India.,supported,"The retrieved source confirms New Delhi, so the claim is supported.",test
tc-03005,geography,Ethiopia lies on the continent of Oceania.,"Geographically, Ethiopia lies on the continent of Africa.",unsupported,"The source states Africa. The claim says Oceania, which does not match.",train
tc-03006,events,The Berlin Wall was built in 1970.,"Textbook summary: The Berlin Wall was built in 1961, according to standard histories.",unsupported,"The source states 1961. The claim says 1970, which does not match.",val
tc-03007,capitals,Ukraine's capital is Madrid.,The capital of Ukraine is Kyiv.,unsupported,Retrieved evidence contradicts the claim: the correct value is Kyiv.,test
tc-03008,formulas,NaHCO3 is the formula for methane.,The standard formula for methane is CH4.,unsupported,"The evidence gives CH4, not NaHCO3, so the claim is contradicted.",train
tc-03009,books,The author of Brave New World is Aldous Huxley.,One source says: Brave New World is a book by Aldous Huxley. Another source says: Emily Bronte wrote Brave New World.,uncertain,"Sources disagree (Aldous Huxley versus Emily Bronte), so the claim cannot be confirmed.",train
tc-03010,science,The human heart has five chambers.,Textbook summary: The human heart is divided into four chambers.,unsupported,Retrieved evidence contradicts the claim: the correct value is four chambers.,train
tc-03011,events,Euro banknotes and coins entered circulation in the year 1993.,Reference note: Historical records show that Christopher Columbus made his first voyage across the Atlantic in 1492.,uncertain,The evidence is insufficient to confirm or contradict the claim.,train
tc-03012,formulas,H2SO4 is the formula for sulfuric acid.,"In chemistry, sulfuric acid is written as H2SO4.",supported,The evidence directly supports the claim: it gives H2SO4.,train
tc-03013,capitals,Afghanistan's capital is Kabul.,Reference note: Afghanistan is a country whose capital city is Kabul.,supported,The evidence directly supports the claim: it gives Kabul.,test
tc-03014,science,Earth takes about 300 days to orbit the Sun.,Reference note: One orbit of Earth around the Sun takes about 365 days.,unsupported,"The evidence gives 365 days, not 300 days, so the claim is contradicted.",train
tc-03015,books,Fyodor Dostoevsky is the author of Crime and Punishment.,Textbook summary: Fyodor Dostoevsky wrote Crime and Punishment.,supported,"The evidence states Fyodor Dostoevsky, which matches the claim.",train
tc-03016,geography,Finland is in Europe.,Finland is part of Europe.,supported,"The evidence states Europe, which matches the claim.",train
tc-03017,capitals,The Czech Republic's capital is Prague.,The Czech Republic is a country whose capital city is Prague.,supported,The evidence directly supports the claim: it gives Prague.,val
tc-03018,events,The Soviet Union was dissolved in 1991.,Reference note: Historical records show that the Soviet Union was dissolved in 1991.,supported,"The evidence states 1991, which matches the claim.",train
tc-03019,events,"In 1929, the Wall Street Crash began.",The year 1929 is when the Wall Street Crash began. This is widely documented.,supported,"The retrieved source confirms 1929, so the claim is supported.",train
tc-03020,events,"In 1774, the United States Declaration of Independence was adopted.",The year 1776 is when the United States Declaration of Independence was adopted.,unsupported,Retrieved evidence contradicts the claim: the correct value is 1776.,train
tc-03021,capitals,The capital of Uganda is Cairo.,Textbook summary: Reference works list Kampala as the capital of Uganda.,unsupported,Retrieved evidence contradicts the claim: the correct value is Kampala.,train
tc-03022,events,"In 1492, Christopher Columbus made his first voyage across the Atlantic.","Christopher Columbus made his first voyage across the Atlantic in 1492, according to standard histories. This is widely documented.",supported,The evidence directly supports the claim: it gives 1492.,train
tc-03023,capitals,Paris is the capital city of Cuba.,The capital of Canada is Ottawa.,uncertain,The evidence is about a different subject and does not address this claim.,train
tc-03024,books,Bram Stoker is the author of Leviathan.,Conflicting reports. First report: Thomas Hobbes wrote Leviathan. Second report: The work Leviathan was authored by Bram Stoker.,uncertain,"The evidence conflicts, giving both Thomas Hobbes and Bram Stoker.",train
tc-03025,capitals,The capital of Slovenia is Ljubljana.,Textbook summary: The capital of Slovenia is Ljubljana.,supported,"The evidence states Ljubljana, which matches the claim.",train
tc-03026,geography,Poland is a country in North America.,"Reference note: Geographically, Poland lies on the continent of Europe.",unsupported,Retrieved evidence contradicts the claim: the correct value is Europe.,test
tc-03027,elements_symbol,The chemical symbol for Phosphorus is P.,Sources disagree. Source A: Phosphorus is abbreviated P in the periodic table. Source B: Phosphorus is abbreviated C in the periodic table.,uncertain,"Sources disagree (P versus C), so the claim cannot be confirmed.",test
tc-03028,elements_number,The atomic number of Tin is 50.,"In the periodic table, Tin occupies position 50. This is widely documented.",supported,"The retrieved source confirms 50, so the claim is supported.",val
tc-03029,capitals,Croatia's capital is Vienna.,Textbook summary: Reference works list Zagreb as the capital of Croatia.,unsupported,"The evidence gives Zagreb, not Vienna, so the claim is contradicted.",train
tc-03030,capitals,Canada's capital is Ottawa.,One source says: Ottawa is the capital city of Canada. Another source says: Buenos Aires is the capital city of Canada.,uncertain,"Sources disagree (Ottawa versus Buenos Aires), so the claim cannot be confirmed.",train
tc-03031,events,"In 1492, Christopher Columbus made his first voyage across the Atlantic.",Conflicting reports. First report: The year 1492 is when Christopher Columbus made his first voyage across the Atlantic. Second report: The year 1493 is when Christopher Columbus made his first voyage across the Atlantic.,uncertain,"Sources disagree (1492 versus 1493), so the claim cannot be confirmed.",train
tc-03032,planets,Mars is the fourth planet from the Sun.,Textbook summary: Mars is the fourth planet from the Sun in the Solar System.,supported,The evidence directly supports the claim: it gives fourth.,train
tc-03033,geography,Cuba is in North America.,Cuba is part of North America.,supported,"The evidence states North America, which matches the claim.",train
tc-03034,science,An adult human skeleton has 300 bones.,One source says: The adult human skeleton is made up of 206 bones. Another source says: The adult human skeleton is made up of 300 bones.,uncertain,"Sources disagree (206 bones versus 300 bones), so the claim cannot be confirmed.",train
tc-03035,geography,Kenya is a country in Africa.,"Geographically, Kenya lies on the continent of Africa. This is widely documented.",supported,The evidence directly supports the claim: it gives Africa.,train
tc-03036,events,"In 1947, India gained independence from British rule.",Textbook summary: Historical records show that India gained independence from British rule in 1947.,supported,"The retrieved source confirms 1947, so the claim is supported.",train
tc-03037,capitals,The capital of Zambia is Lusaka.,Reference works list Lusaka as the capital of Zambia.,supported,The evidence directly supports the claim: it gives Lusaka.,val
tc-03038,formulas,H2SO4 is the formula for sulfuric acid.,"Sources disagree. Source A: In chemistry, sulfuric acid is written as H2SO4. Source B: Sulfuric acid has the chemical formula NaHCO3.",uncertain,Conflicting evidence means this claim cannot be marked supported or unsupported.,train
tc-03039,events,The Suez Canal opened in the year 1869.,The year 1869 is when the Suez Canal opened.,supported,"The evidence states 1869, which matches the claim.",train
tc-03040,capitals,Amsterdam is the capital city of the Netherlands.,Textbook summary: Austria is a country whose capital city is Vienna.,uncertain,"The retrieved text does not mention what the claim asserts, so it cannot be confirmed.",train
tc-03041,elements_symbol,The chemical symbol for Carbon is C.,The standard chemical symbol for Carbon is C.,supported,"The evidence states C, which matches the claim.",train
tc-03042,events,The Cuban Missile Crisis took place in 1962.,Textbook summary: The year 1962 is when the Cuban Missile Crisis took place.,supported,"The evidence states 1962, which matches the claim.",val
tc-03043,capitals,Amman is the capital city of Jordan.,One source says: Reference works list Amman as the capital of Jordan. Another source says: Reference works list Oslo as the capital of Jordan.,uncertain,"Sources disagree (Amman versus Oslo), so the claim cannot be confirmed.",val
tc-03044,capitals,Bucharest is the capital city of Italy.,Reference works list Rome as the capital of Italy.,unsupported,"The source states Rome. The claim says Bucharest, which does not match.",train
tc-03045,capitals,Stockholm is the capital city of Lebanon.,Beirut is the capital city of Lebanon.,unsupported,Retrieved evidence contradicts the claim: the correct value is Beirut.,train
tc-03046,formulas,The chemical formula of glucose is C6H12O6.,The standard formula for glucose is C6H12O6. This is widely documented.,supported,"The retrieved source confirms C6H12O6, so the claim is supported.",train
tc-03047,elements_symbol,Na is the symbol of the element Chlorine.,Reference note: The element Chlorine is represented by the symbol Cl.,unsupported,Retrieved evidence contradicts the claim: the correct value is Cl.,train
tc-03048,books,Gabriel Garcia Marquez is the author of Les Miserables.,One source says: Les Miserables is a book by Victor Hugo. Another source says: Gabriel Garcia Marquez wrote Les Miserables.,uncertain,Conflicting evidence means this claim cannot be marked supported or unsupported.,train
tc-03049,elements_number,Oxygen has 8 protons in its nucleus.,"One source says: Oxygen is the chemical element with atomic number 8. Another source says: In the periodic table, Oxygen occupies position 16.",uncertain,"Sources disagree (8 versus 16), so the claim cannot be confirmed.",train
tc-03050,books,Herman Melville is the author of Hamlet.,William Shakespeare wrote Hamlet.,unsupported,"The source states William Shakespeare. The claim says Herman Melville, which does not match.",train
tc-03051,formulas,The chemical formula of table salt is H2O.,"Reference note: In chemistry, table salt is written as NaCl.",unsupported,"The source states NaCl. The claim says H2O, which does not match.",train
tc-03052,elements_symbol,Ni is the symbol of the element Tungsten.,The element Tungsten is represented by the symbol W.,unsupported,Retrieved evidence contradicts the claim: the correct value is W.,train
tc-03053,science,Sound travels through air at 20 degrees Celsius at about 150 metres per second.,"Conflicting reports. First report: At 20 degrees Celsius, the speed of sound in air is about 343 metres per second. Second report: At 20 degrees Celsius, the speed of sound in air is about 150 metres per second.",uncertain,"The evidence conflicts, giving both 343 metres per second and 150 metres per second.",train
tc-03054,events,Sputnik 1 was launched in 1957.,Textbook summary: Historical records show that Sputnik 1 was launched in 1957.,supported,"The retrieved source confirms 1957, so the claim is supported.",train
tc-03055,events,"In 1926, the Treaty of Versailles was signed.",Historical records show that the Treaty of Versailles was signed in 1919. This is widely documented.,unsupported,"The evidence gives 1919, not 1926, so the claim is contradicted.",train
tc-03056,elements_symbol,Pb is the symbol of the element Tungsten.,Conflicting reports. First report: The standard chemical symbol for Tungsten is W. Second report: The element Tungsten is represented by the symbol Pb.,uncertain,"Sources disagree (W versus Pb), so the claim cannot be confirmed.",train
tc-03057,science,The Great Barrier Reef lies off the coast of the Philippines.,"The Great Barrier Reef is located off Queensland, Australia.",unsupported,"The evidence gives Queensland, Australia, not the Philippines, so the claim is contradicted.",train
tc-03058,capitals,The capital of Latvia is Berlin.,Argentina is a country whose capital city is Buenos Aires. This is widely documented.,uncertain,The evidence is insufficient to confirm or contradict the claim.,train
tc-03059,events,"In 1767, the United States Declaration of Independence was adopted.",Textbook summary: Historical records show that the United States Declaration of Independence was adopted in 1776.,unsupported,"The source states 1776. The claim says 1767, which does not match.",train
tc-03060,events,The first iPhone was released in 2003.,Textbook summary: The year 2007 is when the first iPhone was released.,unsupported,Retrieved evidence contradicts the claim: the correct value is 2007.,train
tc-03061,events,"In 1896, the first modern Olympic Games were held in Athens.","Textbook summary: The first modern Olympic Games were held in Athens in 1896, according to standard histories.",supported,"The evidence states 1896, which matches the claim.",test
tc-03062,capitals,The capital of Serbia is Paris.,Textbook summary: Belgrade is the capital city of Serbia.,unsupported,"The evidence gives Belgrade, not Paris, so the claim is contradicted.",train
tc-03063,books,The author of Jane Eyre is Charlotte Bronte.,Textbook summary: Charlotte Bronte wrote Jane Eyre.,supported,The evidence directly supports the claim: it gives Charlotte Bronte.,train
tc-03064,geography,Sweden lies on the continent of South America.,Textbook summary: Sweden is part of Europe.,unsupported,"The source states Europe. The claim says South America, which does not match.",val
tc-03065,events,The United States Declaration of Independence was adopted in the year 1780.,Conflicting reports. First report: Historical records show that the United States Declaration of Independence was adopted in 1776. Second report: Historical records show that the United States Declaration of Independence was adopted in 1780.,uncertain,"The evidence conflicts, giving both 1776 and 1780.",train
tc-03066,formulas,The chemical formula of sulfur dioxide is SO2.,"In chemistry, sulfur dioxide is written as SO2. This is widely documented.",supported,"The retrieved source confirms SO2, so the claim is supported.",train
tc-03067,capitals,The capital of Serbia is Sofia.,Textbook summary: Belgrade is the capital city of Serbia.,unsupported,"The evidence gives Belgrade, not Sofia, so the claim is contradicted.",train
tc-03068,elements_symbol,The chemical symbol for Nickel is Pb.,The standard chemical symbol for Nickel is Ni.,unsupported,Retrieved evidence contradicts the claim: the correct value is Ni.,train
tc-03069,geography,Indonesia is a country in Asia.,"Geographically, Indonesia lies on the continent of Asia. This is widely documented.",supported,"The evidence states Asia, which matches the claim.",train
tc-03070,books,The author of A Brief History of Time is Stephen Hawking.,Stephen Hawking wrote A Brief History of Time. This is widely documented.,supported,"The evidence states Stephen Hawking, which matches the claim.",train
tc-03071,planets,"Counting outward from the Sun, Venus is the fourth planet.","Textbook summary: In order of distance from the Sun, Venus comes second.",unsupported,Retrieved evidence contradicts the claim: the correct value is second.,train
tc-03072,geography,Finland is in Oceania.,Textbook summary: Finland is located in Europe.,unsupported,"The evidence gives Europe, not Oceania, so the claim is contradicted.",train
tc-03073,books,The author of The Catcher in the Rye is Miguel de Cervantes.,Reference note: The work The Catcher in the Rye was authored by J. D. Salinger.,unsupported,"The source states J. D. Salinger. The claim says Miguel de Cervantes, which does not match.",val
tc-03074,events,The Hubble Space Telescope was launched in 1994.,Reference note: The year 1990 is when the Hubble Space Telescope was launched.,unsupported,Retrieved evidence contradicts the claim: the correct value is 1990.,test
tc-03075,capitals,Sofia is the capital city of Slovakia.,Reference note: Reference works list Bratislava as the capital of Slovakia.,unsupported,"The source states Bratislava. The claim says Sofia, which does not match.",train
tc-03076,books,The author of The Odyssey is Homer.,Homer wrote The Odyssey.,supported,"The evidence states Homer, which matches the claim.",train
tc-03077,capitals,Lima is the capital city of Peru.,Textbook summary: Germany is a country whose capital city is Berlin.,uncertain,"The retrieved text does not mention what the claim asserts, so it cannot be confirmed.",train
tc-03078,capitals,Peru's capital is Lima.,Textbook summary: Lima is the capital city of Peru.,supported,"The retrieved source confirms Lima, so the claim is supported.",train
tc-03079,elements_symbol,The chemical symbol for Calcium is W.,Calcium is abbreviated Ca in the periodic table.,unsupported,"The evidence gives Ca, not W, so the claim is contradicted.",train
tc-03080,capitals,China's capital is Beijing.,Reference note: Beijing is the capital city of China.,supported,"The evidence states Beijing, which matches the claim.",train
tc-03081,capitals,The capital of the United Kingdom is London.,The capital of the United Kingdom is London. This is widely documented.,supported,"The evidence states London, which matches the claim.",train
tc-03082,books,The author of Beloved is Dante Alighieri.,Reference note: The work Beloved was authored by Toni Morrison.,unsupported,Retrieved evidence contradicts the claim: the correct value is Toni Morrison.,test
tc-03083,formulas,The chemical formula of methane is C2H5OH.,Textbook summary: Methane has the chemical formula CH4.,unsupported,Retrieved evidence contradicts the claim: the correct value is CH4.,train
tc-03084,geography,Uruguay lies on the continent of Africa.,Reference note: India is part of Asia.,uncertain,"The retrieved text does not mention what the claim asserts, so it cannot be confirmed.",train
tc-03085,capitals,The capital of Brazil is Brasilia.,Textbook summary: Brazil is a country whose capital city is Brasilia.,supported,The evidence directly supports the claim: it gives Brasilia.,train
tc-03086,elements_number,Sulfur is element number 30.,Sulfur is the chemical element with atomic number 16.,unsupported,Retrieved evidence contradicts the claim: the correct value is 16.,train
tc-03087,events,"In 1789, the French Revolution began.","One source says: The year 1789 is when the French Revolution began. Another source says: The French Revolution began in 1791, according to standard histories.",uncertain,Conflicting evidence means this claim cannot be marked supported or unsupported.,train
tc-03088,books,Miguel de Cervantes is the author of Don Quixote.,The work Don Quixote was authored by Miguel de Cervantes. This is widely documented.,supported,"The evidence states Miguel de Cervantes, which matches the claim.",train
tc-03089,science,Humans typically have 20 pairs of chromosomes.,A typical human cell contains 23 pairs of chromosomes. This is widely documented.,unsupported,"The source states 23 pairs of chromosomes. The claim says 20 pairs of chromosomes, which does not match.",train
tc-03090,geography,Kenya lies on the continent of Europe.,Kenya is located in Africa. This is widely documented.,unsupported,"The evidence gives Africa, not Europe, so the claim is contradicted.",train
tc-03091,capitals,The capital of Libya is Dublin.,Reference note: The capital of Libya is Tripoli.,unsupported,"The evidence gives Tripoli, not Dublin, so the claim is contradicted.",train
tc-03092,capitals,The capital of Brazil is Brasilia.,Reference works list Brasilia as the capital of Brazil. This is widely documented.,supported,The evidence directly supports the claim: it gives Brasilia.,train
tc-03093,capitals,The capital of Ecuador is Mexico City.,Textbook summary: The capital of Ecuador is Quito.,unsupported,Retrieved evidence contradicts the claim: the correct value is Quito.,train
tc-03094,events,"In 1967, the Apollo 13 mission suffered an oxygen tank explosion.",The year 1970 is when the Apollo 13 mission suffered an oxygen tank explosion.,unsupported,"The evidence gives 1970, not 1967, so the claim is contradicted.",train
tc-03095,elements_symbol,The chemical symbol for Sulfur is Ag.,Sulfur is abbreviated S in the periodic table.,unsupported,"The evidence gives S, not Ag, so the claim is contradicted.",train
tc-03096,events,World War I began in the year 1914.,"World War I began in 1914, according to standard histories. This is widely documented.",supported,"The evidence states 1914, which matches the claim.",train
tc-03097,science,Pi is approximately 3.0.,Sources disagree. Source A: The mathematical constant pi is approximately 3.14159. Source B: The mathematical constant pi is approximately 3.0.,uncertain,Conflicting evidence means this claim cannot be marked supported or unsupported.,train
tc-03098,science,The Moon takes about 7 days to orbit the Earth.,"At standard atmospheric pressure at sea level, water boils at 100 degrees Celsius.",uncertain,"The retrieved text does not mention what the claim asserts, so it cannot be confirmed.",train
tc-03099,elements_symbol,The chemical symbol for Sulfur is Cu.,Reference note: The standard chemical symbol for Sulfur is S.,unsupported,Retrieved evidence contradicts the claim: the correct value is S.,train
tc-03100,events,"In 1991, the Soviet Union was dissolved.",One source says: Historical records show that the Soviet Union was dissolved in 1991. Another source says: The year 1989 is when the Soviet Union was dissolved.,uncertain,Conflicting evidence means this claim cannot be marked supported or unsupported.,train
tc-03101,planets,Venus is the first planet from the Sun.,Venus is the second planet from the Sun in the Solar System.,unsupported,"The evidence gives second, not first, so the claim is contradicted.",train
tc-03102,events,"In 1953, Edmund Hillary and Tenzing Norgay first reached the summit of Mount Everest.",Sources disagree. Source A: Historical records show that Edmund Hillary and Tenzing Norgay first reached the summit of Mount Everest in 1953. Source B: Historical records show that Edmund Hillary and Tenzing Norgay first reached the summit of Mount Everest in 1954.,uncertain,"Sources disagree (1953 versus 1954), so the claim cannot be confirmed.",train
tc-03103,capitals,Tokyo is the capital city of Russia.,Reference note: The capital of Russia is Moscow.,unsupported,"The evidence gives Moscow, not Tokyo, so the claim is contradicted.",test
tc-03104,science,The Moon takes about 27 days to orbit the Earth.,The Moon completes one orbit of Earth in about 27 days. This is widely documented.,supported,"The retrieved source confirms 27 days, so the claim is supported.",train
tc-03105,elements_symbol,The chemical symbol for Platinum is Pt.,Reference note: The element Platinum is represented by the symbol Pt.,supported,The evidence directly supports the claim: it gives Pt.,train
tc-03106,geography,Italy lies on the continent of Europe.,"Geographically, Italy lies on the continent of Europe. This is widely documented.",supported,The evidence directly supports the claim: it gives Europe.,train
tc-03107,capitals,Havana is the capital city of Cuba.,Textbook summary: Reference works list Havana as the capital of Cuba.,supported,"The evidence states Havana, which matches the claim.",train
tc-03108,formulas,Ozone has the formula O3.,The standard formula for hydrogen peroxide is H2O2. This is widely documented.,uncertain,The evidence is insufficient to confirm or contradict the claim.,train
tc-03109,events,World War I began in the year 1914.,Reference note: Historical records show that World War I began in 1914.,supported,"The evidence states 1914, which matches the claim.",train
tc-03110,elements_symbol,The chemical symbol for Sodium is Hg.,Sodium is abbreviated Na in the periodic table. This is widely documented.,unsupported,Retrieved evidence contradicts the claim: the correct value is Na.,train
tc-03111,science,An adult human skeleton has 256 bones.,Sources disagree. Source A: The adult human skeleton is made up of 206 bones. Source B: The adult human skeleton is made up of 256 bones.,uncertain,"The evidence conflicts, giving both 206 bones and 256 bones.",train
tc-03112,formulas,H2O is the formula for ozone.,"In chemistry, ozone is written as O3. This is widely documented.",unsupported,"The source states O3. The claim says H2O, which does not match.",train
tc-03113,elements_number,Zinc has 30 protons in its nucleus.,Sources disagree. Source A: An atom of Zinc contains 30 protons. Source B: An atom of Zinc contains 78 protons.,uncertain,"Sources disagree (30 versus 78), so the claim cannot be confirmed.",train
tc-03114,books,The author of War and Peace is Gabriel Garcia Marquez.,War and Peace is a book by Leo Tolstoy. This is widely documented.,unsupported,"The evidence gives Leo Tolstoy, not Gabriel Garcia Marquez, so the claim is contradicted.",train
tc-03115,elements_number,The atomic number of Neon is 18.,Reference note: An atom of Neon contains 10 protons.,unsupported,Retrieved evidence contradicts the claim: the correct value is 10.,train
tc-03116,books,The author of Beloved is J. R. R. Tolkien.,The work Beloved was authored by Toni Morrison.,unsupported,"The source states Toni Morrison. The claim says J. R. R. Tolkien, which does not match.",test
tc-03117,elements_number,Chlorine has 1 protons in its nucleus.,Textbook summary: Tungsten is the chemical element with atomic number 74.,uncertain,"The retrieved text does not mention what the claim asserts, so it cannot be confirmed.",train
tc-03118,events,World War I began in the year 1914.,Conflicting reports. First report: The year 1914 is when World War I began. Second report: The year 1917 is when World War I began.,uncertain,Conflicting evidence means this claim cannot be marked supported or unsupported.,train
tc-03119,elements_number,Phosphorus has 11 protons in its nucleus.,Textbook summary: Phosphorus is the chemical element with atomic number 15.,unsupported,Retrieved evidence contradicts the claim: the correct value is 15.,train
tc-03120,geography,New Zealand is in Oceania.,"Reference note: Geographically, Fiji lies on the continent of Oceania.",uncertain,The evidence is about a different subject and does not address this claim.,val
tc-03121,events,The Statue of Liberty was dedicated in 1886.,The year 1886 is when the Statue of Liberty was dedicated. This is widely documented.,supported,The evidence directly supports the claim: it gives 1886.,train
tc-03122,capitals,Harare is the capital city of Chile.,Reference note: Santiago is the capital city of Chile.,unsupported,Retrieved evidence contradicts the claim: the correct value is Santiago.,train
tc-03123,books,The author of The Hobbit is J. R. R. Tolkien.,Reference note: The work The Hobbit was authored by J. R. R. Tolkien.,supported,"The retrieved source confirms J. R. R. Tolkien, so the claim is supported.",train
tc-03124,elements_symbol,The chemical symbol for Lead is Pb.,Textbook summary: The element Lead is represented by the symbol Pb.,supported,The evidence directly supports the claim: it gives Pb.,train
tc-03125,elements_symbol,K is the symbol of the element Chlorine.,The element Chlorine is represented by the symbol Cl. This is widely documented.,unsupported,Retrieved evidence contradicts the claim: the correct value is Cl.,train
tc-03126,formulas,Limestone has the formula O3.,One source says: The standard formula for limestone is CaCO3. Another source says: The standard formula for limestone is O3.,uncertain,"The evidence conflicts, giving both CaCO3 and O3.",train
tc-03127,geography,Morocco is a country in Africa.,"Geographically, Morocco lies on the continent of Africa.",supported,"The evidence states Africa, which matches the claim.",test
tc-03128,capitals,Athens is the capital city of Uganda.,Kampala is the capital city of Uganda.,unsupported,"The source states Kampala. The claim says Athens, which does not match.",train
tc-03129,events,The United States Declaration of Independence was adopted in 1776.,Reference note: The year 1776 is when the United States Declaration of Independence was adopted.,supported,"The retrieved source confirms 1776, so the claim is supported.",train
tc-03130,capitals,Tallinn is the capital city of Jordan.,Sources disagree. Source A: Amman is the capital city of Jordan. Source B: Jordan is a country whose capital city is Tallinn.,uncertain,Conflicting evidence means this claim cannot be marked supported or unsupported.,val
tc-03131,events,The Panama Canal opened in the year 1914.,"The Panama Canal opened in 1914, according to standard histories. This is widely documented.",supported,"The evidence states 1914, which matches the claim.",train
tc-03132,geography,Vietnam lies on the continent of Asia.,"Geographically, Ecuador lies on the continent of South America. This is widely documented.",uncertain,The evidence is insufficient to confirm or contradict the claim.,train
tc-03133,events,"In 2002, euro banknotes and coins entered circulation.","Textbook summary: Euro banknotes and coins entered circulation in 2002, according to standard histories.",supported,"The retrieved source confirms 2002, so the claim is supported.",train
tc-03134,elements_number,Zinc is element number 30.,Zinc is the chemical element with atomic number 30. This is widely documented.,supported,The evidence directly supports the claim: it gives 30.,train
tc-03135,events,"In 1919, the Treaty of Versailles was signed.",Textbook summary: Historical records show that the Treaty of Versailles was signed in 1919.,supported,"The retrieved source confirms 1919, so the claim is supported.",train
tc-03136,books,The Divine Comedy was written by Dante Alighieri.,The Divine Comedy is a book by Dante Alighieri.,supported,The evidence directly supports the claim: it gives Dante Alighieri.,train
tc-03137,events,"In 1917, the October Revolution took place in Russia.",Conflicting reports. First report: Historical records show that the October Revolution took place in Russia in 1917. Second report: Historical records show that the October Revolution took place in Russia in 1926.,uncertain,"The evidence conflicts, giving both 1917 and 1926.",train
tc-03138,science,Water boils at 110 degrees Celsius at standard sea-level pressure.,"Textbook summary: At standard atmospheric pressure at sea level, water boils at 100 degrees Celsius.",unsupported,"The source states 100 degrees Celsius. The claim says 110 degrees Celsius, which does not match.",test
tc-03139,formulas,Ozone has the formula O3.,Reference note: Ozone has the chemical formula O3.,supported,The evidence directly supports the claim: it gives O3.,train
tc-03140,books,The author of Wuthering Heights is James Joyce.,Textbook summary: Emily Bronte wrote Wuthering Heights.,unsupported,Retrieved evidence contradicts the claim: the correct value is Emily Bronte.,train
tc-03141,formulas,The chemical formula of hydrogen peroxide is NaCl.,The standard formula for carbon dioxide is CO2. This is widely documented.,uncertain,The evidence is about a different subject and does not address this claim.,train
tc-03142,events,The United Kingdom held its Brexit referendum in 2007.,"The October Revolution took place in Russia in 1917, according to standard histories. This is widely documented.",uncertain,The evidence is about a different subject and does not address this claim.,train
tc-03143,elements_number,Platinum has 78 protons in its nucleus.,An atom of Platinum contains 78 protons.,supported,The evidence directly supports the claim: it gives 78.,train
tc-03144,elements_symbol,Ag is the symbol of the element Silver.,The standard chemical symbol for Silver is Ag.,supported,"The evidence states Ag, which matches the claim.",train
tc-03145,elements_symbol,U is the symbol of the element Sodium.,Textbook summary: Sodium is abbreviated Na in the periodic table.,unsupported,Retrieved evidence contradicts the claim: the correct value is Na.,train
tc-03146,elements_symbol,The chemical symbol for Argon is Be.,The standard chemical symbol for Argon is Ar. This is widely documented.,unsupported,"The source states Ar. The claim says Be, which does not match.",train
tc-03147,events,Sputnik 1 was launched in 1962.,Reference note: The year 1957 is when Sputnik 1 was launched.,unsupported,"The evidence gives 1957, not 1962, so the claim is contradicted.",train
tc-03148,planets,"Counting outward from the Sun, Venus is the fourth planet.","Sources disagree. Source A: Venus is the second planet from the Sun in the Solar System. Source B: In order of distance from the Sun, Venus comes fourth.",uncertain,Conflicting evidence means this claim cannot be marked supported or unsupported.,train
tc-03149,elements_symbol,F is the symbol of the element Fluorine.,Fluorine is abbreviated F in the periodic table. This is widely documented.,supported,"The retrieved source confirms F, so the claim is supported.",train
tc-03150,capitals,Vietnam's capital is Berlin.,Reference works list Vilnius as the capital of Lithuania.,uncertain,The evidence is insufficient to confirm or contradict the claim.,train
tc-03151,events,"In 1986, the Chernobyl nuclear disaster occurred.",Reference note: Historical records show that the Chernobyl nuclear disaster occurred in 1986.,supported,"The retrieved source confirms 1986, so the claim is supported.",train
tc-03152,books,The author of Ulysses is Charlotte Bronte.,James Joyce wrote Ulysses. This is widely documented.,unsupported,"The evidence gives James Joyce, not Charlotte Bronte, so the claim is contradicted.",train
tc-03153,books,Adam Smith is the author of Frankenstein.,Sources disagree. Source A: Frankenstein is a book by Mary Shelley. Source B: The work Frankenstein was authored by Adam Smith.,uncertain,Conflicting evidence means this claim cannot be marked supported or unsupported.,train
tc-03154,formulas,NaHCO3 is the formula for sulfuric acid.,Textbook summary: The standard formula for sulfuric acid is H2SO4.,unsupported,Retrieved evidence contradicts the claim: the correct value is H2SO4.,train
tc-03155,events,Watson and Crick published the double helix structure of DNA in 1958.,"Textbook summary: Watson and Crick published the double helix structure of DNA in 1953, according to standard histories.",unsupported,Retrieved evidence contradicts the claim: the correct value is 1953.,test
tc-03156,elements_symbol,O is the symbol of the element Oxygen.,Beryllium is abbreviated Be in the periodic table.,uncertain,The evidence is insufficient to confirm or contradict the claim.,train
tc-03157,books,Jane Eyre was written by Miguel de Cervantes.,Jane Eyre is a book by Charlotte Bronte.,unsupported,"The source states Charlotte Bronte. The claim says Miguel de Cervantes, which does not match.",train
tc-03158,formulas,CH4 is the formula for methane.,"Textbook summary: In chemistry, methane is written as CH4.",supported,"The evidence states CH4, which matches the claim.",train
tc-03159,events,Sputnik 1 was launched in 1954.,Textbook summary: The year 1957 is when Sputnik 1 was launched.,unsupported,Retrieved evidence contradicts the claim: the correct value is 1957.,train
tc-03160,elements_symbol,The chemical symbol for Lithium is P.,Sources disagree. Source A: The standard chemical symbol for Lithium is Li. Source B: The standard chemical symbol for Lithium is P.,uncertain,"Sources disagree (Li versus P), so the claim cannot be confirmed.",test
tc-03161,capitals,Berlin is the capital city of Senegal.,Turkey is a country whose capital city is Ankara. This is widely documented.,uncertain,The evidence is about a different subject and does not address this claim.,train
tc-03162,elements_number,Helium is element number 2.,"Textbook summary: In the periodic table, Gold occupies position 79.",uncertain,The evidence is about a different subject and does not address this claim.,train
tc-03163,formulas,HNO3 is the formula for nitric acid.,Nitric acid has the chemical formula HNO3. This is widely documented.,supported,The evidence directly supports the claim: it gives HNO3.,train
tc-03164,elements_number,Nickel is element number 28.,Reference note: Nickel is the chemical element with atomic number 28.,supported,"The evidence states 28, which matches the claim.",train
tc-03165,capitals,The Netherlands's capital is Amsterdam.,Conflicting reports. First report: Reference works list Amsterdam as the capital of the Netherlands. Second report: Reference works list Tehran as the capital of the Netherlands.,uncertain,Conflicting evidence means this claim cannot be marked supported or unsupported.,train
tc-03166,elements_number,Titanium has 15 protons in its nucleus.,Titanium is the chemical element with atomic number 22.,unsupported,Retrieved evidence contradicts the claim: the correct value is 22.,train
tc-03167,elements_number,The atomic number of Silver is 2.,"Textbook summary: In the periodic table, Copper occupies position 29.",uncertain,The evidence is about a different subject and does not address this claim.,train
tc-03168,books,On the Origin of Species was written by Charles Darwin.,Reference note: The work On the Origin of Species was authored by Charles Darwin.,supported,The evidence directly supports the claim: it gives Charles Darwin.,train
tc-03169,events,"In 1964, Sputnik 1 was launched.",One source says: The year 1957 is when Sputnik 1 was launched. Another source says: Historical records show that Sputnik 1 was launched in 1964.,uncertain,"The evidence conflicts, giving both 1957 and 1964.",train
tc-03170,books,Moby-Dick was written by Miguel de Cervantes.,Moby-Dick is a book by Herman Melville. This is widely documented.,unsupported,"The evidence gives Herman Melville, not Miguel de Cervantes, so the claim is contradicted.",train
tc-03171,planets,"Counting outward from the Sun, Earth is the first planet.","Reference note: In order of distance from the Sun, Uranus comes seventh.",uncertain,"The retrieved text does not mention what the claim asserts, so it cannot be confirmed.",train
tc-03172,geography,Ghana is a country in Oceania.,"Geographically, Ghana lies on the continent of Africa. This is widely documented.",unsupported,"The source states Africa. The claim says Oceania, which does not match.",train
tc-03173,elements_symbol,K is the symbol of the element Potassium.,The element Potassium is represented by the symbol K.,supported,The evidence directly supports the claim: it gives K.,train
tc-03174,elements_number,The atomic number of Lead is 82.,"Sources disagree. Source A: In the periodic table, Lead occupies position 82. Source B: Lead is the chemical element with atomic number 14.",uncertain,"Sources disagree (82 versus 14), so the claim cannot be confirmed.",val
tc-03175,elements_number,The atomic number of Zinc is 27.,Reference note: An atom of Zinc contains 30 protons.,unsupported,"The source states 30. The claim says 27, which does not match.",train
tc-03176,formulas,The chemical formula of nitric acid is NaCl.,"In chemistry, water is written as H2O.",uncertain,The evidence is insufficient to confirm or contradict the claim.,train
tc-03177,events,"In 1977, the Apollo 13 mission suffered an oxygen tank explosion.","Conflicting reports. First report: The year 1970 is when the Apollo 13 mission suffered an oxygen tank explosion. Second report: The Apollo 13 mission suffered an oxygen tank explosion in 1977, according to standard histories.",uncertain,"Sources disagree (1970 versus 1977), so the claim cannot be confirmed.",train
tc-03178,formulas,Ammonia has the formula CO.,Ammonia has the chemical formula NH3. This is widely documented.,unsupported,Retrieved evidence contradicts the claim: the correct value is NH3.,train
tc-03179,books,Frankenstein was written by Mary Shelley.,The Wealth of Nations is a book by Adam Smith. This is widely documented.,uncertain,The evidence is insufficient to confirm or contradict the claim.,train
tc-03180,events,"In 1947, India gained independence from British rule.",Textbook summary: The year 1947 is when India gained independence from British rule.,supported,"The retrieved source confirms 1947, so the claim is supported.",train
tc-03181,formulas,The chemical formula of ozone is HCl.,"In chemistry, ozone is written as O3. This is widely documented.",unsupported,Retrieved evidence contradicts the claim: the correct value is O3.,train
tc-03182,capitals,Kenya's capital is Nairobi.,Textbook summary: Kenya is a country whose capital city is Nairobi.,supported,The evidence directly supports the claim: it gives Nairobi.,test
tc-03183,capitals,Santiago is the capital city of Chile.,The capital of Chile is Santiago. This is widely documented.,supported,The evidence directly supports the claim: it gives Santiago.,train
tc-03184,elements_number,Tungsten is element number 74.,"Sources disagree. Source A: An atom of Tungsten contains 74 protons. Source B: In the periodic table, Tungsten occupies position 26.",uncertain,Conflicting evidence means this claim cannot be marked supported or unsupported.,train
tc-03185,formulas,Sulfur dioxide has the formula SO2.,Reference note: Sulfur dioxide has the chemical formula SO2.,supported,"The evidence states SO2, which matches the claim.",train
tc-03186,events,The Apollo 13 mission suffered an oxygen tank explosion in 1970.,Historical records show that the Curiosity rover landed on Mars in 2012. This is widely documented.,uncertain,The evidence is about a different subject and does not address this claim.,train
tc-03187,books,Don Quixote was written by Adam Smith.,Textbook summary: Miguel de Cervantes wrote Don Quixote.,unsupported,"The evidence gives Miguel de Cervantes, not Adam Smith, so the claim is contradicted.",train
tc-03188,science,An adult human skeleton has 180 bones.,The adult human skeleton is made up of 206 bones.,unsupported,"The source states 206 bones. The claim says 180 bones, which does not match.",train
tc-03189,capitals,The capital of Afghanistan is Kabul.,Textbook summary: Afghanistan is a country whose capital city is Kabul.,supported,"The retrieved source confirms Kabul, so the claim is supported.",test
tc-03190,formulas,C6H12O6 is the formula for ammonia.,Conflicting reports. First report: Ammonia has the chemical formula NH3. Second report: The standard formula for ammonia is C6H12O6.,uncertain,Conflicting evidence means this claim cannot be marked supported or unsupported.,train
tc-03191,capitals,Montevideo is the capital city of Ethiopia.,Addis Ababa is the capital city of Ethiopia. This is widely documented.,unsupported,"The evidence gives Addis Ababa, not Montevideo, so the claim is contradicted.",train
tc-03192,events,The Statue of Liberty was dedicated in 1891.,Historical records show that the Statue of Liberty was dedicated in 1886.,unsupported,Retrieved evidence contradicts the claim: the correct value is 1886.,train
tc-03193,events,"In 1933, World War II ended.",Historical records show that the Space Shuttle Challenger disaster occurred in 1986.,uncertain,The evidence is about a different subject and does not address this claim.,train
tc-03194,capitals,London is the capital city of Greece.,Greece is a country whose capital city is Athens.,unsupported,Retrieved evidence contradicts the claim: the correct value is Athens.,train
tc-03195,formulas,The chemical formula of glucose is C6H12O6.,Textbook summary: The standard formula for glucose is C6H12O6.,supported,The evidence directly supports the claim: it gives C6H12O6.,train
tc-03196,geography,Sweden is in Europe.,Sweden is located in Europe. This is widely documented.,supported,The evidence directly supports the claim: it gives Europe.,val
tc-03197,capitals,Bangladesh's capital is Dhaka.,Textbook summary: Reference works list Luanda as the capital of Angola.,uncertain,"The retrieved text does not mention what the claim asserts, so it cannot be confirmed.",train
tc-03198,geography,Pakistan lies on the continent of Africa.,Conflicting reports. First report: Pakistan is located in Asia. Second report: Pakistan is part of Africa.,uncertain,Conflicting evidence means this claim cannot be marked supported or unsupported.,train
tc-03199,geography,Ethiopia is in Oceania.,Ethiopia is part of Africa.,unsupported,"The source states Africa. The claim says Oceania, which does not match.",train
tc-03200,elements_symbol,Zn is the symbol of the element Zinc.,Textbook summary: Zinc is abbreviated Zn in the periodic table.,supported,The evidence directly supports the claim: it gives Zn.,train
tc-03201,capitals,The capital of Ghana is Accra.,Reference works list Accra as the capital of Ghana.,supported,"The retrieved source confirms Accra, so the claim is supported.",test
tc-03202,capitals,Addis Ababa is the capital city of Ethiopia.,Ghana is a country whose capital city is Accra.,uncertain,The evidence is insufficient to confirm or contradict the claim.,train
tc-03203,events,The Apollo 13 mission suffered an oxygen tank explosion in the year 1961.,"The Battle of Hastings was fought in 1066, according to standard histories. This is widely documented.",uncertain,The evidence is about a different subject and does not address this claim.,train
tc-03204,elements_symbol,The chemical symbol for Platinum is He.,The element Nitrogen is represented by the symbol N. This is widely documented.,uncertain,"The retrieved text does not mention what the claim asserts, so it cannot be confirmed.",train
tc-03205,elements_number,Cobalt has 13 protons in its nucleus.,Cobalt is the chemical element with atomic number 27.,unsupported,Retrieved evidence contradicts the claim: the correct value is 27.,train
tc-03206,geography,Germany is in North America.,Textbook summary: Germany is located in Europe.,unsupported,"The source states Europe. The claim says North America, which does not match.",train
tc-03207,capitals,Belgrade is the capital city of Serbia.,The capital of Serbia is Belgrade.,supported,"The retrieved source confirms Belgrade, so the claim is supported.",train
tc-03208,capitals,The capital of Ireland is Dublin.,Textbook summary: The capital of Ireland is Dublin.,supported,The evidence directly supports the claim: it gives Dublin.,train
tc-03209,capitals,Spain's capital is Madrid.,Textbook summary: Spain is a country whose capital city is Madrid.,supported,"The retrieved source confirms Madrid, so the claim is supported.",train
tc-03210,elements_number,Argon is element number 28.,Argon is the chemical element with atomic number 18.,unsupported,"The source states 18. The claim says 28, which does not match.",train
tc-03211,books,Gustave Flaubert is the author of The Trial.,Reference note: The work The Trial was authored by Franz Kafka.,unsupported,"The evidence gives Franz Kafka, not Gustave Flaubert, so the claim is contradicted.",train
tc-03212,events,The Battle of Hastings was fought in 1066.,Historical records show that Apollo 11 landed the first humans on the Moon in 1969. This is widely documented.,uncertain,The evidence is insufficient to confirm or contradict the claim.,train
tc-03213,geography,Chile is a country in Europe.,Uruguay is located in South America.,uncertain,The evidence is about a different subject and does not address this claim.,train
tc-03214,elements_number,The atomic number of Phosphorus is 15.,Sources disagree. Source A: Phosphorus is the chemical element with atomic number 15. Source B: An atom of Phosphorus contains 50 protons.,uncertain,"Sources disagree (15 versus 50), so the claim cannot be confirmed.",train
tc-03215,science,"Mount Everest rises about 7,200 metres above sea level.","The official height of Mount Everest is about 8,849 metres above sea level.",unsupported,"The source states 8,849 metres. The claim says 7,200 metres, which does not match.",val
tc-03216,capitals,Santiago is the capital city of New Zealand.,Reference note: Wellington is the capital city of New Zealand.,unsupported,Retrieved evidence contradicts the claim: the correct value is Wellington.,train
tc-03217,elements_number,Tin is element number 80.,Reference note: An atom of Tin contains 50 protons.,unsupported,"The source states 50. The claim says 80, which does not match.",val
tc-03218,elements_number,Boron is element number 5.,Textbook summary: Boron is the chemical element with atomic number 5.,supported,"The retrieved source confirms 5, so the claim is supported.",val
tc-03219,events,India gained independence from British rule in the year 1938.,Textbook summary: The year 1903 is when the Wright brothers made their first powered flight.,uncertain,"The retrieved text does not mention what the claim asserts, so it cannot be confirmed.",train
tc-03220,events,The October Revolution took place in Russia in 1920.,Reference note: Historical records show that the October Revolution took place in Russia in 1917.,unsupported,"The evidence gives 1917, not 1920, so the claim is contradicted.",train
tc-03221,capitals,Chile's capital is Lusaka.,Santiago is the capital city of Chile.,unsupported,"The evidence gives Santiago, not Lusaka, so the claim is contradicted.",train
tc-03222,capitals,Iraq's capital is Nairobi.,Reference works list Baghdad as the capital of Iraq.,unsupported,"The source states Baghdad. The claim says Nairobi, which does not match.",train
tc-03223,capitals,Athens is the capital city of Greece.,Conflicting reports. First report: Reference works list Athens as the capital of Greece. Second report: Greece is a country whose capital city is Tripoli.,uncertain,Conflicting evidence means this claim cannot be marked supported or unsupported.,train
tc-03224,elements_number,The atomic number of Calcium is 2.,Sodium is the chemical element with atomic number 11.,uncertain,The evidence is insufficient to confirm or contradict the claim.,train
tc-03225,books,Fyodor Dostoevsky is the author of Animal Farm.,Reference note: George Orwell wrote Animal Farm.,unsupported,"The evidence gives George Orwell, not Fyodor Dostoevsky, so the claim is contradicted.",train
tc-03226,capitals,Manila is the capital city of the Philippines.,Textbook summary: Caracas is the capital city of Venezuela.,uncertain,The evidence is insufficient to confirm or contradict the claim.,train
tc-03227,capitals,Argentina's capital is Buenos Aires.,Argentina is a country whose capital city is Buenos Aires. This is widely documented.,supported,"The evidence states Buenos Aires, which matches the claim.",train
tc-03228,books,The author of The Hobbit is Bram Stoker.,Textbook summary: The Hobbit is a book by J. R. R. Tolkien.,unsupported,"The evidence gives J. R. R. Tolkien, not Bram Stoker, so the claim is contradicted.",train
tc-03229,elements_number,Carbon has 6 protons in its nucleus.,"Conflicting reports. First report: In the periodic table, Carbon occupies position 6. Second report: In the periodic table, Carbon occupies position 12.",uncertain,Conflicting evidence means this claim cannot be marked supported or unsupported.,train
tc-03230,elements_number,Aluminium has 8 protons in its nucleus.,Textbook summary: Aluminium is the chemical element with atomic number 13.,unsupported,"The evidence gives 13, not 8, so the claim is contradicted.",train
tc-03231,elements_number,Nickel is element number 13.,"Textbook summary: In the periodic table, Nickel occupies position 28.",unsupported,Retrieved evidence contradicts the claim: the correct value is 28.,train
tc-03232,events,The Cuban Missile Crisis took place in the year 1962.,Conflicting reports. First report: The year 1962 is when the Cuban Missile Crisis took place. Second report: The year 1960 is when the Cuban Missile Crisis took place.,uncertain,"Sources disagree (1962 versus 1960), so the claim cannot be confirmed.",val
tc-03233,elements_number,Lead is element number 17.,Lead is the chemical element with atomic number 82. This is widely documented.,unsupported,Retrieved evidence contradicts the claim: the correct value is 82.,val
tc-03234,events,The Cuban Missile Crisis took place in the year 1962.,The year 1962 is when the Cuban Missile Crisis took place.,supported,The evidence directly supports the claim: it gives 1962.,val
tc-03235,planets,Earth is the eighth planet from the Sun.,"In order of distance from the Sun, Earth comes third. This is widely documented.",unsupported,Retrieved evidence contradicts the claim: the correct value is third.,train
tc-03236,books,Plato is the author of Don Quixote.,Reference note: War and Peace is a book by Leo Tolstoy.,uncertain,"The retrieved text does not mention what the claim asserts, so it cannot be confirmed.",train
tc-03237,science,Humans typically have 46 pairs of chromosomes.,A typical human cell contains 23 pairs of chromosomes.,unsupported,Retrieved evidence contradicts the claim: the correct value is 23 pairs of chromosomes.,train
tc-03238,events,The Chernobyl nuclear disaster occurred in 1986.,The year 1986 is when the Chernobyl nuclear disaster occurred.,supported,"The retrieved source confirms 1986, so the claim is supported.",train
tc-03239,elements_number,The atomic number of Nickel is 1.,"In the periodic table, Nickel occupies position 28.",unsupported,"The source states 28. The claim says 1, which does not match.",train
tc-03240,books,The Wealth of Nations was written by Fyodor Dostoevsky.,Textbook summary: The Wealth of Nations is a book by Adam Smith.,unsupported,Retrieved evidence contradicts the claim: the correct value is Adam Smith.,train
tc-03241,elements_symbol,The chemical symbol for Helium is H.,The standard chemical symbol for Calcium is Ca.,uncertain,The evidence is about a different subject and does not address this claim.,train
tc-03242,books,The author of The Divine Comedy is Dante Alighieri.,Textbook summary: The Hobbit is a book by J. R. R. Tolkien.,uncertain,The evidence is about a different subject and does not address this claim.,train
tc-03243,books,The author of Beloved is Toni Morrison.,Toni Morrison wrote Beloved.,supported,"The evidence states Toni Morrison, which matches the claim.",test
tc-03244,events,Christopher Columbus made his first voyage across the Atlantic in the year 1492.,The year 1492 is when Christopher Columbus made his first voyage across the Atlantic.,supported,"The retrieved source confirms 1492, so the claim is supported.",train
tc-03245,capitals,Brasilia is the capital city of Iceland.,Sources disagree. Source A: Reykjavik is the capital city of Iceland. Source B: Brasilia is the capital city of Iceland.,uncertain,Conflicting evidence means this claim cannot be marked supported or unsupported.,train
tc-03246,events,Apollo 11 landed the first humans on the Moon in 1965.,Historical records show that Apollo 11 landed the first humans on the Moon in 1969.,unsupported,"The source states 1969. The claim says 1965, which does not match.",train
tc-03247,books,The author of Leviathan is Dante Alighieri.,Reference note: Harper Lee wrote To Kill a Mockingbird.,uncertain,The evidence is about a different subject and does not address this claim.,train
tc-03248,books,The author of Dracula is Bram Stoker.,The work Dracula was authored by Bram Stoker. This is widely documented.,supported,The evidence directly supports the claim: it gives Bram Stoker.,train
tc-03249,elements_symbol,Pb is the symbol of the element Lead.,The element Lead is represented by the symbol Pb.,supported,The evidence directly supports the claim: it gives Pb.,train
tc-03250,events,The first modern Olympic Games were held in Athens in 1896.,Textbook summary: The year 1896 is when the first modern Olympic Games were held in Athens.,supported,The evidence directly supports the claim: it gives 1896.,test
tc-03251,science,Plants absorb carbon dioxide for photosynthesis.,"Sources disagree. Source A: During photosynthesis, plants take in carbon dioxide. Source B: During photosynthesis, plants take in helium.",uncertain,"The evidence conflicts, giving both carbon dioxide and helium.",train
tc-03252,capitals,Berlin is the capital city of Estonia.,The capital of Kazakhstan is Astana. This is widely documented.,uncertain,"The retrieved text does not mention what the claim asserts, so it cannot be confirmed.",train
tc-03253,science,Quartz is the hardest naturally occurring material.,Textbook summary: The hardest naturally occurring material is Diamond.,unsupported,Retrieved evidence contradicts the claim: the correct value is Diamond.,train
tc-03254,planets,"Counting outward from the Sun, Mars is the fourth planet.",Mars is the fourth planet from the Sun in the Solar System.,supported,The evidence directly supports the claim: it gives fourth.,train
tc-03255,books,The author of Crime and Punishment is Plato.,Toni Morrison wrote Beloved. This is widely documented.,uncertain,The evidence is insufficient to confirm or contradict the claim.,train
tc-03256,books,Toni Morrison is the author of A Brief History of Time.,Reference note: A Brief History of Time is a book by Stephen Hawking.,unsupported,"The source states Stephen Hawking. The claim says Toni Morrison, which does not match.",train
tc-03257,books,Bram Stoker is the author of War and Peace.,War and Peace is a book by Leo Tolstoy. This is widely documented.,unsupported,"The source states Leo Tolstoy. The claim says Bram Stoker, which does not match.",train
tc-03258,capitals,The capital of Nepal is Havana.,Kathmandu is the capital city of Nepal.,unsupported,Retrieved evidence contradicts the claim: the correct value is Kathmandu.,train
tc-03259,capitals,Lima is the capital city of Peru.,Reference note: Germany is a country whose capital city is Berlin.,uncertain,The evidence is about a different subject and does not address this claim.,train
tc-03260,books,The author of To Kill a Mockingbird is Harper Lee.,Reference note: To Kill a Mockingbird is a book by Harper Lee.,supported,The evidence directly supports the claim: it gives Harper Lee.,train
tc-03261,capitals,The capital of the Philippines is Manila.,Sources disagree. Source A: The capital of the Philippines is Manila. Source B: The capital of the Philippines is Kyiv.,uncertain,"Sources disagree (Manila versus Kyiv), so the claim cannot be confirmed.",train
tc-03262,capitals,The capital of Uzbekistan is Mexico City.,Tashkent is the capital city of Uzbekistan.,unsupported,"The evidence gives Tashkent, not Mexico City, so the claim is contradicted.",train
tc-03263,science,The Moon takes about 7 days to orbit the Earth.,Reference note: The mathematical constant pi is approximately 3.14159.,uncertain,"The retrieved text does not mention what the claim asserts, so it cannot be confirmed.",train
tc-03264,capitals,Japan's capital is Tokyo.,The capital of Japan is Tokyo. This is widely documented.,supported,The evidence directly supports the claim: it gives Tokyo.,train
tc-03265,geography,Thailand lies on the continent of Asia.,"Geographically, Thailand lies on the continent of Asia.",supported,"The retrieved source confirms Asia, so the claim is supported.",train
tc-03266,events,"In 1860, the Suez Canal opened.",Reference note: The year 1861 is when the American Civil War began.,uncertain,The evidence is about a different subject and does not address this claim.,train
tc-03267,elements_number,The atomic number of Lithium is 14.,One source says: An atom of Lithium contains 3 protons. Another source says: Lithium is the chemical element with atomic number 14.,uncertain,Conflicting evidence means this claim cannot be marked supported or unsupported.,val
tc-03268,events,India gained independence from British rule in the year 1947.,"Conflicting reports. First report: Historical records show that India gained independence from British rule in 1947. Second report: India gained independence from British rule in 1938, according to standard histories.",uncertain,"The evidence conflicts, giving both 1947 and 1938.",train
tc-03269,books,Harper Lee is the author of On the Origin of Species.,On the Origin of Species is a book by Charles Darwin. This is widely documented.,unsupported,"The evidence gives Charles Darwin, not Harper Lee, so the claim is contradicted.",train
tc-03270,events,"In 1955, the Cuban Missile Crisis took place.",Reference note: The year 1962 is when the Cuban Missile Crisis took place.,unsupported,"The evidence gives 1962, not 1955, so the claim is contradicted.",val
tc-03271,events,World War I began in 1914.,The year 1914 is when World War I began.,supported,"The retrieved source confirms 1914, so the claim is supported.",train
tc-03272,books,Toni Morrison is the author of The Trial.,The Trial is a book by Franz Kafka.,unsupported,"The evidence gives Franz Kafka, not Toni Morrison, so the claim is contradicted.",train
tc-03273,elements_number,Argon has 30 protons in its nucleus.,An atom of Argon contains 18 protons. This is widely documented.,unsupported,"The evidence gives 18, not 30, so the claim is contradicted.",train
tc-03274,geography,Jamaica lies on the continent of Oceania.,Jamaica is part of North America. This is widely documented.,unsupported,"The evidence gives North America, not Oceania, so the claim is contradicted.",val
tc-03275,capitals,Belgium's capital is Quito.,The capital of Belgium is Brussels. This is widely documented.,unsupported,"The evidence gives Brussels, not Quito, so the claim is contradicted.",train
tc-03276,books,Gustave Flaubert is the author of Madame Bovary.,Sources disagree. Source A: The work Madame Bovary was authored by Gustave Flaubert. Source B: Madame Bovary is a book by Jane Austen.,uncertain,"Sources disagree (Gustave Flaubert versus Jane Austen), so the claim cannot be confirmed.",train
tc-03277,elements_number,Oxygen is element number 6.,"Conflicting reports. First report: In the periodic table, Oxygen occupies position 8. Second report: Oxygen is the chemical element with atomic number 6.",uncertain,"Sources disagree (8 versus 6), so the claim cannot be confirmed.",train
tc-03278,formulas,O3 is the formula for ammonia.,Reference note: Ammonia has the chemical formula NH3.,unsupported,"The evidence gives NH3, not O3, so the claim is contradicted.",train
tc-03279,geography,Finland is a country in Europe.,"Geographically, Thailand lies on the continent of Asia.",uncertain,The evidence is insufficient to confirm or contradict the claim.,train
tc-03280,books,Things Fall Apart was written by Gustave Flaubert.,Reference note: Chinua Achebe wrote Things Fall Apart.,unsupported,"The source states Chinua Achebe. The claim says Gustave Flaubert, which does not match.",train
tc-03281,elements_symbol,The chemical symbol for Oxygen is O.,The standard chemical symbol for Oxygen is O.,supported,The evidence directly supports the claim: it gives O.,train
tc-03282,formulas,Nitric acid has the formula SO2.,The standard formula for nitric acid is HNO3.,unsupported,"The source states HNO3. The claim says SO2, which does not match.",train
tc-03283,capitals,The capital of Finland is Lusaka.,Reference works list Helsinki as the capital of Finland. This is widely documented.,unsupported,"The evidence gives Helsinki, not Lusaka, so the claim is contradicted.",train
tc-03284,capitals,The capital of Russia is Dakar.,Reference note: The capital of Russia is Moscow.,unsupported,Retrieved evidence contradicts the claim: the correct value is Moscow.,test
tc-03285,elements_symbol,The chemical symbol for Sulfur is S.,One source says: The element Sulfur is represented by the symbol S. Another source says: The element Sulfur is represented by the symbol F.,uncertain,Conflicting evidence means this claim cannot be marked supported or unsupported.,train
tc-03286,capitals,Uzbekistan's capital is Tashkent.,Textbook summary: Helsinki is the capital city of Finland.,uncertain,"The retrieved text does not mention what the claim asserts, so it cannot be confirmed.",train
tc-03287,events,The Space Shuttle Columbia first flew in 1980.,The year 1981 is when the Space Shuttle Columbia first flew. This is widely documented.,unsupported,Retrieved evidence contradicts the claim: the correct value is 1981.,train
tc-03288,books,The author of 1984 is George Orwell.,Reference note: 1984 is a book by George Orwell.,supported,"The evidence states George Orwell, which matches the claim.",train
tc-03289,science,Nitrogen is the most abundant gas in Earth's atmosphere.,The most abundant gas in Earth's atmosphere is Nitrogen.,supported,The evidence directly supports the claim: it gives Nitrogen.,val
tc-03290,events,Nelson Mandela was released from prison in 1978.,Reference note: The year 1990 is when Nelson Mandela was released from prison.,unsupported,Retrieved evidence contradicts the claim: the correct value is 1990.,train
tc-03291,books,Don Quixote was written by Miguel de Cervantes.,Sources disagree. Source A: Miguel de Cervantes wrote Don Quixote. Source B: Harper Lee wrote Don Quixote.,uncertain,Conflicting evidence means this claim cannot be marked supported or unsupported.,train
tc-03292,books,Don Quixote was written by Plato.,Miguel de Cervantes wrote Don Quixote. This is widely documented.,unsupported,"The evidence gives Miguel de Cervantes, not Plato, so the claim is contradicted.",train
tc-03293,events,"In 1954, World War II ended.",Textbook summary: Historical records show that World War II ended in 1945.,unsupported,"The source states 1945. The claim says 1954, which does not match.",train
tc-03294,books,Plato is the author of One Hundred Years of Solitude.,Mary Shelley wrote Frankenstein.,uncertain,The evidence is insufficient to confirm or contradict the claim.,test
tc-03295,books,Brave New World was written by Stephen Hawking.,Reference note: Brave New World is a book by Aldous Huxley.,unsupported,"The evidence gives Aldous Huxley, not Stephen Hawking, so the claim is contradicted.",train
tc-03296,elements_number,Chromium is element number 24.,Conflicting reports. First report: Chromium is the chemical element with atomic number 24. Second report: Chromium is the chemical element with atomic number 25.,uncertain,"The evidence conflicts, giving both 24 and 25.",train
tc-03297,capitals,Angola's capital is Luanda.,Reference works list Luanda as the capital of Angola. This is widely documented.,supported,"The retrieved source confirms Luanda, so the claim is supported.",train
tc-03298,events,King John sealed the Magna Carta in the year 1203.,The year 1947 is when India gained independence from British rule.,uncertain,"The retrieved text does not mention what the claim asserts, so it cannot be confirmed.",train
tc-03299,books,The Divine Comedy was written by Dante Alighieri.,Conflicting reports. First report: The Divine Comedy is a book by Dante Alighieri. Second report: The work The Divine Comedy was authored by Victor Hugo.,uncertain,Conflicting evidence means this claim cannot be marked supported or unsupported.,train
tc-03300,books,Fyodor Dostoevsky is the author of Leviathan.,Leviathan is a book by Thomas Hobbes.,unsupported,"The evidence gives Thomas Hobbes, not Fyodor Dostoevsky, so the claim is contradicted.",train
tc-03301,elements_symbol,N is the symbol of the element Nitrogen.,Textbook summary: Nitrogen is abbreviated N in the periodic table.,supported,The evidence directly supports the claim: it gives N.,train
tc-03302,events,The Wall Street Crash began in the year 1930.,"Reference note: The Wall Street Crash began in 1929, according to standard histories.",unsupported,Retrieved evidence contradicts the claim: the correct value is 1929.,train
tc-03303,events,World War I began in 1905.,Reference note: The year 1914 is when World War I began.,unsupported,"The source states 1914. The claim says 1905, which does not match.",train
tc-03304,elements_symbol,Ti is the symbol of the element Titanium.,The standard chemical symbol for Titanium is Ti. This is widely documented.,supported,"The retrieved source confirms Ti, so the claim is supported.",val
tc-03305,books,The author of Don Quixote is Miguel de Cervantes.,Reference note: Miguel de Cervantes wrote Don Quixote.,supported,"The retrieved source confirms Miguel de Cervantes, so the claim is supported.",train
tc-03306,books,To Kill a Mockingbird was written by Dante Alighieri.,Leviathan is a book by Thomas Hobbes. This is widely documented.,uncertain,The evidence is about a different subject and does not address this claim.,train
tc-03307,capitals,Mongolia's capital is Ulaanbaatar.,Conflicting reports. First report: The capital of Mongolia is Ulaanbaatar. Second report: Quito is the capital city of Mongolia.,uncertain,"The evidence conflicts, giving both Ulaanbaatar and Quito.",train
tc-03308,elements_number,The atomic number of Beryllium is 4.,One source says: An atom of Beryllium contains 4 protons. Another source says: An atom of Beryllium contains 82 protons.,uncertain,"The evidence conflicts, giving both 4 and 82.",train
tc-03309,books,The author of Moby-Dick is Plato.,The Wealth of Nations is a book by Adam Smith. This is widely documented.,uncertain,The evidence is about a different subject and does not address this claim.,train
tc-03310,capitals,The capital of the Philippines is Manila.,Manila is the capital city of the Philippines.,supported,"The retrieved source confirms Manila, so the claim is supported.",train
tc-03311,events,"In 1961, the Berlin Wall was built.","The Berlin Wall was built in 1961, according to standard histories. This is widely documented.",supported,The evidence directly supports the claim: it gives 1961.,val
tc-03312,events,World War I began in 1914.,"World War I began in 1914, according to standard histories. This is widely documented.",supported,The evidence directly supports the claim: it gives 1914.,train
tc-03313,elements_number,Fluorine has 74 protons in its nucleus.,Fluorine is the chemical element with atomic number 9. This is widely documented.,unsupported,Retrieved evidence contradicts the claim: the correct value is 9.,train
tc-03314,books,Charlotte Bronte is the author of Jane Eyre.,Conflicting reports. First report: Jane Eyre is a book by Charlotte Bronte. Second report: Jane Eyre is a book by James Joyce.,uncertain,Conflicting evidence means this claim cannot be marked supported or unsupported.,train
tc-03315,formulas,CO is the formula for baking soda.,"Sources disagree. Source A: In chemistry, baking soda is written as NaHCO3. Source B: The standard formula for baking soda is CO.",uncertain,"The evidence conflicts, giving both NaHCO3 and CO.",train
tc-03316,geography,Spain is a country in Europe.,Vietnam is part of Asia.,uncertain,"The retrieved text does not mention what the claim asserts, so it cannot be confirmed.",val
tc-03317,elements_number,Sodium has 11 protons in its nucleus.,"In the periodic table, Sodium occupies position 11. This is widely documented.",supported,"The evidence states 11, which matches the claim.",train
tc-03318,elements_symbol,The chemical symbol for Lithium is Ti.,The element Lithium is represented by the symbol Li. This is widely documented.,unsupported,"The source states Li. The claim says Ti, which does not match.",test
tc-03319,capitals,Ottawa is the capital city of Kazakhstan.,Reference note: The capital of Kazakhstan is Astana.,unsupported,"The source states Astana. The claim says Ottawa, which does not match.",train
tc-03320,elements_number,Lithium has 3 protons in its nucleus.,Reference note: An atom of Lithium contains 3 protons.,supported,The evidence directly supports the claim: it gives 3.,val
tc-03321,formulas,The chemical formula of hydrogen peroxide is H2O2.,Sources disagree. Source A: Hydrogen peroxide has the chemical formula H2O2. Source B: The standard formula for hydrogen peroxide is H2SO4.,uncertain,"The evidence conflicts, giving both H2O2 and H2SO4.",train
tc-03322,formulas,CO2 is the formula for table salt.,The standard formula for sulfuric acid is H2SO4.,uncertain,The evidence is about a different subject and does not address this claim.,train
tc-03323,events,King John sealed the Magna Carta in the year 1215.,The year 1215 is when King John sealed the Magna Carta.,supported,The evidence directly supports the claim: it gives 1215.,train
tc-03324,elements_symbol,O is the symbol of the element Hydrogen.,Textbook summary: Hydrogen is abbreviated H in the periodic table.,unsupported,"The source states H. The claim says O, which does not match.",val
tc-03325,events,The United States Declaration of Independence was adopted in the year 1776.,"Textbook summary: The United States Declaration of Independence was adopted in 1776, according to standard histories.",supported,"The evidence states 1776, which matches the claim.",train
tc-03326,science,The largest planet in the Solar System is Jupiter.,Reference note: Jupiter is the largest planet in the Solar System.,supported,"The evidence states Jupiter, which matches the claim.",train
tc-03327,elements_number,The atomic number of Nickel is 28.,One source says: Nickel is the chemical element with atomic number 28. Another source says: An atom of Nickel contains 3 protons.,uncertain,"The evidence conflicts, giving both 28 and 3.",train
tc-03328,elements_number,Cobalt has 27 protons in its nucleus.,An atom of Cobalt contains 27 protons.,supported,"The evidence states 27, which matches the claim.",train
tc-03329,science,The Solar System has nine planets.,The Solar System contains eight recognised planets.,unsupported,"The source states eight. The claim says nine, which does not match.",test
tc-03330,capitals,The capital of India is New Delhi.,Textbook summary: Zagreb is the capital city of Croatia.,uncertain,The evidence is about a different subject and does not address this claim.,test
tc-03331,geography,Cuba is a country in Europe.,Ethiopia is part of Africa.,uncertain,"The retrieved text does not mention what the claim asserts, so it cannot be confirmed.",train
tc-03332,geography,Pakistan is in Asia.,Textbook summary: Pakistan is part of Asia.,supported,"The retrieved source confirms Asia, so the claim is supported.",train
tc-03333,events,"In 1980, the Berlin Wall fell.",Textbook summary: Historical records show that the United States Declaration of Independence was adopted in 1776.,uncertain,The evidence is about a different subject and does not address this claim.,train
tc-03334,books,Homer is the author of Leviathan.,Thomas Hobbes wrote Leviathan.,unsupported,"The source states Thomas Hobbes. The claim says Homer, which does not match.",train
tc-03335,books,Mary Shelley is the author of Don Quixote.,Miguel de Cervantes wrote Don Quixote.,unsupported,"The evidence gives Miguel de Cervantes, not Mary Shelley, so the claim is contradicted.",train
tc-03336,events,Nelson Mandela was released from prison in the year 1990.,Textbook summary: The year 1990 is when Nelson Mandela was released from prison.,supported,"The retrieved source confirms 1990, so the claim is supported.",train
tc-03337,formulas,The chemical formula of sulfuric acid is H2SO4.,Textbook summary: The standard formula for sulfuric acid is H2SO4.,supported,"The evidence states H2SO4, which matches the claim.",train
tc-03338,science,The Moon takes about 60 days to orbit the Earth.,The Moon completes one orbit of Earth in about 27 days. This is widely documented.,unsupported,Retrieved evidence contradicts the claim: the correct value is 27 days.,train
tc-03339,capitals,Mexico's capital is Mexico City.,Reference works list Mexico City as the capital of Mexico. This is widely documented.,supported,"The retrieved source confirms Mexico City, so the claim is supported.",train
tc-03340,capitals,The capital of Croatia is Budapest.,One source says: Croatia is a country whose capital city is Zagreb. Another source says: Reference works list Budapest as the capital of Croatia.,uncertain,"Sources disagree (Zagreb versus Budapest), so the claim cannot be confirmed.",train
tc-03341,elements_symbol,I is the symbol of the element Lead.,The standard chemical symbol for Lead is Pb. This is widely documented.,unsupported,Retrieved evidence contradicts the claim: the correct value is Pb.,train
tc-03342,planets,Venus is the second planet from the Sun.,Venus is the second planet from the Sun in the Solar System.,supported,The evidence directly supports the claim: it gives second.,train
tc-03343,capitals,The capital of the Netherlands is Amsterdam.,One source says: Reference works list Amsterdam as the capital of the Netherlands. Another source says: The capital of the Netherlands is New Delhi.,uncertain,"Sources disagree (Amsterdam versus New Delhi), so the claim cannot be confirmed.",train
tc-03344,events,"In 2012, the Curiosity rover landed on Mars.","The Curiosity rover landed on Mars in 2012, according to standard histories. This is widely documented.",supported,"The evidence states 2012, which matches the claim.",val
tc-03345,planets,"Counting outward from the Sun, Saturn is the seventh planet.",Reference note: Saturn is the sixth planet from the Sun in the Solar System.,unsupported,Retrieved evidence contradicts the claim: the correct value is sixth.,test
tc-03346,events,"In 1789, the French Revolution began.","Reference note: The French Revolution began in 1789, according to standard histories.",supported,"The evidence states 1789, which matches the claim.",train
tc-03347,geography,Morocco lies on the continent of Africa.,"Geographically, Morocco lies on the continent of Africa. This is widely documented.",supported,The evidence directly supports the claim: it gives Africa.,test
tc-03348,capitals,Brasilia is the capital city of Brazil.,Reference note: Brasilia is the capital city of Brazil.,supported,"The evidence states Brasilia, which matches the claim.",train
tc-03349,capitals,Paris is the capital city of Angola.,Reference note: Austria is a country whose capital city is Vienna.,uncertain,"The retrieved text does not mention what the claim asserts, so it cannot be confirmed.",train
tc-03350,planets,Jupiter is the fifth planet from the Sun.,Jupiter is the fifth planet from the Sun in the Solar System.,supported,"The evidence states fifth, which matches the claim.",train
tc-03351,geography,Italy is a country in Europe.,Reference note: Italy is part of Europe.,supported,"The evidence states Europe, which matches the claim.",train
tc-03352,science,Water freezes at minus 10 degrees Celsius at standard pressure.,"The Great Barrier Reef is located off Queensland, Australia.",uncertain,"The retrieved text does not mention what the claim asserts, so it cannot be confirmed.",train
tc-03353,books,Plato is the author of Les Miserables.,The work Moby-Dick was authored by Herman Melville.,uncertain,"The retrieved text does not mention what the claim asserts, so it cannot be confirmed.",train
tc-03354,events,The Titanic sank in the year 1913.,The year 1912 is when the Titanic sank. This is widely documented.,unsupported,"The evidence gives 1912, not 1913, so the claim is contradicted.",train
tc-03355,elements_number,Lead is element number 82.,An atom of Lead contains 82 protons. This is widely documented.,supported,The evidence directly supports the claim: it gives 82.,val
tc-03356,books,The author of Things Fall Apart is George Orwell.,Textbook summary: Things Fall Apart is a book by Chinua Achebe.,unsupported,"The evidence gives Chinua Achebe, not George Orwell, so the claim is contradicted.",train
tc-03357,events,The Panama Canal opened in the year 1914.,The year 1914 is when the Panama Canal opened. This is widely documented.,supported,"The retrieved source confirms 1914, so the claim is supported.",train
tc-03358,events,Nelson Mandela was released from prison in 1990.,"Textbook summary: Nelson Mandela was released from prison in 1990, according to standard histories.",supported,The evidence directly supports the claim: it gives 1990.,train
tc-03359,capitals,Pakistan's capital is Islamabad.,Reference works list Islamabad as the capital of Pakistan.,supported,The evidence directly supports the claim: it gives Islamabad.,train
tc-03360,events,The Cuban Missile Crisis took place in the year 1955.,"Textbook summary: The Cuban Missile Crisis took place in 1962, according to standard histories.",unsupported,Retrieved evidence contradicts the claim: the correct value is 1962.,val
tc-03361,capitals,The capital of Malaysia is Brasilia.,Kuala Lumpur is the capital city of Malaysia.,unsupported,"The source states Kuala Lumpur. The claim says Brasilia, which does not match.",train
tc-03362,capitals,The capital of Bangladesh is Abuja.,Reference note: The capital of Bangladesh is Dhaka.,unsupported,"The source states Dhaka. The claim says Abuja, which does not match.",train
tc-03363,books,Hamlet was written by Franz Kafka.,The work Hamlet was authored by William Shakespeare. This is widely documented.,unsupported,"The evidence gives William Shakespeare, not Franz Kafka, so the claim is contradicted.",train
tc-03364,geography,South Korea lies on the continent of South America.,Reference note: South Korea is part of Asia.,unsupported,"The evidence gives Asia, not South America, so the claim is contradicted.",train
tc-03365,events,Watson and Crick published the double helix structure of DNA in 1953.,Reference note: The year 1953 is when Watson and Crick published the double helix structure of DNA.,supported,"The evidence states 1953, which matches the claim.",test
tc-03366,events,The Panama Canal opened in 1909.,"Textbook summary: The Panama Canal opened in 1914, according to standard histories.",unsupported,"The evidence gives 1914, not 1909, so the claim is contradicted.",train
tc-03367,events,Apollo 11 landed the first humans on the Moon in 1969.,Reference note: The year 1969 is when Apollo 11 landed the first humans on the Moon.,supported,"The evidence states 1969, which matches the claim.",train
tc-03368,capitals,The capital of Malaysia is Manila.,One source says: Kuala Lumpur is the capital city of Malaysia. Another source says: The capital of Malaysia is Manila.,uncertain,Conflicting evidence means this claim cannot be marked supported or unsupported.,train
tc-03369,geography,Chile lies on the continent of South America.,Conflicting reports. First report: Chile is part of South America. Second report: Chile is part of North America.,uncertain,"Sources disagree (South America versus North America), so the claim cannot be confirmed.",train
tc-03370,science,Water freezes at 0 degrees Celsius at standard pressure.,"Textbook summary: At standard pressure, water freezes at 0 degrees Celsius.",supported,The evidence directly supports the claim: it gives 0 degrees Celsius.,train
tc-03371,events,"In 1912, the Titanic sank.",The year 1912 is when the Titanic sank. This is widely documented.,supported,The evidence directly supports the claim: it gives 1912.,train
tc-03372,events,"In 1941, the atomic bomb was dropped on Hiroshima.","The atomic bomb was dropped on Hiroshima in 1945, according to standard histories.",unsupported,"The source states 1945. The claim says 1941, which does not match.",train
tc-03373,events,The Apollo 13 mission suffered an oxygen tank explosion in 1970.,"The Apollo 13 mission suffered an oxygen tank explosion in 1970, according to standard histories. This is widely documented.",supported,The evidence directly supports the claim: it gives 1970.,train
tc-03374,geography,Argentina lies on the continent of South America.,Textbook summary: Argentina is located in South America.,supported,The evidence directly supports the claim: it gives South America.,train
tc-03375,capitals,Paris is the capital city of Vietnam.,Reference works list London as the capital of the United Kingdom. This is widely documented.,uncertain,The evidence is about a different subject and does not address this claim.,train
tc-03376,geography,Poland lies on the continent of Europe.,"Reference note: Geographically, Poland lies on the continent of Europe.",supported,"The evidence states Europe, which matches the claim.",test
tc-03377,science,"Sound travels through air at 20 degrees Celsius at about 1,000 metres per second.","At standard atmospheric pressure at sea level, water boils at 100 degrees Celsius.",uncertain,"The retrieved text does not mention what the claim asserts, so it cannot be confirmed.",train
tc-03378,planets,Saturn is the sixth planet from the Sun.,Reference note: Saturn is the sixth planet from the Sun in the Solar System.,supported,"The evidence states sixth, which matches the claim.",test
tc-03379,events,The Eiffel Tower was completed in 1889.,"The Eiffel Tower was completed in 1889, according to standard histories.",supported,"The evidence states 1889, which matches the claim.",train
tc-03380,events,The Apollo 13 mission suffered an oxygen tank explosion in 1963.,"The Apollo 13 mission suffered an oxygen tank explosion in 1970, according to standard histories.",unsupported,Retrieved evidence contradicts the claim: the correct value is 1970.,train
tc-03381,capitals,The capital of Romania is Bucharest.,Reference works list Bucharest as the capital of Romania. This is widely documented.,supported,The evidence directly supports the claim: it gives Bucharest.,val
tc-03382,elements_number,The atomic number of Magnesium is 12.,An atom of Magnesium contains 12 protons. This is widely documented.,supported,The evidence directly supports the claim: it gives 12.,train
tc-03383,elements_number,The atomic number of Magnesium is 3.,Reference note: An atom of Magnesium contains 12 protons.,unsupported,"The source states 12. The claim says 3, which does not match.",train
tc-03384,science,Water boils at 80 degrees Celsius at standard sea-level pressure.,"At standard atmospheric pressure at sea level, water boils at 100 degrees Celsius.",unsupported,"The evidence gives 100 degrees Celsius, not 80 degrees Celsius, so the claim is contradicted.",test
tc-03385,planets,"Counting outward from the Sun, Mars is the fourth planet.",Conflicting reports. First report: Mars is the fourth planet from the Sun in the Solar System. Second report: Mars is the second planet from the Sun in the Solar System.,uncertain,"The evidence conflicts, giving both fourth and second.",train
tc-03386,geography,Brazil is in Africa.,Textbook summary: Brazil is located in South America.,unsupported,"The source states South America. The claim says Africa, which does not match.",train
tc-03387,capitals,New Delhi is the capital city of India.,Reference note: India is a country whose capital city is New Delhi.,supported,The evidence directly supports the claim: it gives New Delhi.,test
tc-03388,elements_symbol,Mg is the symbol of the element Magnesium.,The standard chemical symbol for Magnesium is Mg.,supported,The evidence directly supports the claim: it gives Mg.,test
tc-03389,events,"In 1203, King John sealed the Magna Carta.",Historical records show that the United Kingdom held its Brexit referendum in 2016. This is widely documented.,uncertain,The evidence is about a different subject and does not address this claim.,train
tc-03390,elements_number,Aluminium has 19 protons in its nucleus.,"One source says: In the periodic table, Aluminium occupies position 13. Another source says: In the periodic table, Aluminium occupies position 19.",uncertain,"Sources disagree (13 versus 19), so the claim cannot be confirmed.",train
tc-03391,geography,Japan is a country in Asia.,"Geographically, Japan lies on the continent of Asia.",supported,The evidence directly supports the claim: it gives Asia.,train
tc-03392,science,A leap year has 366 days.,Textbook summary: A leap year in the Gregorian calendar contains 366 days.,supported,The evidence directly supports the claim: it gives 366 days.,train
tc-03393,capitals,The capital of Poland is Warsaw.,Textbook summary: The capital of Poland is Warsaw.,supported,"The evidence states Warsaw, which matches the claim.",test
tc-03394,geography,Italy lies on the continent of Europe.,"Sources disagree. Source A: Geographically, Italy lies on the continent of Europe. Source B: Italy is part of Africa.",uncertain,"The evidence conflicts, giving both Europe and Africa.",train
tc-03395,events,Nelson Mandela was released from prison in the year 1990.,"One source says: Nelson Mandela was released from prison in 1990, according to standard histories. Another source says: The year 1978 is when Nelson Mandela was released from prison.",uncertain,"The evidence conflicts, giving both 1990 and 1978.",train
tc-03396,books,Charlotte Bronte is the author of War and Peace.,The work War and Peace was authored by Leo Tolstoy.,unsupported,"The evidence gives Leo Tolstoy, not Charlotte Bronte, so the claim is contradicted.",train
tc-03397,elements_symbol,The chemical symbol for Titanium is Ne.,Sources disagree. Source A: Titanium is abbreviated Ti in the periodic table. Source B: Titanium is abbreviated Ne in the periodic table.,uncertain,"Sources disagree (Ti versus Ne), so the claim cannot be confirmed.",val
tc-03398,geography,Ghana is a country in Africa.,Ghana is part of Africa. This is widely documented.,supported,"The evidence states Africa, which matches the claim.",train
tc-03399,capitals,Tashkent is the capital city of Uzbekistan.,The capital of Uzbekistan is Tashkent. This is widely documented.,supported,"The evidence states Tashkent, which matches the claim.",train
tc-03400,books,The author of The Hobbit is Plato.,Textbook summary: The work Ulysses was authored by James Joyce.,uncertain,The evidence is insufficient to confirm or contradict the claim.,train
tc-03401,capitals,Poland's capital is Warsaw.,Warsaw is the capital city of Poland.,supported,"The retrieved source confirms Warsaw, so the claim is supported.",test
tc-03402,capitals,Uganda's capital is Kampala.,Textbook summary: Kampala is the capital city of Uganda.,supported,The evidence directly supports the claim: it gives Kampala.,train
tc-03403,elements_number,Uranium has 29 protons in its nucleus.,Uranium is the chemical element with atomic number 92. This is widely documented.,unsupported,Retrieved evidence contradicts the claim: the correct value is 92.,train
tc-03404,elements_number,The atomic number of Tin is 1.,An atom of Magnesium contains 12 protons. This is widely documented.,uncertain,"The retrieved text does not mention what the claim asserts, so it cannot be confirmed.",val
tc-03405,geography,Spain lies on the continent of South America.,Reference note: Spain is part of Europe.,unsupported,"The evidence gives Europe, not South America, so the claim is contradicted.",val
tc-03406,science,Humans typically have 23 pairs of chromosomes.,A typical human cell contains 23 pairs of chromosomes.,supported,"The retrieved source confirms 23 pairs of chromosomes, so the claim is supported.",train
tc-03407,books,Jane Eyre was written by Charlotte Bronte.,Textbook summary: The work Jane Eyre was authored by Charlotte Bronte.,supported,The evidence directly supports the claim: it gives Charlotte Bronte.,train
tc-03408,planets,"Counting outward from the Sun, Jupiter is the eighth planet.",Reference note: Jupiter is the fifth planet from the Sun in the Solar System.,unsupported,"The evidence gives fifth, not eighth, so the claim is contradicted.",train
tc-03409,capitals,The capital of Spain is Madrid.,The capital of Spain is Madrid. This is widely documented.,supported,"The retrieved source confirms Madrid, so the claim is supported.",train
tc-03410,capitals,The capital of Switzerland is Bern.,Switzerland is a country whose capital city is Bern.,supported,"The retrieved source confirms Bern, so the claim is supported.",val
tc-03411,capitals,The capital of Poland is Warsaw.,Textbook summary: Poland is a country whose capital city is Warsaw.,supported,The evidence directly supports the claim: it gives Warsaw.,test
tc-03412,books,Leo Tolstoy is the author of Dracula.,Textbook summary: The work Dracula was authored by Bram Stoker.,unsupported,"The evidence gives Bram Stoker, not Leo Tolstoy, so the claim is contradicted.",train
tc-03413,events,The Suez Canal opened in 1869.,The year 1869 is when the Suez Canal opened. This is widely documented.,supported,The evidence directly supports the claim: it gives 1869.,train
tc-03414,elements_symbol,The chemical symbol for Copper is Cu.,The standard chemical symbol for Copper is Cu.,supported,"The retrieved source confirms Cu, so the claim is supported.",train
tc-03415,elements_number,Helium has 2 protons in its nucleus.,"Reference note: In the periodic table, Helium occupies position 2.",supported,"The evidence states 2, which matches the claim.",train
tc-03416,elements_number,The atomic number of Boron is 3.,Textbook summary: An atom of Boron contains 5 protons.,unsupported,"The source states 5. The claim says 3, which does not match.",val
tc-03417,events,"In 1992, the Berlin Wall fell.","One source says: Historical records show that the Berlin Wall fell in 1989. Another source says: The Berlin Wall fell in 1992, according to standard histories.",uncertain,"The evidence conflicts, giving both 1989 and 1992.",train
tc-03418,capitals,Nigeria's capital is Lusaka.,Reference note: Nigeria is a country whose capital city is Abuja.,unsupported,"The evidence gives Abuja, not Lusaka, so the claim is contradicted.",train
tc-03419,events,India gained independence from British rule in the year 1947.,"India gained independence from British rule in 1947, according to standard histories.",supported,The evidence directly supports the claim: it gives 1947.,train
tc-03420,geography,Argentina lies on the continent of Europe.,Argentina is located in South America.,unsupported,"The evidence gives South America, not Europe, so the claim is contradicted.",train
tc-03421,events,India gained independence from British rule in 1938.,"Textbook summary: The Battle of Hastings was fought in 1066, according to standard histories.",uncertain,The evidence is insufficient to confirm or contradict the claim.,train
tc-03422,capitals,London is the capital city of Lithuania.,Textbook summary: Reference works list Vilnius as the capital of Lithuania.,unsupported,Retrieved evidence contradicts the claim: the correct value is Vilnius.,train
tc-03423,geography,Japan is a country in Africa.,Japan is located in Asia. This is widely documented.,unsupported,"The evidence gives Asia, not Africa, so the claim is contradicted.",train
tc-03424,geography,Argentina is a country in South America.,Conflicting reports. First report: Argentina is part of South America. Second report: Argentina is part of Africa.,uncertain,"Sources disagree (South America versus Africa), so the claim cannot be confirmed.",train
tc-03425,geography,Mexico is in Europe.,"Geographically, Fiji lies on the continent of Oceania.",uncertain,"The retrieved text does not mention what the claim asserts, so it cannot be confirmed.",train
tc-03426,elements_number,The atomic number of Tungsten is 25.,Sources disagree. Source A: An atom of Tungsten contains 74 protons. Source B: Tungsten is the chemical element with atomic number 25.,uncertain,"The evidence conflicts, giving both 74 and 25.",train
tc-03427,elements_symbol,The chemical symbol for Oxygen is O.,Textbook summary: Oxygen is abbreviated O in the periodic table.,supported,The evidence directly supports the claim: it gives O.,train
tc-03428,events,The first iPhone was released in 2007.,"The first iPhone was released in 2007, according to standard histories. This is widely documented.",supported,"The retrieved source confirms 2007, so the claim is supported.",train
tc-03429,elements_number,Phosphorus is element number 15.,Phosphorus is the chemical element with atomic number 15.,supported,The evidence directly supports the claim: it gives 15.,train
tc-03430,events,"In 1991, the Soviet Union was dissolved.",Reference note: Historical records show that the Soviet Union was dissolved in 1991.,supported,"The evidence states 1991, which matches the claim.",train
tc-03431,capitals,Bulgaria's capital is Riyadh.,The capital of Bulgaria is Sofia. This is widely documented.,unsupported,"The source states Sofia. The claim says Riyadh, which does not match.",train
tc-03432,books,Animal Farm was written by George Orwell.,Textbook summary: Animal Farm is a book by George Orwell.,supported,"The evidence states George Orwell, which matches the claim.",train
tc-03433,science,Diamond is the hardest naturally occurring material.,Sources disagree. Source A: The hardest naturally occurring material is Diamond. Source B: The hardest naturally occurring material is Quartz.,uncertain,"Sources disagree (Diamond versus Quartz), so the claim cannot be confirmed.",train
tc-03434,capitals,The capital of Zambia is Lusaka.,Lusaka is the capital city of Zambia.,supported,"The retrieved source confirms Lusaka, so the claim is supported.",val
tc-03435,elements_number,Argon has 18 protons in its nucleus.,"Textbook summary: In the periodic table, Argon occupies position 18.",supported,"The retrieved source confirms 18, so the claim is supported.",train
tc-03436,elements_symbol,Ne is the symbol of the element Hydrogen.,Textbook summary: The element Hydrogen is represented by the symbol H.,unsupported,"The evidence gives H, not Ne, so the claim is contradicted.",val
tc-03437,events,Alexander Fleming discovered penicillin in the year 1926.,Reference note: Historical records show that Alexander Fleming discovered penicillin in 1928.,unsupported,Retrieved evidence contradicts the claim: the correct value is 1928.,train
tc-03438,books,The Divine Comedy was written by Dante Alighieri.,Dante Alighieri wrote The Divine Comedy. This is widely documented.,supported,The evidence directly supports the claim: it gives Dante Alighieri.,train
tc-03439,geography,Australia is a country in Oceania.,Australia is part of Oceania. This is widely documented.,supported,"The retrieved source confirms Oceania, so the claim is supported.",train
tc-03440,events,Sputnik 1 was launched in 1957.,Reference note: The year 2002 is when euro banknotes and coins entered circulation.,uncertain,The evidence is insufficient to confirm or contradict the claim.,train
tc-03441,events,Nelson Mandela was released from prison in the year 1997.,Textbook summary: Historical records show that Nelson Mandela was released from prison in 1990.,unsupported,Retrieved evidence contradicts the claim: the correct value is 1990.,train
tc-03442,capitals,The capital of Libya is Bratislava.,Reference note: Reference works list Tripoli as the capital of Libya.,unsupported,"The source states Tripoli. The claim says Bratislava, which does not match.",train
tc-03443,events,The Great Fire of London broke out in 1665.,Textbook summary: The year 1666 is when the Great Fire of London broke out.,unsupported,Retrieved evidence contradicts the claim: the correct value is 1666.,train
tc-03444,capitals,Vilnius is the capital city of Lithuania.,Lithuania is a country whose capital city is Vilnius. This is widely documented.,supported,"The retrieved source confirms Vilnius, so the claim is supported.",train
tc-03445,events,"In 2010, the first iPhone was released.",Historical records show that the first iPhone was released in 2007. This is widely documented.,unsupported,"The source states 2007. The claim says 2010, which does not match.",train
tc-03446,events,"In 2023, the United Kingdom held its Brexit referendum.",Historical records show that the United Kingdom held its Brexit referendum in 2016.,unsupported,"The source states 2016. The claim says 2023, which does not match.",train
tc-03447,formulas,Water has the formula H2O.,Ammonia has the chemical formula NH3.,uncertain,"The retrieved text does not mention what the claim asserts, so it cannot be confirmed.",train
tc-03448,capitals,Estonia's capital is Ulaanbaatar.,Estonia is a country whose capital city is Tallinn.,unsupported,"The source states Tallinn. The claim says Ulaanbaatar, which does not match.",train
tc-03449,elements_number,Titanium is element number 2.,Textbook summary: Iron is the chemical element with atomic number 26.,uncertain,The evidence is about a different subject and does not address this claim.,train
tc-03450,elements_symbol,Na is the symbol of the element Sodium.,Sodium is abbreviated Na in the periodic table. This is widely documented.,supported,"The retrieved source confirms Na, so the claim is supported.",train
tc-03451,capitals,Tokyo is the capital city of Japan.,Reference note: Tokyo is the capital city of Japan.,supported,"The evidence states Tokyo, which matches the claim.",train
tc-03452,elements_symbol,The chemical symbol for Platinum is Mn.,Reference note: The standard chemical symbol for Platinum is Pt.,unsupported,"The source states Pt. The claim says Mn, which does not match.",train
tc-03453,events,The American Civil War began in the year 1865.,Textbook summary: The year 1861 is when the American Civil War began.,unsupported,"The source states 1861. The claim says 1865, which does not match.",train
tc-03454,formulas,Water has the formula CO2.,Reference note: Sulfur dioxide has the chemical formula SO2.,uncertain,"The retrieved text does not mention what the claim asserts, so it cannot be confirmed.",train
tc-03455,elements_number,Cobalt is element number 6.,"Textbook summary: In the periodic table, Cobalt occupies position 27.",unsupported,"The evidence gives 27, not 6, so the claim is contradicted.",train
tc-03456,capitals,The capital of Ireland is Luanda.,One source says: Reference works list Dublin as the capital of Ireland. Another source says: The capital of Ireland is Luanda.,uncertain,Conflicting evidence means this claim cannot be marked supported or unsupported.,train
tc-03457,books,1984 was written by George Orwell.,The work 1984 was authored by George Orwell. This is widely documented.,supported,"The retrieved source confirms George Orwell, so the claim is supported.",train
tc-03458,capitals,The capital of Sweden is Quito.,The capital of Sweden is Stockholm. This is widely documented.,unsupported,"The evidence gives Stockholm, not Quito, so the claim is contradicted.",train
tc-03459,events,The Berlin Wall was built in 1952.,Textbook summary: The year 1986 is when the Chernobyl nuclear disaster occurred.,uncertain,The evidence is about a different subject and does not address this claim.,val
tc-03460,geography,South Korea is in Oceania.,South Korea is part of Asia.,unsupported,Retrieved evidence contradicts the claim: the correct value is Asia.,train
tc-03461,geography,Brazil is in South America.,"Geographically, Spain lies on the continent of Europe.",uncertain,The evidence is insufficient to confirm or contradict the claim.,train
tc-03462,elements_number,The atomic number of Platinum is 78.,Textbook summary: Platinum is the chemical element with atomic number 78.,supported,"The retrieved source confirms 78, so the claim is supported.",train
tc-03463,capitals,Baghdad is the capital city of Iraq.,Reference works list Baghdad as the capital of Iraq.,supported,"The retrieved source confirms Baghdad, so the claim is supported.",train
tc-03464,books,Don Quixote was written by Miguel de Cervantes.,Sources disagree. Source A: Miguel de Cervantes wrote Don Quixote. Source B: Don Quixote is a book by William Shakespeare.,uncertain,Conflicting evidence means this claim cannot be marked supported or unsupported.,train
tc-03465,capitals,Harare is the capital city of Romania.,One source says: Romania is a country whose capital city is Bucharest. Another source says: Harare is the capital city of Romania.,uncertain,Conflicting evidence means this claim cannot be marked supported or unsupported.,val
tc-03466,planets,Mercury is the second planet from the Sun.,"In order of distance from the Sun, Mars comes fourth. This is widely documented.",uncertain,"The retrieved text does not mention what the claim asserts, so it cannot be confirmed.",train
tc-03467,geography,Mexico is a country in Oceania.,Mexico is part of North America.,unsupported,Retrieved evidence contradicts the claim: the correct value is North America.,train
tc-03468,geography,Uruguay is a country in Europe.,Canada is part of North America. This is widely documented.,uncertain,"The retrieved text does not mention what the claim asserts, so it cannot be confirmed.",train
tc-03469,events,Nelson Mandela was released from prison in 1995.,The year 1990 is when Nelson Mandela was released from prison. This is widely documented.,unsupported,Retrieved evidence contradicts the claim: the correct value is 1990.,train
tc-03470,events,The Cuban Missile Crisis took place in 1964.,Historical records show that the Cuban Missile Crisis took place in 1962.,unsupported,Retrieved evidence contradicts the claim: the correct value is 1962.,val
tc-03471,elements_number,The atomic number of Calcium is 20.,An atom of Calcium contains 20 protons. This is widely documented.,supported,"The evidence states 20, which matches the claim.",train
tc-03472,elements_number,The atomic number of Manganese is 25.,Reference note: An atom of Manganese contains 25 protons.,supported,The evidence directly supports the claim: it gives 25.,val
tc-03473,capitals,The capital of Finland is Paris.,Prague is the capital city of the Czech Republic. This is widely documented.,uncertain,The evidence is insufficient to confirm or contradict the claim.,train
tc-03474,capitals,The capital of Russia is Moscow.,Sources disagree. Source A: Russia is a country whose capital city is Moscow. Source B: Reference works list Warsaw as the capital of Russia.,uncertain,"The evidence conflicts, giving both Moscow and Warsaw.",test
tc-03475,capitals,Uruguay's capital is Montevideo.,The capital of Uruguay is Montevideo. This is widely documented.,supported,The evidence directly supports the claim: it gives Montevideo.,train
tc-03476,events,"In 1914, the Panama Canal opened.","Textbook summary: Euro banknotes and coins entered circulation in 2002, according to standard histories.",uncertain,"The retrieved text does not mention what the claim asserts, so it cannot be confirmed.",train
tc-03477,books,Animal Farm was written by Miguel de Cervantes.,Textbook summary: George Orwell wrote Animal Farm.,unsupported,"The source states George Orwell. The claim says Miguel de Cervantes, which does not match.",train
tc-03478,elements_symbol,Co is the symbol of the element Boron.,The element Boron is represented by the symbol B.,unsupported,"The source states B. The claim says Co, which does not match.",val
tc-03479,events,"In 1776, the United States Declaration of Independence was adopted.",The year 1776 is when the United States Declaration of Independence was adopted. This is widely documented.,supported,"The retrieved source confirms 1776, so the claim is supported.",train
tc-03480,geography,Argentina is a country in North America.,Argentina is located in South America. This is widely documented.,unsupported,"The source states South America. The claim says North America, which does not match.",train
tc-03481,events,Apollo 11 landed the first humans on the Moon in the year 1969.,The year 1969 is when Apollo 11 landed the first humans on the Moon. This is widely documented.,supported,"The evidence states 1969, which matches the claim.",train
tc-03482,events,The first modern Olympic Games were held in Athens in the year 1887.,Reference note: The year 1896 is when the first modern Olympic Games were held in Athens.,unsupported,"The source states 1896. The claim says 1887, which does not match.",test
tc-03483,elements_symbol,The chemical symbol for Beryllium is Be.,Textbook summary: The element Beryllium is represented by the symbol Be.,supported,"The evidence states Be, which matches the claim.",train
tc-03484,events,The Apollo 13 mission suffered an oxygen tank explosion in 1972.,Conflicting reports. First report: The year 1970 is when the Apollo 13 mission suffered an oxygen tank explosion. Second report: The year 1972 is when the Apollo 13 mission suffered an oxygen tank explosion.,uncertain,"Sources disagree (1970 versus 1972), so the claim cannot be confirmed.",train
tc-03485,capitals,Paris is the capital city of New Zealand.,Textbook summary: Reference works list Harare as the capital of Zimbabwe.,uncertain,The evidence is insufficient to confirm or contradict the claim.,train
tc-03486,geography,New Zealand is in South America.,"Sources disagree. Source A: New Zealand is part of Oceania. Source B: Geographically, New Zealand lies on the continent of South America.",uncertain,Conflicting evidence means this claim cannot be marked supported or unsupported.,val
tc-03487,events,The French Revolution began in 1789.,Historical records show that the Wall Street Crash began in 1929.,uncertain,The evidence is insufficient to confirm or contradict the claim.,train
tc-03488,capitals,Sofia is the capital city of Bulgaria.,Bulgaria is a country whose capital city is Sofia. This is widely documented.,supported,"The evidence states Sofia, which matches the claim.",train
tc-03489,capitals,The capital of Austria is Vienna.,Austria is a country whose capital city is Vienna.,supported,The evidence directly supports the claim: it gives Vienna.,train
tc-03490,events,World War II ended in 1945.,The year 1945 is when World War II ended. This is widely documented.,supported,The evidence directly supports the claim: it gives 1945.,train
tc-03491,capitals,The capital of Saudi Arabia is Riyadh.,Textbook summary: Saudi Arabia is a country whose capital city is Riyadh.,supported,"The retrieved source confirms Riyadh, so the claim is supported.",test
tc-03492,capitals,The capital of Zambia is Lusaka.,One source says: Reference works list Lusaka as the capital of Zambia. Another source says: Kuala Lumpur is the capital city of Zambia.,uncertain,"The evidence conflicts, giving both Lusaka and Kuala Lumpur.",val
tc-03493,events,The Cuban Missile Crisis took place in the year 1962.,Textbook summary: Historical records show that the Cuban Missile Crisis took place in 1962.,supported,The evidence directly supports the claim: it gives 1962.,val
tc-03494,capitals,The capital of Canada is Ottawa.,Conflicting reports. First report: The capital of Canada is Ottawa. Second report: The capital of Canada is Harare.,uncertain,"The evidence conflicts, giving both Ottawa and Harare.",train
tc-03495,books,Mary Shelley is the author of Frankenstein.,Frankenstein is a book by Mary Shelley.,supported,The evidence directly supports the claim: it gives Mary Shelley.,train
tc-03496,elements_symbol,He is the symbol of the element Lead.,Calcium is abbreviated Ca in the periodic table.,uncertain,"The retrieved text does not mention what the claim asserts, so it cannot be confirmed.",train
tc-03497,events,The Wall Street Crash began in 1929.,Reference note: Historical records show that the Wall Street Crash began in 1929.,supported,"The evidence states 1929, which matches the claim.",train
tc-03498,elements_number,Cobalt has 27 protons in its nucleus.,An atom of Cobalt contains 27 protons. This is widely documented.,supported,The evidence directly supports the claim: it gives 27.,train
tc-03499,events,Euro banknotes and coins entered circulation in 2004.,"Conflicting reports. First report: Historical records show that euro banknotes and coins entered circulation in 2002. Second report: Euro banknotes and coins entered circulation in 2004, according to standard histories.",uncertain,Conflicting evidence means this claim cannot be marked supported or unsupported.,train
tc-03500,elements_number,Helium is element number 17.,"Reference note: In the periodic table, Helium occupies position 2.",unsupported,"The evidence gives 2, not 17, so the claim is contradicted.",train
tc-03501,events,"In 1898, the first modern Olympic Games were held in Athens.",Reference note: Historical records show that the first modern Olympic Games were held in Athens in 1896.,unsupported,"The evidence gives 1896, not 1898, so the claim is contradicted.",test
tc-03502,science,A leap year has 365 days.,A leap year in the Gregorian calendar contains 366 days.,unsupported,Retrieved evidence contradicts the claim: the correct value is 366 days.,train
tc-03503,events,King John sealed the Magna Carta in 1215.,Textbook summary: Historical records show that King John sealed the Magna Carta in 1215.,supported,"The evidence states 1215, which matches the claim.",train
tc-03504,elements_symbol,Li is the symbol of the element Lithium.,The element Lithium is represented by the symbol Li. This is widely documented.,supported,"The evidence states Li, which matches the claim.",test
tc-03505,elements_number,The atomic number of Magnesium is 12.,"In the periodic table, Magnesium occupies position 12.",supported,"The evidence states 12, which matches the claim.",train
tc-03506,books,The author of Crime and Punishment is Dante Alighieri.,To Kill a Mockingbird is a book by Harper Lee. This is widely documented.,uncertain,The evidence is about a different subject and does not address this claim.,train
tc-03507,elements_number,The atomic number of Sodium is 24.,Reference note: Sodium is the chemical element with atomic number 11.,unsupported,"The source states 11. The claim says 24, which does not match.",train
tc-03508,science,The largest ocean on Earth is the Indian Ocean.,"By area, the Pacific Ocean is the largest ocean on Earth.",unsupported,"The evidence gives Pacific Ocean, not Indian Ocean, so the claim is contradicted.",train
tc-03509,capitals,Angola's capital is Berlin.,Textbook summary: Bogota is the capital city of Colombia.,uncertain,The evidence is insufficient to confirm or contradict the claim.,train
tc-03510,elements_symbol,Co is the symbol of the element Sulfur.,The element Sulfur is represented by the symbol S.,unsupported,"The source states S. The claim says Co, which does not match.",train
tc-03511,capitals,China's capital is Beijing.,The capital of China is Beijing.,supported,"The evidence states Beijing, which matches the claim.",train
tc-03512,planets,Mars is the fourth planet from the Sun.,"Reference note: In order of distance from the Sun, Mars comes fourth.",supported,"The evidence states fourth, which matches the claim.",train
tc-03513,elements_number,Chlorine is element number 2.,"Textbook summary: In the periodic table, Silver occupies position 47.",uncertain,The evidence is about a different subject and does not address this claim.,train
tc-03514,events,World War II ended in the year 1945.,"World War II ended in 1945, according to standard histories.",supported,"The retrieved source confirms 1945, so the claim is supported.",train
tc-03515,elements_symbol,The chemical symbol for Sodium is Na.,Textbook summary: The standard chemical symbol for Calcium is Ca.,uncertain,"The retrieved text does not mention what the claim asserts, so it cannot be confirmed.",train
tc-03516,events,Christopher Columbus made his first voyage across the Atlantic in 1488.,Reference note: The year 1492 is when Christopher Columbus made his first voyage across the Atlantic.,unsupported,"The evidence gives 1492, not 1488, so the claim is contradicted.",train
tc-03517,capitals,Sweden's capital is Santiago.,Stockholm is the capital city of Sweden. This is widely documented.,unsupported,"The evidence gives Stockholm, not Santiago, so the claim is contradicted.",train
tc-03518,formulas,Sulfuric acid has the formula H2SO4.,"One source says: In chemistry, sulfuric acid is written as H2SO4. Another source says: In chemistry, sulfuric acid is written as HCl.",uncertain,Conflicting evidence means this claim cannot be marked supported or unsupported.,train
tc-03519,geography,Poland is a country in Africa.,"One source says: Poland is part of Europe. Another source says: Geographically, Poland lies on the continent of Africa.",uncertain,"The evidence conflicts, giving both Europe and Africa.",test
tc-03520,capitals,The capital of Germany is Berlin.,Reference note: Berlin is the capital city of Germany.,supported,The evidence directly supports the claim: it gives Berlin.,train
tc-03521,capitals,The capital of Canada is Ottawa.,Reference note: The capital of Canada is Ottawa.,supported,"The evidence states Ottawa, which matches the claim.",train
tc-03522,science,"Mount Everest rises about 6,900 metres above sea level.","Sources disagree. Source A: The official height of Mount Everest is about 8,849 metres above sea level. Source B: The official height of Mount Everest is about 6,900 metres above sea level.",uncertain,"Sources disagree (8,849 metres versus 6,900 metres), so the claim cannot be confirmed.",val
tc-03523,events,"In 1919, Alexander Fleming discovered penicillin.","Reference note: The Eiffel Tower was completed in 1889, according to standard histories.",uncertain,The evidence is insufficient to confirm or contradict the claim.,train
tc-03524,geography,Ghana lies on the continent of Africa.,Reference note: Ghana is located in Africa.,supported,"The retrieved source confirms Africa, so the claim is supported.",train
tc-03525,events,The Statue of Liberty was dedicated in 1886.,The year 1886 is when the Statue of Liberty was dedicated.,supported,"The evidence states 1886, which matches the claim.",train
tc-03526,elements_number,Boron has 5 protons in its nucleus.,Reference note: Boron is the chemical element with atomic number 5.,supported,The evidence directly supports the claim: it gives 5.,val
tc-03527,capitals,Hanoi is the capital city of Ireland.,Reference note: Reference works list Dublin as the capital of Ireland.,unsupported,Retrieved evidence contradicts the claim: the correct value is Dublin.,train
tc-03528,formulas,HNO3 is the formula for nitric acid.,"Textbook summary: In chemistry, nitric acid is written as HNO3.",supported,"The retrieved source confirms HNO3, so the claim is supported.",train
tc-03529,events,The United States Declaration of Independence was adopted in the year 1772.,Historical records show that the United States Declaration of Independence was adopted in 1776.,unsupported,"The source states 1776. The claim says 1772, which does not match.",train
tc-03530,planets,Jupiter is the fifth planet from the Sun.,Textbook summary: Jupiter is the fifth planet from the Sun in the Solar System.,supported,"The evidence states fifth, which matches the claim.",train
tc-03531,elements_symbol,Zn is the symbol of the element Lithium.,Conflicting reports. First report: Lithium is abbreviated Li in the periodic table. Second report: The standard chemical symbol for Lithium is Zn.,uncertain,"The evidence conflicts, giving both Li and Zn.",test
tc-03532,geography,Senegal is in Oceania.,Senegal is located in Africa. This is widely documented.,unsupported,"The evidence gives Africa, not Oceania, so the claim is contradicted.",test
tc-03533,capitals,The capital of Argentina is Bogota.,One source says: The capital of Argentina is Buenos Aires. Another source says: Argentina is a country whose capital city is Bogota.,uncertain,"The evidence conflicts, giving both Buenos Aires and Bogota.",train
tc-03534,planets,Uranus is the seventh planet from the Sun.,One source says: Uranus is the seventh planet from the Sun in the Solar System. Another source says: Uranus is the second planet from the Sun in the Solar System.,uncertain,Conflicting evidence means this claim cannot be marked supported or unsupported.,train
tc-03535,books,The author of Brave New World is Aldous Huxley.,Conflicting reports. First report: Aldous Huxley wrote Brave New World. Second report: Brave New World is a book by George Orwell.,uncertain,"The evidence conflicts, giving both Aldous Huxley and George Orwell.",train
tc-03536,events,"In 1860, the Suez Canal opened.",The year 1947 is when India gained independence from British rule.,uncertain,The evidence is about a different subject and does not address this claim.,train
tc-03537,events,The Wall Street Crash began in 1932.,Textbook summary: Historical records show that the Wall Street Crash began in 1929.,unsupported,Retrieved evidence contradicts the claim: the correct value is 1929.,train
tc-03538,capitals,The capital of Latvia is Ottawa.,One source says: Riga is the capital city of Latvia. Another source says: Ottawa is the capital city of Latvia.,uncertain,"The evidence conflicts, giving both Riga and Ottawa.",train
tc-03539,capitals,Ukraine's capital is Montevideo.,Ukraine is a country whose capital city is Kyiv. This is widely documented.,unsupported,"The source states Kyiv. The claim says Montevideo, which does not match.",test
tc-03540,capitals,The capital of Kazakhstan is Abuja.,Kazakhstan is a country whose capital city is Astana.,unsupported,"The source states Astana. The claim says Abuja, which does not match.",train
tc-03541,capitals,The capital of New Zealand is Wellington.,Textbook summary: Wellington is the capital city of New Zealand.,supported,"The evidence states Wellington, which matches the claim.",train
tc-03542,books,Dracula was written by Bram Stoker.,Reference note: Bram Stoker wrote Dracula.,supported,The evidence directly supports the claim: it gives Bram Stoker.,train
tc-03543,books,The author of Things Fall Apart is Chinua Achebe.,The work Things Fall Apart was authored by Chinua Achebe.,supported,The evidence directly supports the claim: it gives Chinua Achebe.,train
tc-03544,books,The author of War and Peace is Plato.,Textbook summary: The Wealth of Nations is a book by Adam Smith.,uncertain,"The retrieved text does not mention what the claim asserts, so it cannot be confirmed.",train
tc-03545,events,The Cuban Missile Crisis took place in 1962.,Reference note: Historical records show that the Cuban Missile Crisis took place in 1962.,supported,"The retrieved source confirms 1962, so the claim is supported.",val
tc-03546,formulas,Table salt has the formula NaCl.,Reference note: Table salt has the chemical formula NaCl.,supported,"The evidence states NaCl, which matches the claim.",train
tc-03547,capitals,Ulaanbaatar is the capital city of Ecuador.,Quito is the capital city of Ecuador. This is widely documented.,unsupported,Retrieved evidence contradicts the claim: the correct value is Quito.,train
tc-03548,elements_symbol,The chemical symbol for Iron is H.,Chromium is abbreviated Cr in the periodic table. This is widely documented.,uncertain,The evidence is about a different subject and does not address this claim.,test
tc-03549,books,Beloved was written by Toni Morrison.,Reference note: Toni Morrison wrote Beloved.,supported,"The retrieved source confirms Toni Morrison, so the claim is supported.",test
tc-03550,planets,Saturn is the fourth planet from the Sun.,"Sources disagree. Source A: In order of distance from the Sun, Saturn comes sixth. Source B: In order of distance from the Sun, Saturn comes fourth.",uncertain,"The evidence conflicts, giving both sixth and fourth.",test
tc-03551,capitals,Zagreb is the capital city of Libya.,Tripoli is the capital city of Libya. This is widely documented.,unsupported,"The evidence gives Tripoli, not Zagreb, so the claim is contradicted.",train
tc-03552,capitals,Belgium's capital is Brussels.,Sources disagree. Source A: Belgium is a country whose capital city is Brussels. Source B: The capital of Belgium is Brasilia.,uncertain,"Sources disagree (Brussels versus Brasilia), so the claim cannot be confirmed.",train
tc-03553,science,The human heart has four chambers.,Textbook summary: The human heart is divided into four chambers.,supported,"The retrieved source confirms four chambers, so the claim is supported.",train
tc-03554,books,Gabriel Garcia Marquez is the author of Moby-Dick.,Textbook summary: Herman Melville wrote Moby-Dick.,unsupported,"The evidence gives Herman Melville, not Gabriel Garcia Marquez, so the claim is contradicted.",train
tc-03555,formulas,CO is the formula for carbon dioxide.,The standard formula for carbon dioxide is CO2. This is widely documented.,unsupported,"The source states CO2. The claim says CO, which does not match.",train
tc-03556,capitals,The capital of Zambia is Lima.,Reference note: Zambia is a country whose capital city is Lusaka.,unsupported,"The source states Lusaka. The claim says Lima, which does not match.",val
tc-03557,science,Sound travels through air at 20 degrees Celsius at about 343 metres per second.,"By area, the Pacific Ocean is the largest ocean on Earth.",uncertain,The evidence is insufficient to confirm or contradict the claim.,train
tc-03558,geography,Canada is in Asia.,"Geographically, Canada lies on the continent of North America.",unsupported,"The source states North America. The claim says Asia, which does not match.",train
tc-03559,capitals,The Czech Republic's capital is Helsinki.,Conflicting reports. First report: Reference works list Prague as the capital of the Czech Republic. Second report: Helsinki is the capital city of the Czech Republic.,uncertain,Conflicting evidence means this claim cannot be marked supported or unsupported.,val
tc-03560,events,Christopher Columbus made his first voyage across the Atlantic in the year 1492.,"Reference note: Christopher Columbus made his first voyage across the Atlantic in 1492, according to standard histories.",supported,The evidence directly supports the claim: it gives 1492.,train
tc-03561,elements_symbol,F is the symbol of the element Fluorine.,Reference note: The element Fluorine is represented by the symbol F.,supported,"The evidence states F, which matches the claim.",train
tc-03562,books,Jane Eyre was written by Charlotte Bronte.,Charlotte Bronte wrote Jane Eyre. This is widely documented.,supported,The evidence directly supports the claim: it gives Charlotte Bronte.,train
tc-03563,events,The Suez Canal opened in 1869.,The year 1869 is when the Suez Canal opened.,supported,"The retrieved source confirms 1869, so the claim is supported.",train
tc-03564,formulas,Water has the formula SO2.,"Reference note: In chemistry, water is written as H2O.",unsupported,"The source states H2O. The claim says SO2, which does not match.",train
tc-03565,elements_number,The atomic number of Tin is 50.,Titanium is the chemical element with atomic number 22.,uncertain,The evidence is insufficient to confirm or contradict the claim.,val
tc-03566,formulas,Baking soda has the formula NaHCO3.,Baking soda has the chemical formula NaHCO3.,supported,The evidence directly supports the claim: it gives NaHCO3.,train
tc-03567,books,Victor Hugo is the author of Les Miserables.,Les Miserables is a book by Victor Hugo. This is widely documented.,supported,The evidence directly supports the claim: it gives Victor Hugo.,train
tc-03568,elements_number,The atomic number of Neon is 10.,"One source says: Neon is the chemical element with atomic number 10. Another source says: In the periodic table, Neon occupies position 11.",uncertain,"Sources disagree (10 versus 11), so the claim cannot be confirmed.",train
tc-03569,events,The Hubble Space Telescope was launched in the year 1990.,Historical records show that the Hubble Space Telescope was launched in 1990. This is widely documented.,supported,"The evidence states 1990, which matches the claim.",test
tc-03570,events,"In 2004, the United Kingdom held its Brexit referendum.","Conflicting reports. First report: The United Kingdom held its Brexit referendum in 2016, according to standard histories. Second report: The year 2004 is when the United Kingdom held its Brexit referendum.",uncertain,Conflicting evidence means this claim cannot be marked supported or unsupported.,train
tc-03571,events,Christopher Columbus made his first voyage across the Atlantic in 1480.,"Reference note: Euro banknotes and coins entered circulation in 2002, according to standard histories.",uncertain,The evidence is insufficient to confirm or contradict the claim.,train
tc-03572,capitals,The capital of Australia is Canberra.,Reference works list Canberra as the capital of Australia. This is widely documented.,supported,"The retrieved source confirms Canberra, so the claim is supported.",train
tc-03573,elements_number,Lead is element number 82.,"Textbook summary: In the periodic table, Lead occupies position 82.",supported,"The evidence states 82, which matches the claim.",val
tc-03574,capitals,Kazakhstan's capital is Berlin.,Reference note: Reference works list Buenos Aires as the capital of Argentina.,uncertain,The evidence is about a different subject and does not address this claim.,train
tc-03575,science,Water boils at 100 degrees Celsius at standard sea-level pressure.,"Sources disagree. Source A: At standard atmospheric pressure at sea level, water boils at 100 degrees Celsius. Source B: At standard atmospheric pressure at sea level, water boils at 90 degrees Celsius.",uncertain,Conflicting evidence means this claim cannot be marked supported or unsupported.,test
tc-03576,capitals,Tripoli is the capital city of Libya.,Textbook summary: Zambia is a country whose capital city is Lusaka.,uncertain,The evidence is insufficient to confirm or contradict the claim.,train
tc-03577,capitals,The capital of Angola is Luanda.,Angola is a country whose capital city is Luanda. This is widely documented.,supported,"The evidence states Luanda, which matches the claim.",train
tc-03578,formulas,The chemical formula of sulfuric acid is NH3.,Textbook summary: The standard formula for sulfuric acid is H2SO4.,unsupported,"The evidence gives H2SO4, not NH3, so the claim is contradicted.",train
tc-03579,planets,Mercury is the first planet from the Sun.,"In order of distance from the Sun, Mercury comes first. This is widely documented.",supported,"The evidence states first, which matches the claim.",train
tc-03580,elements_number,Beryllium has 10 protons in its nucleus.,Beryllium is the chemical element with atomic number 4. This is widely documented.,unsupported,"The evidence gives 4, not 10, so the claim is contradicted.",train
tc-03581,elements_symbol,Ne is the symbol of the element Neon.,Neon is abbreviated Ne in the periodic table. This is widely documented.,supported,"The retrieved source confirms Ne, so the claim is supported.",train
tc-03582,capitals,The capital of India is Seoul.,New Delhi is the capital city of India. This is widely documented.,unsupported,"The source states New Delhi. The claim says Seoul, which does not match.",test
tc-03583,geography,Chile is in Africa.,Textbook summary: Chile is located in South America.,unsupported,"The evidence gives South America, not Africa, so the claim is contradicted.",train
tc-03584,events,The United Kingdom held its Brexit referendum in 2016.,"The United Kingdom held its Brexit referendum in 2016, according to standard histories. This is widely documented.",supported,"The retrieved source confirms 2016, so the claim is supported.",train
tc-03585,elements_symbol,The chemical symbol for Lead is P.,The standard chemical symbol for Lead is Pb.,unsupported,"The source states Pb. The claim says P, which does not match.",train
tc-03586,capitals,Riyadh is the capital city of Hungary.,Reference note: The capital of Hungary is Budapest.,unsupported,"The evidence gives Budapest, not Riyadh, so the claim is contradicted.",train
tc-03587,elements_number,Silver has 47 protons in its nucleus.,"Reference note: In the periodic table, Silver occupies position 47.",supported,"The retrieved source confirms 47, so the claim is supported.",train
tc-03588,capitals,Paris is the capital city of Lithuania.,Reference note: Reference works list Stockholm as the capital of Sweden.,uncertain,The evidence is insufficient to confirm or contradict the claim.,train
tc-03589,elements_number,Boron has 5 protons in its nucleus.,"In the periodic table, Iron occupies position 26.",uncertain,"The retrieved text does not mention what the claim asserts, so it cannot be confirmed.",val
tc-03590,elements_number,Titanium has 9 protons in its nucleus.,Textbook summary: Titanium is the chemical element with atomic number 22.,unsupported,Retrieved evidence contradicts the claim: the correct value is 22.,train
tc-03591,geography,Ecuador lies on the continent of Europe.,Reference note: Ecuador is part of South America.,unsupported,"The source states South America. The claim says Europe, which does not match.",train
tc-03592,capitals,The capital of Chile is Santiago.,Reference note: Chile is a country whose capital city is Santiago.,supported,"The evidence states Santiago, which matches the claim.",train
tc-03593,elements_symbol,Sn is the symbol of the element Tin.,Textbook summary: The element Tin is represented by the symbol Sn.,supported,"The retrieved source confirms Sn, so the claim is supported.",train
tc-03594,geography,Colombia lies on the continent of South America.,South Korea is located in Asia.,uncertain,"The retrieved text does not mention what the claim asserts, so it cannot be confirmed.",train
tc-03595,events,India gained independence from British rule in 1938.,Textbook summary: Historical records show that Sputnik 1 was launched in 1957.,uncertain,"The retrieved text does not mention what the claim asserts, so it cannot be confirmed.",train
tc-03596,formulas,The chemical formula of ethanol is CO2.,The standard formula for ethanol is C2H5OH.,unsupported,"The evidence gives C2H5OH, not CO2, so the claim is contradicted.",train
tc-03597,books,The author of Brave New World is Chinua Achebe.,Textbook summary: The work Brave New World was authored by Aldous Huxley.,unsupported,"The evidence gives Aldous Huxley, not Chinua Achebe, so the claim is contradicted.",train
tc-03598,capitals,Ukraine's capital is Harare.,Kyiv is the capital city of Ukraine.,unsupported,"The source states Kyiv. The claim says Harare, which does not match.",test
tc-03599,elements_number,The atomic number of Nickel is 28.,Textbook summary: Nickel is the chemical element with atomic number 28.,supported,"The evidence states 28, which matches the claim.",train
tc-03600,elements_number,Boron is element number 5.,Boron is the chemical element with atomic number 5.,supported,"The evidence states 5, which matches the claim.",val
tc-03601,events,The Apollo 13 mission suffered an oxygen tank explosion in the year 1970.,"The Apollo 13 mission suffered an oxygen tank explosion in 1970, according to standard histories. This is widely documented.",supported,The evidence directly supports the claim: it gives 1970.,train
tc-03602,formulas,Hydrochloric acid has the formula HCl.,"Conflicting reports. First report: Hydrochloric acid has the chemical formula HCl. Second report: In chemistry, hydrochloric acid is written as HNO3.",uncertain,"The evidence conflicts, giving both HCl and HNO3.",train
tc-03603,events,The Chernobyl nuclear disaster occurred in 1986.,Historical records show that the Chernobyl nuclear disaster occurred in 1986. This is widely documented.,supported,"The retrieved source confirms 1986, so the claim is supported.",train
tc-03604,elements_number,Oxygen has 8 protons in its nucleus.,Reference note: An atom of Oxygen contains 8 protons.,supported,"The retrieved source confirms 8, so the claim is supported.",train
tc-03605,books,The Hobbit was written by Victor Hugo.,Textbook summary: J. R. R. Tolkien wrote The Hobbit.,unsupported,Retrieved evidence contradicts the claim: the correct value is J. R. R. Tolkien.,train
tc-03606,events,The first iPhone was released in the year 2007.,Historical records show that the first iPhone was released in 2007.,supported,"The retrieved source confirms 2007, so the claim is supported.",train
tc-03607,elements_symbol,The chemical symbol for Iodine is Ar.,The standard chemical symbol for Iodine is I.,unsupported,Retrieved evidence contradicts the claim: the correct value is I.,train
tc-03608,books,Plato is the author of The Trial.,The work Things Fall Apart was authored by Chinua Achebe. This is widely documented.,uncertain,The evidence is insufficient to confirm or contradict the claim.,train
tc-03609,formulas,Hydrochloric acid has the formula H2O.,Reference note: The standard formula for ammonia is NH3.,uncertain,The evidence is about a different subject and does not address this claim.,train
tc-03610,capitals,The capital of the Czech Republic is Harare.,Reference note: The capital of the Czech Republic is Prague.,unsupported,"The evidence gives Prague, not Harare, so the claim is contradicted.",val
tc-03611,planets,Venus is the second planet from the Sun.,Saturn is the sixth planet from the Sun in the Solar System. This is widely documented.,uncertain,The evidence is insufficient to confirm or contradict the claim.,train
tc-03612,capitals,The capital of Ukraine is Kyiv.,Reference works list Kyiv as the capital of Ukraine. This is widely documented.,supported,"The retrieved source confirms Kyiv, so the claim is supported.",test
tc-03613,events,The Great Fire of London broke out in 1667.,Historical records show that the Great Fire of London broke out in 1666. This is widely documented.,unsupported,Retrieved evidence contradicts the claim: the correct value is 1666.,train
tc-03614,formulas,The chemical formula of baking soda is NaHCO3.,Baking soda has the chemical formula NaHCO3. This is widely documented.,supported,The evidence directly supports the claim: it gives NaHCO3.,train
tc-03615,elements_symbol,Ag is the symbol of the element Lithium.,Reference note: The standard chemical symbol for Lithium is Li.,unsupported,"The evidence gives Li, not Ag, so the claim is contradicted.",test
tc-03616,geography,Australia is in Europe.,Textbook summary: Sweden is part of Europe.,uncertain,"The retrieved text does not mention what the claim asserts, so it cannot be confirmed.",train
tc-03617,elements_symbol,The chemical symbol for Cobalt is H.,Textbook summary: The element Uranium is represented by the symbol U.,uncertain,The evidence is about a different subject and does not address this claim.,train
tc-03618,science,Humans typically have 23 pairs of chromosomes.,Sources disagree. Source A: A typical human cell contains 23 pairs of chromosomes. Source B: A typical human cell contains 20 pairs of chromosomes.,uncertain,"Sources disagree (23 pairs of chromosomes versus 20 pairs of chromosomes), so the claim cannot be confirmed.",train
tc-03619,books,The Republic was written by Bram Stoker.,Textbook summary: The work The Republic was authored by Plato.,unsupported,"The evidence gives Plato, not Bram Stoker, so the claim is contradicted.",train
tc-03620,books,Dracula was written by Leo Tolstoy.,Textbook summary: Dracula is a book by Bram Stoker.,unsupported,Retrieved evidence contradicts the claim: the correct value is Bram Stoker.,train
tc-03621,capitals,The capital of Brazil is Paris.,Reference note: Copenhagen is the capital city of Denmark.,uncertain,The evidence is about a different subject and does not address this claim.,train
tc-03622,elements_number,Iodine is element number 18.,"Reference note: In the periodic table, Iodine occupies position 53.",unsupported,"The evidence gives 53, not 18, so the claim is contradicted.",test
tc-03623,elements_number,The atomic number of Gold is 25.,An atom of Gold contains 79 protons. This is widely documented.,unsupported,"The source states 79. The claim says 25, which does not match.",train
tc-03624,capitals,Venezuela's capital is Abuja.,Sources disagree. Source A: The capital of Venezuela is Caracas. Source B: The capital of Venezuela is Abuja.,uncertain,"Sources disagree (Caracas versus Abuja), so the claim cannot be confirmed.",train
tc-03625,events,"In 2004, the first iPhone was released.",The year 2007 is when the first iPhone was released.,unsupported,"The evidence gives 2007, not 2004, so the claim is contradicted.",train
tc-03626,books,The author of The Great Gatsby is Adam Smith.,Textbook summary: F. Scott Fitzgerald wrote The Great Gatsby.,unsupported,"The source states F. Scott Fitzgerald. The claim says Adam Smith, which does not match.",val
tc-03627,books,Plato is the author of The Trial.,The work Hamlet was authored by William Shakespeare. This is widely documented.,uncertain,The evidence is about a different subject and does not address this claim.,train
tc-03628,geography,Poland lies on the continent of Europe.,"Geographically, Pakistan lies on the continent of Asia.",uncertain,The evidence is about a different subject and does not address this claim.,test
tc-03629,elements_symbol,S is the symbol of the element Sulfur.,Textbook summary: The standard chemical symbol for Sulfur is S.,supported,The evidence directly supports the claim: it gives S.,train
tc-03630,geography,Finland lies on the continent of Europe.,Finland is located in Europe. This is widely documented.,supported,"The evidence states Europe, which matches the claim.",train
tc-03631,science,Humans typically have 23 pairs of chromosomes.,The Solar System contains eight recognised planets.,uncertain,The evidence is insufficient to confirm or contradict the claim.,train
tc-03632,events,The Curiosity rover landed on Mars in 2012.,"The Curiosity rover landed on Mars in 2012, according to standard histories. This is widely documented.",supported,"The evidence states 2012, which matches the claim.",val
tc-03633,science,Earth takes about 300 days to orbit the Sun.,One orbit of Earth around the Sun takes about 365 days.,unsupported,"The source states 365 days. The claim says 300 days, which does not match.",train
tc-03634,geography,South Korea is a country in Europe.,"Sources disagree. Source A: Geographically, South Korea lies on the continent of Asia. Source B: South Korea is located in Europe.",uncertain,Conflicting evidence means this claim cannot be marked supported or unsupported.,train
tc-03635,events,The first modern Olympic Games were held in Athens in the year 1896.,Textbook summary: The year 1896 is when the first modern Olympic Games were held in Athens.,supported,"The retrieved source confirms 1896, so the claim is supported.",test
tc-03636,capitals,The capital of Colombia is Bogota.,One source says: The capital of Colombia is Bogota. Another source says: Colombia is a country whose capital city is Paris.,uncertain,"Sources disagree (Bogota versus Paris), so the claim cannot be confirmed.",train
tc-03637,events,Nelson Mandela was released from prison in 1990.,"Sources disagree. Source A: Nelson Mandela was released from prison in 1990, according to standard histories. Source B: Historical records show that Nelson Mandela was released from prison in 1994.",uncertain,"The evidence conflicts, giving both 1990 and 1994.",train
tc-03638,planets,Neptune is the eighth planet from the Sun.,"In order of distance from the Sun, Neptune comes eighth.",supported,"The evidence states eighth, which matches the claim.",train
tc-03639,elements_number,Lithium is element number 3.,"Textbook summary: In the periodic table, Lithium occupies position 3.",supported,"The retrieved source confirms 3, so the claim is supported.",val
tc-03640,events,"In 1884, the Eiffel Tower was completed.",Textbook summary: Historical records show that the Eiffel Tower was completed in 1889.,unsupported,Retrieved evidence contradicts the claim: the correct value is 1889.,train
tc-03641,capitals,The capital of Germany is Riga.,Conflicting reports. First report: The capital of Germany is Berlin. Second report: The capital of Germany is Riga.,uncertain,"The evidence conflicts, giving both Berlin and Riga.",train
tc-03642,formulas,The chemical formula of glucose is HNO3.,"Textbook summary: In chemistry, glucose is written as C6H12O6.",unsupported,Retrieved evidence contradicts the claim: the correct value is C6H12O6.,train
tc-03643,events,The Battle of Hastings was fought in the year 1068.,Textbook summary: Historical records show that the Battle of Hastings was fought in 1066.,unsupported,"The source states 1066. The claim says 1068, which does not match.",train
tc-03644,elements_symbol,Mg is the symbol of the element Magnesium.,The element Magnesium is represented by the symbol Mg.,supported,"The evidence states Mg, which matches the claim.",test
tc-03645,events,The atomic bomb was dropped on Hiroshima in the year 1933.,"World War I began in 1914, according to standard histories. This is widely documented.",uncertain,The evidence is about a different subject and does not address this claim.,train
tc-03646,science,Water boils at 90 degrees Celsius at standard sea-level pressure.,"At standard atmospheric pressure at sea level, water boils at 100 degrees Celsius. This is widely documented.",unsupported,"The evidence gives 100 degrees Celsius, not 90 degrees Celsius, so the claim is contradicted.",test
tc-03647,capitals,The Netherlands's capital is Amsterdam.,Seoul is the capital city of South Korea.,uncertain,The evidence is insufficient to confirm or contradict the claim.,train
tc-03648,planets,Mars is the fourth planet from the Sun.,"In order of distance from the Sun, Mercury comes first. This is widely documented.",uncertain,"The retrieved text does not mention what the claim asserts, so it cannot be confirmed.",train
tc-03649,elements_symbol,Zn is the symbol of the element Mercury.,One source says: The element Mercury is represented by the symbol Hg. Another source says: Mercury is abbreviated Zn in the periodic table.,uncertain,"The evidence conflicts, giving both Hg and Zn.",test
tc-03650,elements_number,Sodium is element number 79.,"In the periodic table, Sodium occupies position 11. This is widely documented.",unsupported,"The source states 11. The claim says 79, which does not match.",train
tc-03651,elements_symbol,Ca is the symbol of the element Calcium.,The standard chemical symbol for Calcium is Ca. This is widely documented.,supported,The evidence directly supports the claim: it gives Ca.,train
tc-03652,planets,"Counting outward from the Sun, Earth is the third planet.",One source says: Earth is the third planet from the Sun in the Solar System. Another source says: Earth is the fourth planet from the Sun in the Solar System.,uncertain,"The evidence conflicts, giving both third and fourth.",train
tc-03653,geography,Germany lies on the continent of Europe.,Germany is located in Europe. This is widely documented.,supported,"The retrieved source confirms Europe, so the claim is supported.",train
tc-03654,capitals,Afghanistan's capital is Islamabad.,Conflicting reports. First report: Afghanistan is a country whose capital city is Kabul. Second report: The capital of Afghanistan is Islamabad.,uncertain,"The evidence conflicts, giving both Kabul and Islamabad.",test
tc-03655,elements_number,The atomic number of Oxygen is 53.,"Reference note: In the periodic table, Oxygen occupies position 8.",unsupported,"The source states 8. The claim says 53, which does not match.",train
tc-03656,events,"In 1881, the Statue of Liberty was dedicated.",Reference note: The year 1886 is when the Statue of Liberty was dedicated.,unsupported,Retrieved evidence contradicts the claim: the correct value is 1886.,train
tc-03657,elements_symbol,The chemical symbol for Iodine is I.,Textbook summary: The element Iodine is represented by the symbol I.,supported,"The retrieved source confirms I, so the claim is supported.",train
tc-03658,geography,Canada lies on the continent of North America.,"Geographically, Canada lies on the continent of North America.",supported,The evidence directly supports the claim: it gives North America.,train
tc-03659,formulas,H2SO4 is the formula for sulfuric acid.,The standard formula for sulfuric acid is H2SO4.,supported,"The retrieved source confirms H2SO4, so the claim is supported.",train
tc-03660,events,"In 1954, World War II ended.",Reference note: Historical records show that World War II ended in 1945.,unsupported,Retrieved evidence contradicts the claim: the correct value is 1945.,train
tc-03661,elements_number,The atomic number of Iron is 26.,"In the periodic table, Iron occupies position 26.",supported,"The evidence states 26, which matches the claim.",train
tc-03662,elements_number,The atomic number of Uranium is 92.,Reference note: Uranium is the chemical element with atomic number 92.,supported,"The evidence states 92, which matches the claim.",train
tc-03663,capitals,The capital of Switzerland is Bern.,The capital of Switzerland is Bern. This is widely documented.,supported,The evidence directly supports the claim: it gives Bern.,val
tc-03664,elements_symbol,The chemical symbol for Argon is Ar.,Textbook summary: Argon is abbreviated Ar in the periodic table.,supported,"The retrieved source confirms Ar, so the claim is supported.",train
tc-03665,capitals,Morocco's capital is Stockholm.,Conflicting reports. First report: Rabat is the capital city of Morocco. Second report: Morocco is a country whose capital city is Stockholm.,uncertain,"The evidence conflicts, giving both Rabat and Stockholm.",val
tc-03666,capitals,Saudi Arabia's capital is Kuala Lumpur.,Textbook summary: Saudi Arabia is a country whose capital city is Riyadh.,unsupported,"The source states Riyadh. The claim says Kuala Lumpur, which does not match.",test
tc-03667,elements_number,Tungsten has 74 protons in its nucleus.,Reference note: An atom of Tungsten contains 74 protons.,supported,"The evidence states 74, which matches the claim.",train
tc-03668,events,The Berlin Wall was built in 1961.,Reference note: Historical records show that the Berlin Wall was built in 1961.,supported,"The evidence states 1961, which matches the claim.",val
tc-03669,capitals,The capital of Austria is Dublin.,Reference works list Vienna as the capital of Austria.,unsupported,Retrieved evidence contradicts the claim: the correct value is Vienna.,train
tc-03670,events,The Treaty of Versailles was signed in 1919.,The year 1919 is when the Treaty of Versailles was signed. This is widely documented.,supported,The evidence directly supports the claim: it gives 1919.,train
tc-03671,capitals,The capital of Switzerland is Bern.,Sources disagree. Source A: Switzerland is a country whose capital city is Bern. Source B: Switzerland is a country whose capital city is Lusaka.,uncertain,Conflicting evidence means this claim cannot be marked supported or unsupported.,val
tc-03672,elements_number,The atomic number of Lithium is 3.,Textbook summary: Lithium is the chemical element with atomic number 3.,supported,"The retrieved source confirms 3, so the claim is supported.",val
tc-03673,elements_symbol,The chemical symbol for Tin is Cu.,Reference note: The standard chemical symbol for Tin is Sn.,unsupported,Retrieved evidence contradicts the claim: the correct value is Sn.,train
tc-03674,books,The Great Gatsby was written by Plato.,Reference note: Pride and Prejudice is a book by Jane Austen.,uncertain,"The retrieved text does not mention what the claim asserts, so it cannot be confirmed.",val
tc-03675,elements_number,Beryllium has 53 protons in its nucleus.,Beryllium is the chemical element with atomic number 4.,unsupported,"The source states 4. The claim says 53, which does not match.",train
tc-03676,events,"In 1953, the Cuban Missile Crisis took place.","The United Kingdom held its Brexit referendum in 2016, according to standard histories. This is widely documented.",uncertain,The evidence is insufficient to confirm or contradict the claim.,val
tc-03677,events,The first modern Olympic Games were held in Athens in the year 1896.,Reference note: The year 1896 is when the first modern Olympic Games were held in Athens.,supported,"The evidence states 1896, which matches the claim.",test
tc-03678,capitals,Harare is the capital city of Zimbabwe.,Reference note: Reference works list Harare as the capital of Zimbabwe.,supported,"The evidence states Harare, which matches the claim.",train
tc-03679,events,"In 1910, the Titanic sank.",Reference note: Historical records show that the Titanic sank in 1912.,unsupported,"The evidence gives 1912, not 1910, so the claim is contradicted.",train
tc-03680,geography,Vietnam lies on the continent of North America.,"Reference note: Geographically, Vietnam lies on the continent of Asia.",unsupported,"The source states Asia. The claim says North America, which does not match.",train
tc-03681,science,"Light travels through a vacuum at about 299,792 kilometres per second.",Reference note: The most abundant gas in Earth's atmosphere is Nitrogen.,uncertain,The evidence is insufficient to confirm or contradict the claim.,train
tc-03682,science,Pi is approximately 3.41.,One source says: The mathematical constant pi is approximately 3.14159. Another source says: The mathematical constant pi is approximately 3.41.,uncertain,"Sources disagree (3.14159 versus 3.41), so the claim cannot be confirmed.",train
tc-03683,capitals,Zambia's capital is Paris.,Textbook summary: Reference works list Buenos Aires as the capital of Argentina.,uncertain,The evidence is insufficient to confirm or contradict the claim.,val
tc-03684,events,The Wright brothers made their first powered flight in the year 1915.,Textbook summary: The year 1903 is when the Wright brothers made their first powered flight.,unsupported,Retrieved evidence contradicts the claim: the correct value is 1903.,test
tc-03685,elements_number,Gold has 79 protons in its nucleus.,An atom of Gold contains 79 protons. This is widely documented.,supported,"The retrieved source confirms 79, so the claim is supported.",train
tc-03686,events,The Wall Street Crash began in the year 1917.,"Textbook summary: World War I began in 1914, according to standard histories.",uncertain,"The retrieved text does not mention what the claim asserts, so it cannot be confirmed.",train
tc-03687,capitals,The capital of Greece is Athens.,Textbook summary: Rabat is the capital city of Morocco.,uncertain,"The retrieved text does not mention what the claim asserts, so it cannot be confirmed.",train
tc-03688,science,Graphite is the hardest naturally occurring material.,"At standard pressure, water freezes at 0 degrees Celsius. This is widely documented.",uncertain,"The retrieved text does not mention what the claim asserts, so it cannot be confirmed.",train
tc-03689,geography,Pakistan is a country in South America.,Textbook summary: Pakistan is located in Asia.,unsupported,Retrieved evidence contradicts the claim: the correct value is Asia.,train
tc-03690,elements_number,Chlorine is element number 17.,An atom of Chlorine contains 17 protons. This is widely documented.,supported,"The evidence states 17, which matches the claim.",train
tc-03691,geography,Uruguay lies on the continent of Oceania.,Textbook summary: Uruguay is located in South America.,unsupported,"The source states South America. The claim says Oceania, which does not match.",train
tc-03692,events,The United Kingdom held its Brexit referendum in 2016.,"The United Kingdom held its Brexit referendum in 2016, according to standard histories.",supported,The evidence directly supports the claim: it gives 2016.,train
tc-03693,science,Earth takes about 365 days to orbit the Sun.,One orbit of Earth around the Sun takes about 365 days. This is widely documented.,supported,The evidence directly supports the claim: it gives 365 days.,train
tc-03694,geography,Peru is in South America.,Conflicting reports. First report: Peru is located in South America. Second report: Peru is part of Asia.,uncertain,"The evidence conflicts, giving both South America and Asia.",train
tc-03695,elements_number,Sulfur is element number 2.,"Reference note: In the periodic table, Uranium occupies position 92.",uncertain,The evidence is insufficient to confirm or contradict the claim.,train
tc-03696,capitals,The capital of Saudi Arabia is Vilnius.,Riyadh is the capital city of Saudi Arabia.,unsupported,Retrieved evidence contradicts the claim: the correct value is Riyadh.,test
tc-03697,capitals,Australia's capital is Canberra.,Reference works list Canberra as the capital of Australia. This is widely documented.,supported,"The retrieved source confirms Canberra, so the claim is supported.",train
tc-03698,formulas,The chemical formula of nitric acid is HNO3.,The standard formula for nitric acid is HNO3.,supported,"The retrieved source confirms HNO3, so the claim is supported.",train
tc-03699,capitals,Uganda's capital is Kabul.,Kampala is the capital city of Uganda.,unsupported,Retrieved evidence contradicts the claim: the correct value is Kampala.,train
tc-03700,capitals,The capital of the Netherlands is Copenhagen.,Reference note: Reference works list Amsterdam as the capital of the Netherlands.,unsupported,"The evidence gives Amsterdam, not Copenhagen, so the claim is contradicted.",train
tc-03701,capitals,The capital of Iran is Tehran.,Tehran is the capital city of Iran. This is widely documented.,supported,The evidence directly supports the claim: it gives Tehran.,train
tc-03702,capitals,The capital of Bangladesh is Dhaka.,Dhaka is the capital city of Bangladesh.,supported,"The retrieved source confirms Dhaka, so the claim is supported.",train
tc-03703,capitals,Kathmandu is the capital city of Lithuania.,Reference note: Lithuania is a country whose capital city is Vilnius.,unsupported,Retrieved evidence contradicts the claim: the correct value is Vilnius.,train
tc-03704,capitals,Mexico's capital is Tallinn.,Mexico City is the capital city of Mexico.,unsupported,"The evidence gives Mexico City, not Tallinn, so the claim is contradicted.",train
tc-03705,geography,Japan is a country in Africa.,"Textbook summary: Geographically, Japan lies on the continent of Asia.",unsupported,Retrieved evidence contradicts the claim: the correct value is Asia.,train
tc-03706,capitals,The capital of Sweden is Stockholm.,Sweden is a country whose capital city is Stockholm. This is widely documented.,supported,"The retrieved source confirms Stockholm, so the claim is supported.",train
tc-03707,elements_number,Magnesium has 12 protons in its nucleus.,Reference note: Magnesium is the chemical element with atomic number 12.,supported,"The retrieved source confirms 12, so the claim is supported.",train
tc-03708,geography,Ecuador lies on the continent of Europe.,Ecuador is located in South America. This is widely documented.,unsupported,"The evidence gives South America, not Europe, so the claim is contradicted.",train
tc-03709,events,World War I began in the year 1914.,"Reference note: World War I began in 1914, according to standard histories.",supported,"The evidence states 1914, which matches the claim.",train
tc-03710,capitals,Thailand's capital is Bangkok.,Textbook summary: The capital of Thailand is Bangkok.,supported,"The evidence states Bangkok, which matches the claim.",val
tc-03711,books,The author of Moby-Dick is Herman Melville.,Herman Melville wrote Moby-Dick.,supported,The evidence directly supports the claim: it gives Herman Melville.,train
tc-03712,elements_symbol,Ti is the symbol of the element Titanium.,The element Hydrogen is represented by the symbol H. This is widely documented.,uncertain,"The retrieved text does not mention what the claim asserts, so it cannot be confirmed.",val
tc-03713,events,The Battle of Hastings was fought in 1064.,"Textbook summary: The Battle of Hastings was fought in 1066, according to standard histories.",unsupported,"The source states 1066. The claim says 1064, which does not match.",train
tc-03714,formulas,The chemical formula of ozone is CH4.,"Conflicting reports. First report: The standard formula for ozone is O3. Second report: In chemistry, ozone is written as CH4.",uncertain,Conflicting evidence means this claim cannot be marked supported or unsupported.,train
tc-03715,events,"In 1945, World War II ended.",Reference note: Historical records show that World War II ended in 1945.,supported,"The evidence states 1945, which matches the claim.",train
tc-03716,capitals,Chile's capital is Santiago.,The capital of Chile is Santiago.,supported,The evidence directly supports the claim: it gives Santiago.,train
tc-03717,books,Emily Bronte is the author of Wuthering Heights.,The work Wuthering Heights was authored by Emily Bronte.,supported,"The evidence states Emily Bronte, which matches the claim.",train
tc-03718,elements_number,The atomic number of Oxygen is 17.,Conflicting reports. First report: An atom of Oxygen contains 8 protons. Second report: An atom of Oxygen contains 17 protons.,uncertain,"The evidence conflicts, giving both 8 and 17.",train
tc-03719,science,Nitrogen is the most abundant gas in Earth's atmosphere.,One source says: The most abundant gas in Earth's atmosphere is Nitrogen. Another source says: The most abundant gas in Earth's atmosphere is Carbon dioxide.,uncertain,"The evidence conflicts, giving both Nitrogen and Carbon dioxide.",val
tc-03720,elements_number,Aluminium has 13 protons in its nucleus.,Sources disagree. Source A: Aluminium is the chemical element with atomic number 13. Source B: Aluminium is the chemical element with atomic number 47.,uncertain,"The evidence conflicts, giving both 13 and 47.",train
tc-03721,capitals,Paris is the capital city of Chile.,Textbook summary: Kuala Lumpur is the capital city of Malaysia.,uncertain,The evidence is insufficient to confirm or contradict the claim.,train
tc-03722,capitals,The capital of Norway is Riyadh.,Textbook summary: Norway is a country whose capital city is Oslo.,unsupported,Retrieved evidence contradicts the claim: the correct value is Oslo.,train
tc-03723,planets,"Counting outward from the Sun, Jupiter is the second planet.",Uranus is the seventh planet from the Sun in the Solar System. This is widely documented.,uncertain,"The retrieved text does not mention what the claim asserts, so it cannot be confirmed.",train
tc-03724,books,Plato is the author of The Republic.,The Republic is a book by Plato.,supported,"The evidence states Plato, which matches the claim.",train
tc-03725,events,The French Revolution began in the year 1780.,Reference note: The year 1215 is when King John sealed the Magna Carta.,uncertain,"The retrieved text does not mention what the claim asserts, so it cannot be confirmed.",train
tc-03726,capitals,Zambia's capital is Lusaka.,Conflicting reports. First report: Zambia is a country whose capital city is Lusaka. Second report: The capital of Zambia is Stockholm.,uncertain,Conflicting evidence means this claim cannot be marked supported or unsupported.,val
tc-03727,books,Les Miserables was written by Victor Hugo.,Reference note: Hamlet is a book by William Shakespeare.,uncertain,"The retrieved text does not mention what the claim asserts, so it cannot be confirmed.",train
tc-03728,elements_number,The atomic number of Cobalt is 1.,Textbook summary: An atom of Silver contains 47 protons.,uncertain,The evidence is insufficient to confirm or contradict the claim.,train
tc-03729,capitals,France's capital is Paris.,Paris is the capital city of France.,supported,"The retrieved source confirms Paris, so the claim is supported.",train
tc-03730,events,The Soviet Union was dissolved in the year 1994.,"Reference note: The Soviet Union was dissolved in 1991, according to standard histories.",unsupported,"The evidence gives 1991, not 1994, so the claim is contradicted.",train
tc-03731,elements_number,Sodium has 11 protons in its nucleus.,Aluminium is the chemical element with atomic number 13.,uncertain,The evidence is about a different subject and does not address this claim.,train
tc-03732,events,King John sealed the Magna Carta in 1215.,Reference note: Historical records show that King John sealed the Magna Carta in 1215.,supported,"The retrieved source confirms 1215, so the claim is supported.",train
tc-03733,elements_symbol,The chemical symbol for Nitrogen is N.,The element Nitrogen is represented by the symbol N. This is widely documented.,supported,"The evidence states N, which matches the claim.",train
tc-03734,capitals,The capital of Austria is Tashkent.,Vienna is the capital city of Austria. This is widely documented.,unsupported,"The evidence gives Vienna, not Tashkent, so the claim is contradicted.",train
tc-03735,elements_number,The atomic number of Neon is 16.,Neon is the chemical element with atomic number 10. This is widely documented.,unsupported,"The source states 10. The claim says 16, which does not match.",train
tc-03736,planets,Venus is the third planet from the Sun.,"In order of distance from the Sun, Uranus comes seventh.",uncertain,The evidence is insufficient to confirm or contradict the claim.,train
tc-03737,books,The author of The Divine Comedy is Homer.,Reference note: Moby-Dick is a book by Herman Melville.,uncertain,The evidence is about a different subject and does not address this claim.,train
tc-03738,capitals,Angola's capital is Abuja.,Textbook summary: The capital of Angola is Luanda.,unsupported,Retrieved evidence contradicts the claim: the correct value is Luanda.,train
tc-03739,elements_number,Boron has 25 protons in its nucleus.,Textbook summary: An atom of Boron contains 5 protons.,unsupported,"The evidence gives 5, not 25, so the claim is contradicted.",val
tc-03740,elements_symbol,The chemical symbol for Chromium is Co.,One source says: The element Chromium is represented by the symbol Cr. Another source says: Chromium is abbreviated Co in the periodic table.,uncertain,"Sources disagree (Cr versus Co), so the claim cannot be confirmed.",test
tc-03741,capitals,The capital of New Zealand is Wellington.,Reference note: New Zealand is a country whose capital city is Wellington.,supported,"The retrieved source confirms Wellington, so the claim is supported.",train
tc-03742,capitals,Australia's capital is Wellington.,Reference note: Australia is a country whose capital city is Canberra.,unsupported,"The source states Canberra. The claim says Wellington, which does not match.",train
tc-03743,capitals,Kazakhstan's capital is Berlin.,Reference note: Afghanistan is a country whose capital city is Kabul.,uncertain,"The retrieved text does not mention what the claim asserts, so it cannot be confirmed.",train
tc-03744,elements_number,Gold is element number 80.,An atom of Gold contains 79 protons. This is widely documented.,unsupported,Retrieved evidence contradicts the claim: the correct value is 79.,train
tc-03745,events,"In 1981, Apollo 11 landed the first humans on the Moon.",Reference note: The year 1969 is when Apollo 11 landed the first humans on the Moon.,unsupported,Retrieved evidence contradicts the claim: the correct value is 1969.,train
tc-03746,capitals,Quito is the capital city of Ecuador.,One source says: The capital of Ecuador is Quito. Another source says: The capital of Ecuador is Brasilia.,uncertain,Conflicting evidence means this claim cannot be marked supported or unsupported.,train
tc-03747,capitals,Mexico City is the capital city of Mexico.,Reference note: Mexico is a country whose capital city is Mexico City.,supported,"The retrieved source confirms Mexico City, so the claim is supported.",train
tc-03748,events,Euro banknotes and coins entered circulation in the year 2011.,"Textbook summary: Euro banknotes and coins entered circulation in 2002, according to standard histories.",unsupported,"The evidence gives 2002, not 2011, so the claim is contradicted.",train
tc-03749,formulas,C2H5OH is the formula for ethanol.,Ethanol has the chemical formula C2H5OH. This is widely documented.,supported,"The evidence states C2H5OH, which matches the claim.",train
tc-03750,formulas,Baking soda has the formula NaCl.,Textbook summary: Baking soda has the chemical formula NaHCO3.,unsupported,Retrieved evidence contradicts the claim: the correct value is NaHCO3.,train